predicted_utilization,congestion_probability,expected_charging_load
0.358039192660076,0,52.51
0.248033188023598,0,74.1
0.279993706450776,0,40.665
0.367434528075912,0,50.505
0.308085733715606,0,64.975
0.972216360764925,0.985,44.135
0.317972601429071,0,47.155
0.147983793902352,0,74.08
0.934312096032797,0.995,69.145
0.21805480831422,0,81.535
0.217393652910527,0,75.645
0.206644822557116,0,76.095
0.387272129903738,0,67.35
0.324349092472071,0,79.54
0.287686302533249,0,61.995
0.212964172112275,0,57.4
0.326963684713346,0,96.335
0.30897515861892,0,52.51
0.376959767609398,0,48.095
0.368899306902711,0,60.05
0.432354581881229,0,59.49
0.978125769400468,1,59.12
0.148418452219991,0.005,56.46
0.979241421045948,1,51.85
0.595922693760546,0.005,46.12
0.318778189722081,0.005,54.115
0.97162482439028,0.995,64.365
0.42469657379903,0.01,57.595
0.536338169020038,0.005,38.515
0.374714628523328,0,33.055
0.987020899491262,0.995,14.765
0.175453396871927,0,14.87
0.532233921076239,0,15.395
0.568766388281835,0.005,16.975
0.982674601387032,1,14.35
0.983044955781426,0.99,13.845
0.17175271011711,0,15.805
0.582388927041281,0.005,11.62
0.505335989363456,0.01,7.68
0.97527234642733,0.995,25.82
0.641459916140279,0.005,29.28
0.986421813988056,0.97,29.135
0.453702184866333,0.005,19.6
0.597845607182592,0,24
0.483185378789941,0,81.19
0.643883421835135,0.005,60.03
0.492744585475014,0.005,65.825
0.948426464640511,0.995,27.24
0.989396234479632,0.99,29.565
0.975926614859358,0.995,20.79
0.451547866376378,0.01,19.12
0.983990057603069,0.99,20.05
0.160922806779721,0.005,34.86
0.393299415548771,0.01,8.365
0.976282803035685,0.995,12
0.986588744749539,1,4.765
0.42137499209301,0,41.3
0.968459621499282,0.975,71.26
0.949868410259295,0.985,74.44
0.28882632407242,0,54.08
0.213324498929129,0,58.555
0.495479849805529,0,44.09
0.34228606697231,0,83.105
0.963624965925842,0.995,61.115
0.359001977583002,0,76.565
0.280688698461416,0,55.655
0.305767856548071,0,85.025
0.212068554502973,0,43.66
0.216039636687629,0,65.125
0.209070157873817,0,59.97
0.224636462254573,0,54.365
0.158380584597418,0,83.77
0.234056610449749,0,43.925
0.974314517789469,0.995,49.72
0.971710651850909,1,56.52
0.97255517358968,1,59.16
0.979486127577486,0.995,52.045
0.964657534663977,0.995,48.715
0.297200311406359,0,57.73
0.972623407248292,0.995,43.575
0.298436176214554,0,49.9
0.976546490785017,1,54.025
0.4952767383859,0,24.3
0.551364291489356,0.005,26.295
0.529309360336938,0,30.815
0.395962586003272,0,31.525
0.392990378965183,0.005,7.875
0.373441111071978,0,14.23
0.185718788446092,0.005,18.955
0.181119624403969,0,16.865
0.493071791562477,0,15.8
0.553126242874783,0,16.02
0.386583128695737,0.01,17.915
0.985352143217668,0.975,59.76
0.975002445593474,1,49.82
0.917701557926589,0.98,49.135
0.507814577177139,0,58.925
0.595154602773975,0.005,34.38
0.160996792990738,0.005,39.125
0.984411699134949,0.98,20.365
0.16295485174323,0,7.78
0.97555308605049,0.98,31.085
0.987609973164243,0.985,28.515
0.498801341502198,0.01,39.445
0.979164670929178,1,55.6
0.345197015900498,0,84.69
0.383760352438924,0,37.855
0.218840986504967,0,59.21
0.354926458299852,0,55.7
0.540530152644391,0,63.135
0.919563348555744,0.995,54.05
0.525479161577338,0,42.005
0.219901418765712,0,64.34
0.974946270905147,0.995,51.105
0.951297824612171,0.98,39.845
0.980703403250461,1,58.725
0.456358734459798,0,44.985
0.971978177528257,1,58.465
0.592333561677054,0,42.97
0.231540275793111,0,52.09
0.151930036384744,0,54.405
0.983343789160517,1,40.29
0.371191637967794,0,57.28
0.972326131513864,0.99,63.54
0.475670875427158,0,20.61
0.503929323825434,0.015,14.485
0.522037788484248,0,17.99
0.158177069357686,0,24.84
0.571915256312053,0.01,25.99
0.413681298920435,0.005,7.86
0.351532433507676,0,13.945
0.577554504638428,0.005,21.045
0.980590545897463,0.995,17.485
0.188800959393881,0,18.42
0.971053475806157,0.995,10.88
0.97220478974745,0.99,12.265
0.975214506370108,0.995,18.31
0.337178334895961,0,30.28
0.98473203534061,1,19.65
0.590099712210839,0.005,12.415
0.973459137381637,0.99,27.38
0.984508909262679,0.99,78.64
0.976685208770295,1,21.825
0.985083540242475,0.995,5.93
0.139262842952782,0,33.655
0.976885360322167,0.985,11.6
0.962001145908093,0.99,12.39
0.365239223584965,0.01,7.57
0.98640946729839,0.995,4.825
0.987582864457906,0.99,24.155
0.35182951231044,0.02,31.79
0.9782193289196,0.995,36.215
0.976252567979972,0.995,65.15
0.420697494926201,0,42.235
0.991371821271572,0.995,29.13
0.98867350072388,0.995,33.13
0.965487035263199,0.99,17.475
0.9721872178703,0.995,20.66
0.988224162532462,1,21.895
0.988712992201948,1,16.265
0.544003424361461,0,15.23
0.991268145929235,1,17.335
0.33364302883315,0.005,14.58
0.984344008299613,1,8.905
0.941825869928363,0.995,15.695
0.452065174976879,0.005,22.6
0.954291375577935,0.99,25.44
0.986097956389716,0.995,17.01
0.984327576448,0.99,17.71
0.977568032019116,0.97,13.56
0.556591560780629,0,17.215
0.615693059757981,0.01,27.655
0.370074008387297,0.01,17.825
0.966321755902002,0.97,23.45
0.559385342989598,0.01,36.695
0.97086496599945,0.99,32.945
0.988420015303676,0.995,11.99
0.943094474907187,0.98,10.8
0.991557289738123,0.995,27.385
0.989143444156085,1,19.17
0.964652743767801,0.995,20.705
0.485157438243692,0.015,16.615
0.540054451063136,0.01,15.595
0.974171671932538,1,7.72
0.979048762474962,0.995,12.325
0.396521084396448,0.015,14.53
0.966967065142576,0.995,22.715
0.479578550606678,0.015,19.38
0.989944360519556,1,18.825
0.986417567987993,0.995,21.595
0.961271729256424,1,13.39
0.988920818990768,1,15.405
0.956828688483287,1,13.85
0.490694496311869,0.01,15.905
0.987698836168864,0.995,17.295
0.336796452480291,0.005,11.595
0.435147971977058,0.01,9.845
0.977065734584501,1,19.955
0.990025913196202,1,19.67
0.93500691564389,1,31.86
0.397687319947949,0.035,12.225
0.979006932567471,1,21.98
0.985521815522928,0.99,19.195
0.434716588544763,0.005,12.62
0.975577584868196,0.995,7.345
0.984644138477912,0.995,24.745
0.360132942400295,0,68.89
0.368981993252833,0,49.955
0.345489257950211,0,85.885
0.54360608262661,0,59.685
0.932567260005435,1,64.67
0.222392010425981,0,62.95
0.367920856439087,0,60.825
0.14394484634957,0,79.775
0.40524269988181,0.005,66.205
0.9744877979329,0.995,42.43
0.971052040265499,0.99,72.95
0.285508798783771,0,67.49
0.374542789684092,0,62.07
0.374708527901736,0,63.45
0.373779232404688,0,63.965
0.933424375112513,0.98,67.945
0.468159988785972,0,40.58
0.260906069542648,0.005,29.69
0.462279735758929,0,41.49
0.365510870145349,0,42.035
0.964750957816119,1,61.155
0.974837153071585,0.995,35
0.24771095783593,0,50.125
0.494040552694893,0,31.645
0.52239492227502,0.015,27.73
0.155506383237042,0,24.265
0.975711219260062,0.995,25.07
0.136375287916706,0.015,11.045
0.944852169186887,1,17.72
0.456031470728996,0.005,11.805
0.173987610229661,0,8.085
0.984096496859075,1,12.225
0.17680722151276,0.005,14.465
0.972687397242631,0.995,11.735
0.407891658669737,0.01,8.445
0.98790114433072,0.995,8.505
0.985883286894864,0.985,9.905
0.988286486628497,0.99,6
0.527595860760555,0,22.465
0.971830964157875,1,25.09
0.98651190897284,1,29.495
0.414699474483314,0.03,31.375
0.982133604039018,0.995,49.01
0.985796541411391,1,59.1
0.989678161688403,1,45.09
0.98011452907381,0.995,63.575
0.969819691395638,1,86.21
0.4480157595448,0.005,17.4
0.158421248270219,0.005,41.79
0.982064315907737,0.995,5.895
0.967200887018568,0.995,12.105
0.401083299067792,0.005,36.58
0.341554809804734,0,75.37
0.940184250440046,1,77.45
0.310629292692936,0,37.775
0.602037827588262,0,78.22
0.123842662601267,0.01,50.175
0.573813897535721,0.01,65.245
0.989379608178912,1,50.715
0.349028867275406,0,73.865
0.472156851376963,0.005,74.38
0.212740927430637,0,44.015
0.372373148928325,0,69.81
0.273966731058213,0,83.455
0.221501791661604,0,67.21
0.987014432856258,1,64.78
0.465692183912703,0,40.49
0.253209899985361,0,29.31
0.976727061849023,1,59.95
0.975550311899105,1,57.795
0.240119487068549,0,53.055
0.466407131285322,0,46.15
0.414880183434389,0,53.815
0.976668834457302,1,40.255
0.463077687083427,0,47.445
0.963171701345284,1,50.595
0.146592750766159,0,35.43
0.981159088320323,1,22.73
0.96771760839541,0.995,26.02
0.548945237665111,0,20.5
0.965717826192161,0.995,21.285
0.157547563623472,0,18.085
0.566138805467184,0,14.735
0.972617388385107,1,12.945
0.449739187139877,0,17.995
0.991140358716558,0.99,18.305
0.524618034470333,0,14.235
0.182079932478162,0.01,15.94
0.437312716539867,0,13.29
0.553046379383287,0,15.79
0.925488289972443,0.995,77.585
0.595971554372661,0,64.595
0.400485320110647,0.005,15.015
0.988448511270565,1,18.815
0.962025647400355,1,29.115
0.978888913730419,1,18.205
0.963463216614657,1,36.34
0.168611804794082,0.005,31.585
0.987798080444803,0.99,17.365
0.991303709679967,0.995,7.725
0.980997914915024,1,5.645
0.989984382351309,1,8.48
0.978510770195765,0.985,58.905
0.410840850906604,0,48.55
0.979641117623208,1,21.195
0.942313022668097,0.995,79.625
0.984552811578681,1,18.985
0.975470692131353,1,43.365
0.211455140401931,0,40.415
0.578458602293815,0,66.955
0.969786798093848,1,60.135
0.928184022479043,1,59.925
0.974694882258943,1,54.875
0.220329473162276,0,47.71
0.383455922875199,0,81.725
0.975452099155773,1,61.085
0.282639570067007,0,58.58
0.382489165591274,0,66.85
0.97420337059639,1,61.39
0.281395721001161,0,46.495
0.351695016249346,0,74.285
0.309801163083243,0,47.7
0.967668059273016,1,53.065
0.221863807605225,0,82.825
0.971820135828371,1,37.775
0.984417175359461,1,52.85
0.427299866594952,0,66.09
0.360098427584739,0,43.58
0.509184010122657,0,43.44
0.977194977933055,1,40
0.607311417568579,0.005,41.71
0.593015359829822,0,31.04
0.991605107037477,1,15.9
0.353154038138291,0,12.965
0.973671091216214,1,20.895
0.987722405819238,1,11.905
0.967382065808641,1,11.455
0.465042841342169,0,16.555
0.307501927322973,0.01,19.305
0.402330310578039,0.015,10.88
0.984309468847137,0.99,18.74
0.568360433802727,0.005,12.67
0.991769808460087,0.995,14.835
0.532525929368191,0,17.29
0.91308717313993,0.995,12.835
0.394279039151838,0,11.565
0.989424781611511,0.995,68.23
0.614465762059438,0.035,62.855
0.443239060568307,0.015,33.18
0.989409829227974,1,31.54
0.98171850259214,1,65.465
0.969144710444454,0.99,29.355
0.989238709026321,1,30.435
0.344350477817189,0.005,26.26
0.990788777696771,0.985,21.7
0.392940031894331,0.005,10.245
0.182567155461847,0,13.965
0.986988007323795,1,6.255
0.419455242148961,0,18.055
0.410330238180262,0,37.85
0.294533984415606,0,69.705
0.539992572179366,0.005,51.16
0.983649816367075,1,23.405
0.529817954360355,0,59.45
0.392272545447636,0,21.055
0.459198007151615,0.005,28.975
0.290147446027945,0,86.49
0.222015036800824,0,70.855
0.500878476747757,0,57.145
0.371421045888548,0,57.355
0.376169423164061,0,41.065
0.981591261840959,1,79.35
0.3178063549664,0,82.06
0.218944391298782,0,66.36
0.207736142968987,0,63.645
0.382671605104213,0,71.13
0.9893043307432,1,48.815
0.971701767472374,1,64.475
0.14310362113065,0.005,38.035
0.983627283565489,1,73.875
0.146295484024192,0,78.46
0.22116259174804,0,70.86
0.973192534460974,0.995,60.09
0.235659359819018,0,52.49
0.297200311406359,0,61.765
0.992023019000612,1,55.475
0.459193431473153,0,46.045
0.621249809518502,0.005,62.305
0.975389249464077,0.995,48.715
0.469545512724037,0,39.55
0.40924713970479,0,22.905
0.975223074401834,1,18.51
0.963106930462714,0.995,18.69
0.171060180938447,0,15.885
0.981745843322968,1,26.585
0.983944632612359,1,21.07
0.173172534968717,0,13.67
0.973722321783269,1,22.73
0.54704019309485,0,16.61
0.506143490029882,0,16.155
0.976856078083873,1,6.36
0.980962201397196,1,6.795
0.99051146369474,1,10.4
0.983908287997359,0.995,10.675
0.340472832851221,0.015,21.275
0.990926258429625,1,17.935
0.986676710357673,1,27.885
0.987992595377098,1,17.975
0.37486472191682,0,34.385
0.970950263507464,1,29.265
0.985710036316687,1,31.105
0.976272471239492,1,48.395
0.567801817057745,0.005,11.37
0.970381282284705,1,48.65
0.97872563849455,0.995,36.07
0.986342536759108,1,16.66
0.98447436767708,0.99,34.3
0.162806936133629,0,31.84
0.965869183180318,0.965,25.185
0.98815610420684,1,9.42
0.426597684059895,0,17.455
0.989478169475032,1,8.755
0.990608559733406,1,14.67
0.986750455281849,1,38.825
0.209996447833741,0,39.765
0.969630042959786,0.99,45.78
0.96247174062149,1,25.5
0.942864055359903,1,76.245
0.991934509897025,1,24.165
0.462888592604578,0,42.1
0.221874623796816,0,70.345
0.428624903132945,0,53.36
0.983714325642643,1,83.3
0.974298632637358,1,60.375
0.97918842199285,1,44.39
0.219011200001335,0,62.1
0.363894846580634,0,61.845
0.978236280116251,1,42.85
0.914781267813789,1,81.375
0.984126522873819,1,79.695
0.972030559248029,1,50.12
0.429672866435325,0,47.105
0.63278764600132,0.005,67.045
0.952158475644369,1,72.67
0.421947669002156,0,57.265
0.980766329537632,1,40.36
0.978468073209203,1,45.685
0.466143352563196,0,42.415
0.970898173182382,0.99,53.685
0.244677767765635,0,39.605
0.145561451427358,0,52.785
0.353906818856951,0,50.01
0.971441473571857,0.995,66.465
0.990200706427211,1,15.645
0.981521807831809,1,22.205
0.979896812866003,1,17.065
0.507605853376658,0,17.545
0.98325637650245,1,12.71
0.989945422424742,1,21
0.978407255373615,1,16.535
0.989676685859586,1,21.815
0.373402165831925,0,17.04
0.576110646315829,0,13.11
0.257419479923973,0.005,15.295
0.991049789109154,0.99,14.34
0.989591829055956,1,21.34
0.976886048446109,0.985,16.25
0.45560703580049,0.005,14.685
0.468601430639027,0.015,34.9
0.335810250920266,0.01,20.54
0.92320781582426,0.975,51.345
0.959604696516987,1,37.21
0.980733897439957,0.995,33.985
0.979680975539682,0.995,31.865
0.987732146487911,0.995,15.27
0.98579124565749,1,9.51
0.568460331037048,0,7.09
0.379459112515248,0.005,12.315
0.594232704981703,0,7.135
0.287561774377878,0.015,6.365
0.983865218224533,0.985,12.33
0.939855388158619,0.98,10.62
0.348815671550192,0,4.97
0.992100282886682,1,14.935
0.988019131122858,0.995,4.415
0.992432303548684,1,22.99
0.944022088077771,0.985,68.76
0.448326944638411,0.005,42.255
0.990295017604453,1,29.18
0.982924621472165,1,66.355
0.977350847767146,1,79.55
0.971656067786197,0.99,33.15
0.991786145654468,1,44.795
0.971417842063899,1,37.62
0.992099588534345,0.995,17.135
0.423959343776246,0,22.87
0.981818835653251,1,16.115
0.414418309658457,0.01,10.435
0.966951532956848,0.99,11.89
0.990067097695234,1,11.96
0.973508444122937,1,17.51
0.983803037516208,1,15.45
0.588437965248918,0.005,17.1
0.989432434169313,0.995,16.48
0.966245717744771,0.95,13.835
0.991253426052095,1,15.635
0.579576435430256,0,10.03
0.983253403522399,1,16.205
0.526312569153799,0.005,25.38
0.580388131902196,0.005,24.17
0.976027755347306,0.995,19.865
0.990846867670206,1,20.85
0.955197527856775,0.975,33.885
0.992180431192424,1,22.95
0.276989834619633,0.015,5.775
0.97185748872224,0.99,12.255
0.980575995098441,1,7.455
0.96823491636383,0.995,2.235
0.987447051217249,1,85.165
0.975624781720885,0.995,31.885
0.967230077349947,0.99,45.42
0.386001520731601,0,45.965
0.977466266782903,1,25.665
0.992612870064172,1,17.33
0.992541950127959,1,19.685
0.992363879791452,0.995,20.13
0.991374952302705,1,15.845
0.972559951852173,0.995,14.685
0.983842584079836,1,12.415
0.985282291886849,1,21.47
0.972234204994695,1,15.245
0.649934725528033,0.005,12.235
0.979726731151784,0.99,60.655
0.87584283329486,0.99,81.37
0.990233620395721,0.995,18.98
0.983906587924562,1,64.26
0.988801177657927,0.995,26.63
0.975594072657313,0.995,19.055
0.472368694396961,0,22.65
0.993741112165566,1,9.06
0.970890755413783,0.995,14.695
0.980334551580535,0.995,8.335
0.993252315433254,1,8.78
0.46587414323239,0,25.56
0.16866892127101,0,29.775
0.972988763787706,0.995,66.91
0.978905147439588,1,22.75
0.231819184347627,0,26.14
0.370029171819511,0.005,41.405
0.974566214598212,1,42.025
0.96540662256342,1,57.71
0.936040247616215,1,59.43
0.322273689057673,0,81.975
0.145981626297593,0,44.095
0.941473127235981,0.99,83.33
0.145493200159091,0,93.725
0.979436360599829,1,56.265
0.922771973537992,1,65.62
0.972808572888159,1,45.14
0.428385473358507,0,67.425
0.983189422780289,1,72.46
0.970400484143783,1,54.48
0.981394408456672,1,69.965
0.973439709333301,1,46.71
0.453544294992218,0,54.355
0.971758586216799,1,54.855
0.262201261658497,0,13.48
0.539578980917628,0,13.975
0.366578326509945,0,10.92
0.978128059266586,1,8.15
0.171044624928921,0.005,18.255
0.500900850991914,0,19.42
0.316617723590561,0,12.135
0.975385288875017,1,16.18
0.977553526309897,1,15.875
0.993109534799995,0.995,21.345
0.99305702814952,0.995,19.81
0.992951083127078,1,14.875
0.982281336720339,0.995,14.95
0.975183051455442,1,31.6
0.948272325819235,1,30.405
0.897917966911526,1,36.01
0.388320818064881,0.005,10.075
0.571943263977774,0.01,51.97
0.642568584933896,0.015,83.655
0.988574176373711,1,25.505
0.980479282139068,1,64.34
0.960684277202557,1,55.77
0.983822472780065,1,30.87
0.986006659154143,0.995,18.715
0.399942339452875,0,17.56
0.164812917746743,0,39.315
0.415121468015445,0,13.695
0.9847040469366,1,8.7
0.408594568036067,0,12.62
0.990752892182285,0.995,4.39
0.977159155121603,1,23.355
0.987541601568352,0.995,3.51
0.979761221410895,1,5.58
0.979160635549642,0.995,9
0.991791257150175,1,5.455
0.46680434259508,0.005,62.945
0.49158445319382,0.01,29.18
0.424139169562019,0,28.875
0.207172495133838,0,45.535
0.358521545968207,0,47.265
0.941471882234088,1,82.72
0.318012951051446,0,35.82
0.437520857513229,0,21.1
0.936977557898174,1,83.78
0.56210954041051,0,74.55
0.195270948715304,0,66.175
0.983253717356533,1,68.045
0.973195047234856,0.995,40.595
0.977796994210948,1,71.88
0.391912168942606,0,61.71
0.145480223682481,0,95.635
0.486537352732028,0.005,48.245
0.139966375223613,0,76.41
0.157304043055881,0,53.905
0.451674282876279,0,47.045
0.973154993313329,1,26.52
0.298207325623057,0,50.055
0.244341239273093,0,59.515
0.38737553032789,0,49.405
0.968437573348878,0.995,44.01
0.594920545046537,0.01,51.12
0.283340502753374,0,32.61
0.464303290172661,0,46.97
0.387429924871053,0,47.28
0.977112161477727,1,40.515
0.141822110582326,0,50.285
0.580364500920558,0,66.39
0.344333214037622,0,35.355
0.579931453685104,0.015,58.54
0.990979505486558,1,20.935
0.982384167806645,0.995,24.33
0.981785596877741,1,25.365
0.444457472332102,0,20.27
0.983159443310556,1,12.285
0.403427726433005,0,12.675
0.992729313942546,1,16.965
0.628209945667476,0.01,24.645
0.938725587491784,1,7.395
0.52131098610561,0,16.47
0.94980890250169,1,21.385
0.393644636708321,0,27.495
0.494176855113267,0.005,21.96
0.988219650677852,1,10.63
0.959685922310314,1,25.535
0.977169515769144,1,63.275
0.633572925711659,0.005,62.835
0.566823740614626,0.005,52.805
0.989516929725378,1,40.525
0.992196366126551,1,24.845
0.163117415243318,0,32.11
0.966898878031095,0.995,3.53
0.977457690309664,0.995,17.98
0.988925053923287,1,3.3
0.987982629278047,1,39.78
0.35124241555834,0,47.19
0.209647115131637,0,34.39
0.280394476149274,0,40.26
0.161528046470185,0,31.495
0.949559160414121,1,71.92
0.276838607691864,0,41.145
0.972453380862399,1,44.58
0.975569932583865,0.995,45.47
0.983356314340281,1,83.07
0.2955581671408,0,80.1
0.964192677486104,1,62.22
0.216934825868944,0,80.13
0.574906084052384,0,47.57
0.376603698647004,0,67.93
0.146468199642468,0,73.51
0.194558519211696,0,63.425
0.376203890908576,0,71.785
0.337195572008517,0,72.69
0.974262300520924,1,50.265
0.14745678178164,0,94.76
0.624429461008122,0.005,50.69
0.97777490482892,1,23.385
0.985213005692585,1,89.14
0.297970357446252,0,53.9
0.544982425023939,0,49.645
0.637321200294567,0,55.06
0.609719659486709,0,60.595
0.531903621790574,0,60.725
0.981840012688585,1,37.74
0.471545778651394,0,39.285
0.479209783843896,0,41.23
0.971649566230342,1,28.555
0.497957080944146,0.005,9.375
0.496072547714682,0,14.275
0.157041169063263,0.005,24.805
0.975809731480107,1,14.81
0.531266155143509,0,12.56
0.445521472500221,0.005,10.04
0.368963183377262,0,13.2
0.972418041710876,0.995,12.26
0.369043800261551,0,13.2
0.99094859776832,1,5.32
0.984849758338589,1,10.71
0.990334787704413,1,18.385
0.545998136774561,0,12.6
0.984499074433081,1,14.835
0.97166129230536,1,27.485
0.989005807597708,0.995,11.615
0.37719013889529,0,33.635
0.98664598285501,0.995,74.45
0.981658011619073,1,65.495
0.446509004715168,0.005,14.51
0.983968044492996,1,55.435
0.977888157241661,1,65.975
0.510771208472168,0.015,67.27
0.481586794930464,0.005,21.69
0.39362074506744,0,12.27
0.990202042305043,1,22.545
0.976438373485507,1,16.52
0.990692164647162,1,20.595
0.986062964261764,1,13.075
0.229938226458769,0,9.13
0.617670088153506,0,11.055
0.977318365713929,0.98,8.63
0.479165948571723,0,41.335
0.39984641960391,0,24.115
0.959164566264007,1,52.195
0.977137524107177,1,33.225
0.982959010010275,1,27.09
0.946551160578693,0.995,75.235
0.222910143007756,0,66.55
0.39068344217499,0,40.065
0.373705497104012,0,59.965
0.368304010170242,0,58.335
0.145006229907298,0,89.37
0.369899199584139,0,70.755
0.376779522644638,0,67.285
0.984661503330792,1,83.08
0.318313470043686,0,83.42
0.218626928998287,0,62.34
0.970581654304059,1,50.375
0.592102422376438,0,67.96
0.534924718873493,0,58.41
0.146765274557912,0,77.75
0.561489237767479,0.005,59.53
0.301331468719211,0,67.085
0.458140255943368,0,45.22
0.501614080362292,0,52.615
0.971399870655486,1,38.475
0.936747298084552,1,45.175
0.992603860554494,1,62.34
0.463487661604305,0,23.51
0.561037378399912,0,19.89
0.588792435675062,0,26.84
0.533275055907926,0.01,14.62
0.559673369435173,0,16.06
0.408337858521586,0,8.52
0.548809067736895,0,17.365
0.471656504279199,0,22.075
0.429152507473001,0,13.39
0.454768719503723,0,13.72
0.188542846415508,0,12.41
0.426056033959907,0.005,12.97
0.989996343129129,1,8.735
0.918208266524025,1,7.335
0.978596095107357,1,9.155
0.938885365097849,1,20.295
0.97089246828346,1,16.29
0.989587420205272,0.995,11.3
0.99107653709663,1,17.105
0.407567519088174,0,7.14
0.979846055531308,1,43.69
0.981936667730184,1,25.515
0.547682706911864,0.015,73.48
0.985743204180752,1,35.915
0.989758400843619,0.995,12.13
0.506474101482348,0.01,28.08
0.98824214894844,1,8.13
0.991522876507273,1,23.76
0.201891380913017,0.01,15.385
0.508132270261252,0.02,11.965
0.980095306301268,0.995,22.42
0.990571839173775,1,8.68
0.445819502546997,0,19.155
0.987806481191737,1,3.365
0.987291610779673,1,14.24
0.390584181690586,0,43.69
0.970616975549074,1,31.96
0.41227841991558,0,31.3
0.29152852742128,0,50.7
0.550082185952881,0,71.835
0.373937429900341,0,50.98
0.420957622663193,0,69.055
0.625489735204786,0.005,73.585
0.97930379494004,1,67.76
0.97942363375721,1,58.94
0.898312823823827,1,52.59
0.936585969305432,1,78.85
0.458389512539238,0,42.42
0.9756448535302,1,28.645
0.385393873013135,0,57.17
0.218326898972477,0,44.125
0.319636090597155,0,87.05
0.95571147033075,1,68.3
0.164930747897615,0,84.285
0.454974550312763,0,46.1
0.152422161320622,0,62.575
0.991831919226472,0.995,36.695
0.978597204820714,1,40.71
0.430760172846532,0,57.77
0.15066439736239,0,56.775
0.380667633485466,0,56.465
0.235157499345966,0,51.8
0.154990716262595,0,54.825
0.304329710271518,0,57.95
0.558185277065241,0,23.205
0.573466248561411,0,18.43
0.939421994730437,1,22.55
0.157072093275004,0,29.455
0.508418419369442,0,17.4
0.974921207651111,1,18.51
0.560843308821439,0.01,21.03
0.421641972944703,0,10.39
0.98735900893515,1,17.125
0.182511175745035,0,18.52
0.992561176460454,1,16.09
0.442034622748662,0,12.23
0.357928727976754,0.01,21.72
0.487341779056833,0.005,11.17
0.991550068896995,0.99,15.41
0.437859768523091,0.005,25.86
0.967985572287711,1,31.13
0.973610406173832,0.995,18.615
0.976629846234479,0.995,23.11
0.977293922139108,0.995,14.96
0.446602675681292,0,12.43
0.981128315728375,1,31.615
0.450162172624194,0,11.08
0.187573230434302,0.005,13.87
0.338423791057717,0,12.735
0.983488641010994,1,6.94
0.956467439090933,1,1.86
0.990416449766848,1,13.345
0.609017802388092,0,85.01
0.491801677256112,0,45.6
0.408260586046192,0,63.125
0.266925907528666,0.005,72.735
0.392197230143234,0.005,32.77
0.982852205937994,1,40.125
0.975666820241696,0.99,48.06
0.992590911524265,1,17.405
0.982876916601544,0.995,18.995
0.983633633128187,0.975,15.11
0.976281656674344,0.995,22.49
0.97166543418323,0.995,21.755
0.99185834701433,1,16.535
0.967160870063209,0.99,19.805
0.971751926452108,1,15.635
0.98899538405586,1,9.55
0.977837862620828,1,14.65
0.9898739101262,0.985,14.86
0.893044390359055,0.985,12.575
0.976534848121092,0.99,19.835
0.949994218526093,0.995,19.91
0.984660806226025,1,23.93
0.507130559678757,0.005,18.98
0.967565762564009,1,24.185
0.967460318865984,0.995,32.705
0.990016707960822,1,28.895
0.992244136484408,0.995,20.31
0.366578168260167,0.01,18.435
0.983576756592532,0.995,71.065
0.989750568302961,0.995,13.675
0.987878754721144,1,33.68
0.970488117728307,0.985,17.1
0.960198159450349,1,23.43
0.364519486822213,0,3.93
0.992671478782421,1,11.47
0.496681885413519,0.02,3.32
0.437478014182448,0.02,2.665
0.988589464630278,1,22.91
0.992652363504422,1,22.905
0.974314300647007,1,14.65
0.961484684193815,1,20.385
0.523090969912363,0.015,20.495
0.971917369412143,1,12.945
0.978796419024282,1,13.5
0.977546453840311,1,10.58
0.463648704560723,0,12.74
0.974329274571008,1,13.2
0.972228167936742,1,25.13
0.973781837105666,1,18.46
0.432072400049515,0.005,14.525
0.991889285700596,1,19.29
0.950887947819905,1,62.25
0.988388516375061,0.995,41.445
0.442934831089075,0.005,22.135
0.980672923595986,0.985,21.725
0.985795162393582,0.995,15.21
0.515902959552417,0.01,16.52
0.445695181527886,0.005,2.295
0.41790430572094,0,14.675
0.989883113388053,1,5.45
0.993581739746408,1,16.12
0.457228783003341,0,70.965
0.981641533950971,1,23.64
0.330393545985995,0,36.405
0.243251454101917,0,22.75
0.196520778225972,0.005,22.655
0.330756191674563,0,47.9
0.370089433221787,0,43.365
0.481806919871517,0,70.06
0.381896584308456,0,46.67
0.961361359379177,1,51.28
0.971040600214577,0.985,62.12
0.59966159020724,0.005,77.03
0.220997916982451,0,47.51
0.457801059089573,0.005,77.075
0.528002390361041,0,67.33
0.41223867298359,0,71.355
0.255115218566241,0,29.23
0.976419490438083,0.99,46.595
0.220101641517329,0,56.42
0.377819257374577,0,63.56
0.151338000099048,0.01,54.81
0.976737318952617,1,38.565
0.937925550386136,1,49.14
0.957247892460476,1,61.125
0.991526755166656,1,38.64
0.354853026199215,0,39.24
0.52910968272286,0,43.315
0.356669274203801,0.005,39.055
0.145875545307251,0,46.375
0.370859269027277,0,49.725
0.991032652817573,1,51.235
0.966250249801399,0.99,67.21
0.365858792216313,0,34.73
0.897273089173289,1,18.875
0.54192216222376,0.005,18.72
0.989028740808429,1,17.18
0.416629205953533,0,18.575
0.967274106985471,1,8.2
0.170327599008232,0,8.81
0.511281076212064,0.01,14.87
0.993200100883759,1,16.58
0.975215135201085,1,11.31
0.575587964336107,0,11.055
0.981440667224691,1,9.785
0.572150255948368,0.005,14.065
0.975144897915235,1,18.605
0.988150636363667,0.99,17.06
0.525491705924624,0,27.84
0.373927246017964,0,32.81
0.979581638376546,1,20.06
0.98740578797127,0.995,9.385
0.621833561803633,0,28.6
0.981395600460836,1,67.555
0.991698056268968,1,20.39
0.984725137298769,1,27.885
0.95298136150579,1,82.665
0.959421654511933,1,26.595
0.990853904034668,0.99,18.805
0.1826650081017,0,13.72
0.983004612482469,1,1.46
0.521743796572543,0.015,9.88
0.418791885815864,0,15.6
0.368256828416818,0,45.39
0.352847360340452,0,71.975
0.217998518026592,0,43.76
0.286036667867267,0,75.995
0.228709549520321,0,21.19
0.376655888635616,0,47.595
0.209195543718197,0,53.43
0.475845298234044,0.005,73.315
0.969493548975972,1,46.46
0.957420311093696,1,69.765
0.135701764081167,0,78.65
0.377145029639584,0,73.88
0.145667533923284,0,95.035
0.317775096792041,0,83.665
0.383711877029409,0,68.115
0.55728789537352,0.005,68.115
0.983478249198083,1,44.875
0.158152752075958,0,38.135
0.247495813935895,0,47.77
0.147338844356509,0,51.44
0.462412277940704,0,47.945
0.159155338312525,0,37.86
0.99196192811971,1,59.395
0.32374870447344,0,37.15
0.963289052525968,1,57.595
0.468224909555502,0,51.005
0.98003369470841,1,34.19
0.55711498193757,0.01,24.95
0.278693407920377,0,17.605
0.508085339936611,0,20.86
0.274197169562176,0,18.05
0.147784089810811,0.01,21.21
0.409491794594187,0.01,11.415
0.171626374352878,0,9.32
0.486646490439258,0,14
0.499066681645215,0.005,11.455
0.354493258377531,0,23.875
0.928780935848508,1,14.775
0.577615018176794,0,12.905
0.973763238350135,1,20.205
0.411488524741119,0.01,4.94
0.476777924401219,0,9.68
0.986041290110682,1,10.44
0.562353520202232,0.01,14.28
0.990462627514506,0.995,15.125
0.978424758476052,1,15.47
0.986926737745863,1,26.375
0.394966858393512,0,29.05
0.967567198306579,0.995,25.72
0.951290780955403,1,50.65
0.599602383464733,0.005,63.595
0.986492534313815,1,40.145
0.98542067129551,1,15.545
0.988230579923718,1,37.685
0.991262011752944,1,22.49
0.163732934071404,0,33.815
0.979337787763926,1,10.505
0.39347710413872,0,8.955
0.988846497265264,1,6.36
0.399513122899123,0,6.865
0.419132204068575,0,13.455
0.989098117510752,1,3.055
0.989336011549517,0.995,20.875
0.267705284408239,0,75.98
0.961163762939305,1,49.425
0.206998881115254,0,39.43
0.347549655494469,0,49.39
0.319940468694838,0,32.67
0.985461263878295,1,20.58
0.561616378487993,0,50.25
0.373701531732652,0,58.115
0.515033151144164,0.005,59.575
0.352668706344436,0,42.295
0.318512712689338,0,84.11
0.374593689982758,0,70.725
0.217728101995824,0,78.8
0.295634583327407,0,72.46
0.212221165815442,0,43.53
0.208909789159402,0,67.65
0.378187461619927,0,76.955
0.375347918464322,0,65.87
0.944877421213077,1,75.91
0.98530271397447,1,88.77
0.155389513340747,0,90.275
0.397189626476331,0,69.58
0.15301719812654,0,65.17
0.418874531478516,0,63.17
0.97278056462137,1,54.495
0.966577635484341,1,46.175
0.245926833325935,0,49.385
0.3037361345063,0,60.55
0.386584135373691,0,38.755
0.230799161128759,0.005,52.975
0.9773891150836,1,44.735
0.155569457859398,0,31.475
0.234145196536276,0,43.485
0.403349894128837,0,30.225
0.383908761955151,0,36.085
0.578267263423818,0.005,24.105
0.95765049463074,0.995,25.21
0.246903657290773,0,26.43
0.573197496516819,0,17.745
0.967755171219438,1,32.18
0.972491321550203,0.995,8.49
0.987993406560092,0.99,22.485
0.992000477740668,1,20.86
0.197590228949822,0.005,13.23
0.412912454691965,0,9.93
0.542311037137174,0,15.945
0.505618728983963,0,15.385
0.470311677505163,0.005,10.31
0.42688786041417,0.01,12.305
0.975776423225083,1,16.635
0.413483825639413,0.005,13.85
0.987393167581584,0.995,19.405
0.954653203589998,0.985,25.81
0.989362813929836,1,27.13
0.991561057655388,1,16.145
0.380805246106577,0,34.61
0.980001029918075,0.99,17.825
0.955870678497524,0.995,18.245
0.952737990369818,0.99,33.505
0.392771079390702,0.005,13.785
0.981945199808355,1,46.67
0.980196125703669,0.99,18.22
0.971165737129061,0.975,24.685
0.556354395488307,0,24.18
0.323809720552634,0,11.995
0.554499527997069,0.015,22.335
0.184537217689997,0,13.635
0.400389082813156,0.01,30.04
0.537021787068801,0.01,3.355
0.420774531408635,0,16.33
0.372588023818546,0,67.975
0.986377637179578,0.995,18.355
0.218924499080651,0,42.37
0.487783334470654,0,40.105
0.58224232960527,0.005,52.11
0.380510957552118,0,24.17
0.395211712990602,0,29.82
0.976742469116288,1,71.025
0.207736142968987,0,65.165
0.221863150082584,0,66.22
0.920214945726123,1,81.375
0.373316861621093,0,52.935
0.314993234277087,0,78.675
0.978422583074135,1,79.04
0.343800466644473,0,68.64
0.971919196176273,1,56.905
0.947526237953212,0.995,66.685
0.273145104271584,0,28.605
0.372095393017426,0,43.395
0.301591092108446,0,94.98
0.415380920511058,0.005,65.31
0.958271199697421,1,47.075
0.240419734075509,0,59.725
0.2365819621415,0,53.125
0.95954073016837,1,55.52
0.376800073385449,0,55.58
0.982335475227236,1,27.69
0.983028528306001,1,45.09
0.980652890659526,1,42.775
0.191787626661881,0,59.065
0.148939392609241,0,48.65
0.992193017419314,1,56.44
0.412642775980891,0,21.84
0.979870287158581,0.995,22.465
0.98195845397681,1,20.375
0.511300668530532,0,19.55
0.988883381067098,1,25.185
0.96570461143515,1,23.695
0.16085960110131,0,17.915
0.17347235798344,0,14.345
0.461549178791376,0,21.315
0.174944258441898,0,18.235
0.194319877273007,0,17.045
0.489007919313904,0,8.675
0.5637645826137,0,11.56
0.976346065834128,1,14.075
0.989897333253205,0.995,10.405
0.987993618286423,1,24.235
0.980664323336041,1,16.205
0.292630321630488,0.01,20.575
0.988924141562277,0.99,13.665
0.989648897110223,1,27.4
0.588313585773096,0.01,20.285
0.979932367949544,0.995,68.645
0.4964431555153,0.005,19.355
0.980222681540278,1,36.885
0.971775169840013,0.99,52.94
0.982332705357075,1,46.695
0.981524300009766,1,42.635
0.989259600562175,1,13.675
0.38424647845014,0,23.485
0.97735188190309,0.985,18.385
0.988038234311384,1,21.9
0.383940630787838,0.01,18.805
0.388850011819946,0.005,8.845
0.182570818531771,0.005,13.865
0.984371149927265,1,18.5
0.412357651020424,0.01,8.595
0.979733750107682,1,24.85
0.35712538048179,0.005,9.02
0.990581706759542,1,15.33
0.220776615215058,0,38.325
0.469501468536016,0,41.87
0.31893261153162,0,32.935
0.552349024944416,0.01,78.265
0.516059625122128,0,28.86
0.469341950616539,0,53.375
0.379671118539469,0,61.94
0.372915757038287,0,74.155
0.561688066794077,0,66.925
0.160521271587552,0.005,40.905
0.36225174260209,0,54.39
0.549015119786663,0,48.03
0.212665162600376,0,44.015
0.220120750906805,0,73.535
0.289652788333953,0,59.545
0.483222548824556,0,22.28
0.978634757128318,1,78.225
0.974191778845268,1,56.645
0.144354777006194,0,71.865
0.381622775522423,0,51.005
0.976852298821331,1,56.365
0.967484255645407,1,59.12
0.150112923111935,0,53.46
0.956887531988913,0.995,47.245
0.380992239276453,0,61.755
0.94699437395208,1,39.45
0.964350149983265,1,32.77
0.346139622865314,0,47.09
0.505015244234305,0,18.26
0.514445016140934,0,16.585
0.17264559652191,0,15.645
0.976845786055514,1,24.585
0.973818076278875,0.99,23.195
0.97043899401324,1,28.43
0.984923824849211,1,16.87
0.992497987071958,1,21.195
0.992525665607671,1,17.03
0.168146220257794,0,18.635
0.443630010568642,0,8.89
0.17222180543151,0,16.97
0.985952251751587,1,6.925
0.531827514253737,0,12.595
0.98391878761773,1,17.125
0.37504203718907,0,20.195
0.180748008462086,0,16.81
0.194136628292446,0,8.55
0.942408441748878,1,10.67
0.991216062378326,0.995,13.145
0.972947033327073,1,13.27
0.991695555838456,0.985,15.185
0.985882561838021,0.995,20.84
0.992719046768619,1,21.465
0.456021486865963,0,21.385
0.457452582169571,0.005,52.905
0.340421550025632,0.02,81.165
0.991340632983261,0.99,12.585
0.589537985583658,0,16.965
0.991542899366407,0.995,15.03
0.358283907183071,0,13.07
0.985937662155355,0.99,10.015
0.356153526691583,0.01,12.85
0.375494345699279,0.015,14.325
0.950161695969867,1,7.545
0.99256665569976,1,14.43
0.561753075334172,0.04,2.935
0.319932930074957,0.005,47.545
0.567591245912357,0,87.91
0.966675515292274,1,40.32
0.984220612561263,1,28.325
0.464942300288829,0.005,43.235
0.37486333191397,0.005,62.4
0.540772804668628,0.015,53.12
0.426698140083068,0,16.985
0.988498448583052,1,23.865
0.374808326568333,0.005,10.4
0.529305642202229,0,11.245
0.466551987377411,0,13.91
0.989051929100478,1,17.525
0.435410796033608,0,12.26
0.977825107984531,1,21.68
0.477353024234983,0,14.68
0.975343916064463,0.995,18.725
0.557874517698249,0.005,15.46
0.533154365611411,0,12.29
0.982103970986808,1,13.345
0.463643223766748,0.005,14.635
0.992787289896292,0.99,15.535
0.9914721829826,0.995,21.47
0.992285914539069,1,26.405
0.442454920494249,0.01,14.14
0.971357414300576,0.985,9.9
0.342904549373157,0.01,12.24
0.582180605305404,0.015,29.595
0.989751143392374,0.995,18.38
0.969493405173147,0.98,24.025
0.540703282941276,0,48.28
0.986780484934716,0.995,18.37
0.991118353892218,1,31.805
0.357842312054727,0.005,17.265
0.970183375960295,0.99,9.75
0.988624881196079,0.995,5.2
0.990998541116924,0.995,6.645
0.289223957374436,0,3.015
0.304696106948961,0.005,3.79
0.987873251462188,1,4.505
0.988777330492288,1,33.79
0.986320158966509,1,20.635
0.962857670029283,1,20.895
0.969528393021282,1,22.185
0.970688525572242,0.99,23.91
0.556568990247901,0.01,16.685
0.992592619034255,1,15.85
0.9924008054094,1,17.165
0.979222600155324,1,14.185
0.980994146530595,1,15.895
0.993376046593968,1,16.195
0.975511259993194,1,8.275
0.979393516872806,0.995,24.09
0.992564943578271,1,17.1
0.969960691251237,1,21.665
0.988985048053242,1,18.71
0.520823565726821,0.01,19.225
0.96566385834662,1,12.595
0.975627441636643,0.995,16.04
0.992595548805478,0.995,13.255
0.426651573010665,0,20.54
0.990108955228325,1,25.225
0.977490109867824,0.995,24.875
0.957779466896134,1,17.175
0.990396138745262,1,20.12
0.988838283497477,1,21.5
0.274190308869324,0.02,71.77
0.992471124830672,1,25.135
0.931625014846241,0.995,28.46
0.361310468272967,0.01,10.815
0.23841574941409,0.005,7.645
0.434660788202335,0,28.775
0.993037889756396,1,6.505
0.992808673571375,1,5.615
0.552409870626378,0.005,36.59
0.977140926518259,1,8.39
0.23877753558035,0,47.025
0.584027014944554,0,43.685
0.964757230205823,1,35.22
0.371886785932679,0,45.44
0.954516382495488,1,85.965
0.974326621625259,1,74.46
0.383882615493919,0,73.605
0.967943722356091,0.995,45.785
0.972829738599032,1,51.865
0.571614379303103,0.005,70.04
0.35216198951544,0,60.815
0.305643696932492,0,77.37
0.336320701009259,0,88.865
0.98234515585192,1,79.775
0.979913750249457,1,49.59
0.373431037474488,0,71.235
0.218269287872882,0,60.525
0.977749731583417,1,44.045
0.962145100320829,1,71.555
0.47160051141245,0,39.82
0.534046091553666,0,35.06
0.381078744937034,0,51.62
0.141533469202756,0,53.005
0.473767657960611,0.015,47.585
0.494651236343134,0,36.995
0.981423381347799,1,53.51
0.994275160624713,1,17.43
0.490242566209929,0,34.205
0.455289327675085,0,23.03
0.970676048366018,0.99,25.17
0.989533942279223,1,18.165
0.993099810422858,1,15.395
0.562325247860927,0.005,8.595
0.438071147828217,0,17.055
0.993745188513972,0.995,20.735
0.35938143296274,0,18.59
0.508811807537107,0,19.165
0.992174146058105,1,9.005
0.992088717403508,1,14.515
0.976697600015256,0.995,16.54
0.969088434463785,1,15.01
0.949207474993376,1,8.77
0.505162870550381,0,18.015
0.987766168094185,1,27.265
0.986474079496651,1,15.21
0.63118406584123,0.005,21.715
0.99214361048158,1,16.7
0.977008444809812,1,60.18
0.45824191241244,0,19.655
0.372822842630085,0,30.865
0.618387752527461,0.005,71.81
0.990841639515151,1,16.63
0.982217973275059,0.99,16.445
0.157629945239599,0,42.23
0.990541385285337,1,22.79
0.344435151912374,0.01,12.94
0.990990457913197,1,7.735
0.420395294706625,0.005,18.06
0.421173451717345,0.005,9.04
0.280584711210327,0,35.17
0.388699364582373,0,25.035
0.513712189295228,0,15.965
0.947314302637874,1,82.335
0.200069602193459,0,29.69
0.967773905302871,0.995,35.925
0.350933555996834,0,51.24
0.305514957517471,0,55.23
0.976254346855486,1,31.08
0.217196456197188,0,40.85
0.209765898444394,0,62
0.44895852146803,0,43.925
0.489573541359429,0.01,79.955
0.597053897250056,0.005,76.15
0.983199027180841,1,83.17
0.335778099804946,0,86.92
0.976298674391618,1,46.56
0.974998387939248,1,71.86
0.381786413465432,0,50.715
0.320381777468302,0,81.985
0.525599821954977,0,46.715
0.371656969849954,0,66.88
0.971518281055691,1,32.565
0.964198830260097,0.99,46.245
0.384668402822076,0,47.99
0.927698397189179,0.995,47.995
0.146085581535047,0,49.95
0.215360734983994,0.005,68.075
0.974118286544278,1,49.335
0.257690869578483,0,33.85
0.977122886332831,1,55.005
0.976705055410582,1,52.88
0.601064458462572,0.015,55.37
0.387709002295664,0,52.545
0.974700996267898,1,35.605
0.214960529636454,0,64.48
0.978894267714524,1,31.22
0.511052321637913,0.005,22.53
0.57005124070498,0.01,21.33
0.915469452637312,0.995,20.86
0.423106936832181,0,26.11
0.310785458579122,0,10.72
0.167887885154332,0.005,10.22
0.982869002954651,1,19.36
0.479721431969805,0,15.195
0.948017874103265,0.995,14.71
0.971394809687101,1,22.785
0.992877328805201,1,18.475
0.991381158955421,1,19
0.991695801272582,1,11.38
0.561922641788226,0,10.08
0.977789945304046,1,12.205
0.583556139995579,0,15.43
0.94289852974721,1,24.73
0.978491636581763,0.995,15.62
0.516045135104504,0.01,19.48
0.454880246073946,0.005,24.09
0.937256161036273,0.995,29.515
0.528447819550123,0.005,20.285
0.480551072679071,0.005,35.84
0.970140188299712,1,67.335
0.3674475193876,0,11.905
0.529580756672549,0,51.09
0.986414363332288,1,29.035
0.312423728592132,0,22.735
0.97771558165051,1,17.36
0.984666046437956,1,24.725
0.980343292838582,1,14.47
0.990192242230558,1,20.92
0.992436411319384,1,24.19
0.488686498886514,0.015,15.05
0.962038486781635,1,8.11
0.318708285624245,0,10.1
0.982477241706918,0.99,12.78
0.988009462425224,1,12.51
0.399967729982091,0.01,6.02
0.41209742909468,0,4.42
0.378339726363898,0.005,8.99
0.989633887037964,1,25.07
0.426206258337004,0,38.69
0.247130480570195,0,43.89
0.985344438928745,1,19.715
0.945233430553104,1,76.93
0.330754721221963,0,24.565
0.28308150584319,0,76.79
0.463431561726476,0,58.905
0.974273908368191,1,62.69
0.957217447341634,1,51.635
0.381137842667072,0,62.905
0.215772452736522,0,52.96
0.978538803456519,1,73.325
0.422683599771398,0,62.19
0.97515767978211,1,59.02
0.337646614277115,0,86.465
0.361509875675396,0,64.62
0.219173604331879,0,57.595
0.31626472370342,0,85.76
0.97706806737511,1,67.475
0.957754512907208,1,83.875
0.150057169926538,0,66.11
0.272999192080367,0,81.5
0.321705156816815,0,74.7
0.957509856583491,1,55.55
0.979550998965846,1,41.895
0.505964505749933,0,56.425
0.608658818780494,0.005,39.155
0.966189168944407,0.995,48.34
0.965995862763233,0.99,48.165
0.540941471671831,0,40.925
0.972645418924663,1,54.03
0.610575317869955,0.005,65.81
0.345628720452783,0,29.96
0.989050429857901,1,18.14
0.97119382321693,0.99,25.92
0.981981314087136,1,20.71
0.986517492445001,1,11.72
0.168910672476239,0.005,10.775
0.990629468674946,1,17.03
0.519505771380497,0,21.28
0.493714398863534,0,16.975
0.172123349833468,0,12.635
0.986193477926427,1,10.355
0.990745469462708,1,15.155
0.193356163994553,0,9.79
0.962384729423125,1,11.655
0.58975826762194,0,5.855
0.309339628937132,0,17.545
0.99157981021544,0.995,19.72
0.982972845959751,1,17.395
0.914522085512782,1,31.19
0.517723001206945,0.01,19.945
0.980210400709756,1,32.63
0.977518591539155,0.995,23.44
0.944133081249273,1,26.48
0.299630980453615,0,49.45
0.447956979042441,0.005,32.27
0.511052496272313,0.01,66.025
0.510694773445488,0,66.925
0.982257641926908,0.995,13.345
0.983813414931792,0.995,18.35
0.980487148223288,0.995,21.74
0.982585361545821,1,12.67
0.989539313160521,0.995,25.035
0.156639680468467,0,42.065
0.991781067805343,0.995,19.145
0.985518996328181,0.995,10.225
0.413828400310919,0,6.165
0.419961710791177,0,16.495
0.317934073724976,0,70.965
0.405113525707185,0.005,20.735
0.234716514723024,0,50.275
0.385661778031773,0,22.15
0.344708355363484,0,44.53
0.9521637515677,1,68.455
0.368524627844813,0,34.665
0.393601522118139,0,70.64
0.431698447268843,0,46.19
0.315763613475187,0,81.59
0.978045822722314,1,67.73
0.978703699954769,1,67.41
0.328937355951491,0,96.74
0.608936395698799,0.005,69.535
0.140594116793165,0,82.485
0.981836028870638,1,70.485
0.372245598314988,0,43.61
0.976553885457564,1,67.34
0.207736142968987,0,63.815
0.973274939390948,1,54.05
0.378650286532361,0,66.38
0.223375538493932,0,78.205
0.206875660049188,0,75.275
0.96076853868047,0.995,53.63
0.97955809774187,1,57.555
0.967051740434851,1,53.58
0.243686611191345,0,62.385
0.981569841244696,1,26.635
0.980326514178911,1,52.415
0.992284450320398,1,60.25
0.49484990396378,0,49.595
0.979675056288998,1,66.53
0.98067910667388,1,48.06
0.985138714262144,1,54.255
0.45889533368736,0,48.01
0.988460445967446,1,42.155
0.599467641468662,0.01,19.68
0.976538132295249,1,19.64
0.980486343482415,1,25.685
0.589607882410722,0,26.065
0.159531816227856,0,19.305
0.954670758234682,0.99,14.975
0.988562659057505,1,11.67
0.946647366769376,1,14.08
0.537966366039013,0,12.445
0.99054909918946,1,13.11
0.974809045505864,1,19.055
0.991649467339168,0.995,18.48
0.903052614975752,1,11.955
0.164296308843262,0,11.21
0.578753119162385,0,14.29
0.324420604238084,0,14.215
0.984452068126474,1,11.675
0.991422256309937,1,14.885
0.991315576114647,0.995,16.63
0.522190332270414,0.015,12.31
0.976581789388783,0.995,17.915
0.66124299322055,0.005,28.16
0.506536516384253,0,20.145
0.990017717424652,1,23.82
0.965285472349435,1,32.62
0.566678161566736,0.005,22.845
0.9874176914668,0.99,59.28
0.976104452409053,1,61.21
0.512618788107786,0.01,79.015
0.988979506135551,1,15.81
0.991804615169897,1,23.12
0.990535558407582,0.995,7.11
0.990385231258027,1,11.485
0.988044862182365,1,9.635
0.311419238472891,0.005,5.515
0.50035665875434,0.01,3.445
0.483044218428343,0.01,1.36
0.42656631914762,0,17.435
0.986541984550716,1,16.88
0.98772650299994,1,38.15
0.457871030241854,0,23.94
0.954928006665588,1,43.1
0.980841312722518,1,32.195
0.433945795899817,0,27.355
0.476976388292005,0.005,64.14
0.406316881943509,0,40.235
0.22711065523068,0,34.215
0.974765575252852,1,43.71
0.560925212158581,0,63.06
0.98297233029671,1,74.74
0.966024832184876,1,78.22
0.372618982332163,0,50.905
0.14918094961525,0,71.725
0.979410435925537,1,32.53
0.957149775082462,1,83.84
0.315334844560682,0,39.96
0.3766943511039,0,66.765
0.95135075494969,1,67.59
0.209523175728775,0,53.41
0.459671852756236,0,20.695
0.988063137614123,1,63.48
0.982325954447724,0.99,71.6
0.419244811501453,0,49.13
0.373787501670908,0,55.2
0.976055385287975,1,52.8
0.245329235688966,0,35.125
0.986818256892915,0.995,50.045
0.981023551484442,1,28.83
0.977051070582648,1,60.17
0.976474085384086,1,52.145
0.497185714484439,0.005,50.245
0.315107630898969,0,64.36
0.978339425096949,1,45.45
0.383385346020033,0,56.925
0.955760192662364,0.995,19.66
0.966628810014289,1,23.03
0.161631610762025,0,18.52
0.992149579619299,1,17.34
0.499223607762722,0,15.055
0.971984878679119,1,17.865
0.182074807584307,0,17.71
0.985453046841139,1,13.935
0.318010891493295,0,10.855
0.549319158001382,0.005,19.485
0.98057676336932,1,13.6
0.991981053120282,1,20.125
0.577085770597385,0,12.295
0.513494384056203,0,14.89
0.989344297008282,0.995,11.985
0.985110847401452,0.99,13.37
0.969793041110554,1,11.465
0.980223266729263,0.995,7.995
0.980722698759247,1,13.075
0.526056383440031,0.005,19.315
0.980032737156349,1,25.63
0.431541809056066,0.005,16.925
0.558940298298563,0,38.085
0.980200920389092,0.985,46.44
0.392742155665342,0.005,14.475
0.977652753889809,0.96,17.57
0.993099808129802,1,23.365
0.956298765092355,0.985,29.615
0.985109532276583,1,7.91
0.35629344274826,0.005,11.96
0.22661459672113,0.01,16.905
0.970927958934525,0.985,13.385
0.988937827224049,1,5.575
0.494204980482348,0,51.505
0.978152937624777,0.985,19.525
0.960920608442803,0.995,72.6
0.980365395845523,0.995,41.75
0.986206641564979,1,41.135
0.586237492269337,0.005,48.075
0.987097047852244,1,44.075
0.384132914598431,0,37.615
0.560904350300211,0,41.825
0.9597629616518,1,34.7
0.532704298957032,0,39.78
0.988306542488471,1,23.975
0.385690385424778,0,10.175
0.556133707976839,0,22.29
0.462088777711718,0.01,15.73
0.452671193905243,0.01,15.32
0.987488715029288,1,14.37
0.423373168214559,0.005,16.075
0.628138806065965,0.005,25.895
0.972711111424972,0.995,15.195
0.991631227305873,1,17.79
0.560259964965974,0,16.195
0.983945425476375,1,15.895
0.984405711416168,1,23.505
0.967331187264052,0.99,21.165
0.991108487315573,1,37.415
0.358715765351652,0,40.945
0.559055460954037,0.005,28.695
0.315762897841496,0.01,16.48
0.968491675882568,0.99,3.95
0.988178778677341,1,21.585
0.988015994132743,1,20.095
0.988793005270333,1,16.57
0.966001395090213,1,15.915
0.992760925041467,1,16.515
0.965941804005391,1,18.725
0.52873880202945,0.005,18.955
0.974524103144735,0.985,13.155
0.964465001540192,1,18.59
0.989874446605238,1,19.44
0.965562059702831,1,12.465
0.988706209953867,1,17.18
0.459356149496423,0.005,17.18
0.957825421204146,0.995,14.47
0.979716104868203,1,22.88
0.939697962111491,0.995,66.15
0.513252396888356,0.01,65.67
0.349126332305241,0.015,26.555
0.986671180324188,0.99,8.475
0.496125630094405,0.005,5.89
0.973623250237819,1,47.895
0.383403108943569,0,37.155
0.415157496852884,0,12.29
0.992026072546605,0.995,17.12
0.163354195211763,0,16.04
0.967740487557943,0.995,13.86
0.974170349968775,1,16.975
0.472935034939958,0,12.245
0.499581728040397,0,18.785
0.328014290260947,0,18.025
0.469767711895396,0,10.285
0.993842242366077,1,19.81
0.993064106771482,1,17.29
0.983455885799747,1,26.645
0.967681773563348,1,17.825
0.550437564129837,0.01,24.12
0.422787649971883,0,12.145
0.989788487148135,1,7.94
0.991332771831977,1,7.51
0.991902696873574,1,7.285
0.984305249544028,1,2.14
0.979904637058458,1,9
0.382162429835684,0,38.45
0.357168523991997,0,47.705
0.397608942864274,0,43.195
0.977523942066299,1,24.345
0.983425046347901,1,26.74
0.232859436258093,0,27.83
0.221910897789972,0,73.685
0.440558628622226,0,32.535
0.527600027334815,0.01,43.245
0.378904169302653,0,76.985
0.978947903674135,1,67.72
0.384559082147966,0,44.16
0.979399459330591,0.995,73.465
0.982047032471703,1,59.465
0.978038555581417,1,69.195
0.318957175354876,0,81.835
0.220118618343285,0,67.365
0.980937173195165,1,85.41
0.980540869810755,0.995,62.53
0.22139978727561,0,67.85
0.915684347870339,0.99,83.5
0.956115103875313,1,65.25
0.208779066782219,0,62.835
0.963364755695774,1,58.245
0.980419615630365,1,61.53
0.969180679761989,1,73.46
0.98430647658081,1,65.125
0.9901045016027,1,46.485
0.141825094995776,0.005,50.01
0.548267477881735,0.01,36.545
0.985490064362488,0.99,42.675
0.981788444478921,1,28.225
0.428388166538308,0,58.03
0.581011201125178,0,60.45
0.602094502907156,0,55.605
0.408299362660524,0,34.12
0.52094222092365,0,30.755
0.978116284445333,1,20.24
0.981724137140932,1,23.91
0.283405177342385,0,15.09
0.962733864371357,0.995,10.25
0.982576593563712,1,15.85
0.971064119743448,1,15.11
0.992124297036898,0.995,12.67
0.98793322571425,0.985,20.29
0.56925473878783,0,8.3
0.984208726326583,1,15
0.990085407440183,0.995,10.215
0.58576180136336,0.005,11.06
0.992633923686539,1,14.79
0.388316076393411,0.005,29.625
0.242600922959544,0.01,57.06
0.986291222172037,1,47.16
0.980974979152132,1,58.04
0.951494922069226,1,60.815
0.955358413782162,1,22.065
0.413421943394626,0.015,26.525
0.369695153547577,0.01,38.71
0.989327250113087,1,26.845
0.98589736115437,0.995,16.77
0.966140148021196,0.985,25.145
0.164284371218455,0.005,32.715
0.400355726929478,0.025,24.445
0.986367198894892,1,9.225
0.418154045695167,0,16.035
0.478927625857646,0.01,15.48
0.350247630007907,0,46.57
0.280830185576877,0,41.355
0.411329109441506,0.005,42.785
0.976566406415562,1,39.06
0.230284129328256,0,21.15
0.49341583803927,0,32.87
0.970310543608773,0.99,46.99
0.530134407923021,0,30.585
0.979321075415536,1,71.065
0.982178159568237,1,81.075
0.378075087128988,0,65.05
0.369512795049124,0,87.035
0.982813509661375,0.985,81.33
0.145332037400183,0,81.26
0.602157776977722,0.005,65.145
0.969672716269238,1,47.255
0.382355088330745,0,82.055
0.977831046907629,1,65.78
0.966100202102459,0.995,54.47
0.598181709916406,0,66.91
0.360264165802383,0,44.96
0.971447001561554,1,34.37
0.38712109686581,0,55.335
0.244422902230269,0,43.295
0.590367068404794,0.005,50.24
0.142812497458886,0,48.345
0.977460583712177,1,54.975
0.492961634935813,0,35.625
0.543321963532978,0,55.535
0.956170955147225,1,59.475
0.374795034463653,0,55.25
0.979393822405792,1,62.175
0.597991581788251,0.01,18.24
0.990144179664239,1,17.39
0.254625240091742,0,24.22
0.985080984636434,1,22.125
0.962172310102341,0.995,16.795
0.977401227746619,0.995,15.92
0.952237896143738,1,16.815
0.557773820239401,0,16.005
0.964371501351366,1,16.64
0.989865604049177,1,17.475
0.356549168571391,0,13.13
0.178935309576267,0,16.225
0.985485363209898,0.995,10.6
0.966921383553936,1,9.76
0.973620227441564,0.995,15.885
0.989962696321673,1,5.64
0.985039177350733,1,9.015
0.986793883124384,1,7.55
0.277915077775463,0.015,24.63
0.380320779166586,0,34.8
0.990389441987737,1,40.28
0.990704208357703,1,21.015
0.511143793373277,0,58.235
0.985095930113879,1,19.795
0.987951402627184,1,86.855
0.981024995680725,1,13.44
0.981192950853059,1,66.305
0.392848388855126,0,15.84
0.980603117511221,1,17.25
0.986255927850662,1,23.6
0.97616553344066,1,20.9
0.981756626635915,1,22.965
0.990743445895303,1,17.09
0.174901417403379,0.005,21.155
0.325673827573029,0,16.565
0.965544506611981,0.995,11.815
0.387948395662833,0,11.505
0.455284536487459,0.015,5.53
0.989018125232301,1,3.82
0.432521082699873,0,56.305
0.986655554577543,1,39.7
0.972426568344568,0.995,47.335
0.404706075125107,0.005,22.33
0.337824876903449,0,27.43
0.202968388929163,0,27.385
0.95701071042637,1,61.82
0.959174534687874,0.995,79.29
0.984100437378376,1,56.94
0.21862614536468,0,51.97
0.95969247140055,1,66.39
0.967986613553546,1,61.225
0.156892679122455,0,90.315
0.197786372521633,0,66.455
0.30466147611742,0,83.595
0.98664495550617,1,58.455
0.379499551295698,0,76.725
0.219783491165243,0,74.445
0.377813695380381,0,47.11
0.983962714604414,1,52.65
0.978467681025846,1,71.355
0.984697198571072,1,79.415
0.985522531056874,0.995,83.15
0.954255043030701,1,43.005
0.416842239311273,0,49.075
0.318379567904544,0,56.94
0.990298330615104,1,33.125
0.486641796009387,0,43.835
0.276403259437502,0,28.05
0.593639537036922,0,54.62
0.171569318452596,0.01,46.56
0.961330716752688,0.99,53.175
0.987194353819099,1,65.105
0.957851984711868,0.995,54.425
0.985667303593636,1,50.72
0.507151013195675,0.005,17.785
0.240894659509337,0,16.14
0.609241939607451,0.005,19.51
0.979847541125895,1,14.475
0.961619717295933,1,33.475
0.965574131875953,0.995,18.28
0.970549379452011,1,19.645
0.512353996007794,0,25.615
0.16178317859199,0,17.88
0.488158034812758,0,13.055
0.174892919429426,0,14.265
0.471255651021444,0.005,24.995
0.321217765342953,0,12.495
0.990301554621586,1,13.35
0.977351968985038,1,20.48
0.990453524392384,1,9.35
0.989729103472572,1,5.62
0.520452945684228,0,12.155
0.979403094050983,1,24.77
0.94440705774843,1,19.265
0.977746267899104,1,16.26
0.985158065976963,1,28.855
0.682488179505716,0,14.475
0.981314637301903,1,24.35
0.990938290965522,1,15.225
0.973947906276248,1,29.79
0.923394570088987,0.995,19.355
0.341025595982447,0.01,75.67
0.643674009891034,0,40.335
0.983317190403239,1,35.165
0.990561600469313,1,23.345
0.989713213068088,1,27.83
0.990780008338883,0.995,23.245
0.156313218357321,0,42.15
0.990393322373121,0.995,20.52
0.38684059039434,0.005,27.995
0.308657796514807,0.005,10.175
0.990960739105704,1,6.63
0.390889364516891,0,17.745
0.984384032137085,0.99,3.335
0.991611646213756,1,10.97
0.450254478683468,0,46.61
0.966199333419623,0.995,28.765
0.39545587064868,0,34.35
0.983645965459146,1,30.28
0.266476577529637,0,28.825
0.432131448827626,0,19.665
0.545050050749296,0,69.26
0.967785344280582,0.995,49.895
0.970873391652806,0.99,47.12
0.436918836311691,0.005,79.83
0.378632561742782,0,79.255
0.378145088267508,0,79.59
0.357884240594549,0,62.005
0.954789961712243,1,68.035
0.980041953916075,1,41.555
0.97361777130229,0.995,63.97
0.966797879803081,1,78.9
0.38304004319203,0,78.035
0.150873600684673,0,53.39
0.371959011312118,0,47.575
0.623227659349448,0,47.825
0.146234119501578,0,51.915
0.981964373578672,1,42.605
0.271834588862931,0,25.565
0.979817385715054,1,47.62
0.980483117543708,1,48.36
0.991557079542843,0.995,39.965
0.951138507369867,1,54.115
0.602831311173772,0,50.82
0.388788165840312,0,43.34
0.987118535736714,1,44.8
0.509910591802708,0.005,16.97
0.501301944268374,0,18.275
0.267821142037403,0,16.51
0.991622475656278,1,22.4
0.967345707134219,0.995,16.755
0.984838990213454,1,20.37
0.96485880611635,0.995,19.695
0.990713873314279,1,15.035
0.26031369439404,0,27.055
0.984620258226422,1,22.415
0.176445340111882,0,15.055
0.169101848943731,0,17.725
0.547648046216146,0,17.07
0.984360448839718,1,12.635
0.986638197987172,1,9.67
0.502152931992907,0,15.97
0.992300704473579,0.995,15.58
0.992283982228426,0.995,16.47
0.42682376929921,0,14.44
0.291350129564376,0.005,15.565
0.98502195029936,1,12.37
0.94331645670295,1,29.695
0.275576141309785,0,14.505
0.975042801753023,0.995,14.815
0.977494087747711,1,40.49
0.992198895482247,1,23.465
0.991249809978633,1,9.655
0.987376217269635,1,8.115
0.355808572871767,0,12.02
0.401650474330526,0.03,8.23
0.985300103095668,1,11
0.55791155778068,0.005,74.45
0.991062824440118,1,47.11
0.986386590068619,1,54.12
0.530849038858823,0,16.535
0.989218231442257,0.995,13.25
0.991407532051135,0.99,18.075
0.976653227390862,1,14.64
0.982920939408957,0.995,18.77
0.982932557317841,1,18.43
0.976069443963093,0.99,22.05
0.982478085322198,0.995,20.105
0.55114649747403,0.005,20.36
0.986027531706376,1,14.795
0.969284896162069,0.995,16.85
0.985051520903216,1,14.675
0.983388122946769,0.99,14.8
0.975659859969176,0.995,21.455
0.989686985632291,0.995,19.14
0.990184769820726,1,9.825
0.98660443004696,1,10.055
0.992706161388306,1,15.285
0.470995428355631,0,10.395
0.981617897605918,0.995,19.515
0.984772366120328,0.995,15.83
0.505286359578176,0,14.185
0.99162773677498,1,21.33
0.494834732748892,0.005,14.335
0.97016536621635,0.995,32.575
0.988660523580917,1,12.365
0.955100306419342,0.985,25.97
0.989671744075755,1,20.445
0.360403065417281,0.005,32.095
0.456238915490018,0.015,19.95
0.896123791153919,0.98,7.595
0.988159409437775,0.995,8.09
0.988399270392323,0.995,3.48
0.235248926273298,0,2.535
0.890762050840778,0.995,2.165
0.953496159543891,1,39.94
0.984978862721558,0.995,55.44
0.980558542990451,1,61.1
0.969787050189329,0.995,55.175
0.546455172256065,0.005,43.96
0.578244013611407,0.02,20.565
0.571013139375023,0.01,19.575
0.98927711747136,1,18.475
0.581521334273309,0.01,19.245
0.945745562827345,1,20.04
0.98695097290369,1,19.63
0.961822943697547,1,17.16
0.982152659046274,1,18.37
0.983537585845051,1,15.28
0.962375436008841,0.995,22.275
0.989352230821297,1,20.065
0.522193708306023,0.01,13.555
0.465030177655906,0.01,19.655
0.609332561976211,0,32.895
0.486034095769142,0,19.795
0.989345536361084,0.995,18.555
0.985611643933077,1,15.565
0.989746151295704,1,11.545
0.984114305339399,0.995,16.195
0.990426093024212,1,14.275
0.284552953937451,0.005,18.425
0.311273992204836,0,30.03
0.989563776321828,0.995,39.43
0.677362900863616,0.005,53.51
0.952790661092536,1,62.48
0.969360447067305,0.995,54.105
0.986087140603516,1,11.945
0.958384613591918,0.995,30.2
0.982700591836877,0.995,24.975
0.993033527029355,1,5.605
0.97515735710477,0.99,32.23
0.986763850159004,0.995,34.975
0.368129546273196,0,43.895
0.351276397864147,0,68.79
0.173018029712146,0.005,13.45
0.969078188769143,1,37.755
0.254568353699505,0,48.145
0.984087987798899,1,26.06
0.966059502326683,1,56.375
0.460480822098545,0,69.01
0.971794838914532,1,56.875
0.145047717215634,0,92.74
0.359655693774776,0,66.065
0.969932442358697,1,48.975
0.980022994660213,1,45.19
0.276469661665373,0,80.975
0.307615821905591,0.005,55.31
0.94313192986371,1,74.1
0.379933345783838,0,54.555
0.65959728376541,0,66.625
0.968837669581553,1,65.83
0.974850729937414,1,39.495
0.220774765985116,0,73.155
0.495721499589233,0,28.38
0.374689925866953,0,57.705
0.377731386767312,0,48.405
0.625684583381603,0,52.705
0.341303323239046,0,65.5
0.606393309901302,0,25.825
0.979035743317684,1,17.8
0.971453373186028,1,23.48
0.343959129968025,0,33.565
0.966237727665831,0.99,22.105
0.573727883311268,0.005,20.695
0.992694074520915,1,14.21
0.992487881012851,0.995,17.92
0.961584789266877,1,10.105
0.310571688022011,0,16.41
0.539268513622626,0,12.46
0.568598751588513,0,14.445
0.511194146764523,0,21.175
0.176886164256949,0.005,16.455
0.557072716968298,0.005,12.215
0.987148327507868,0.995,7.9
0.993358340036508,1,19.055
0.968306700249441,1,23.18
0.988202686648304,0.995,13.69
0.563079286913496,0,13.365
0.978611843212674,1,19.44
0.922769166296923,1,9.855
0.965030303727871,1,10.755
0.952565387484049,1,35.135
0.933298006462653,1,55.615
0.984578653959994,1,38.9
0.982129172621295,1,40.745
0.335737829904296,0.005,25.895
0.162170833844928,0,33.55
0.976511087001689,1,23.89
0.37538601708586,0.005,9.33
0.976599000778024,0.995,18.875
0.992011187194247,1,21.06
0.976264361187981,0.995,5.365
0.983361194352255,0.995,1.235
0.437008116161818,0.005,60.36
0.337190132796047,0,69.49
0.331722385027539,0,18.97
0.372208698811285,0,49.71
0.969986620008268,1,65.065
0.43145980713,0,14.89
0.97425787449557,0.995,35.21
0.95761548744761,1,63.825
0.961647896695082,1,78.72
0.975062678860652,1,81.82
0.280828678841519,0,46.18
0.491712262320243,0,57.985
0.570579616960353,0,81.215
0.97294227502191,1,69.495
0.976869195926215,1,65.295
0.970324223676144,1,64.015
0.620336499898582,0,67.295
0.918334450134045,1,72.105
0.535337288105767,0.005,78.455
0.375003790365568,0,53.115
0.387825888827011,0,45.31
0.362730209952046,0,57.97
0.144224604096839,0,70.105
0.980564798390566,1,54.4
0.978645561033715,1,64.985
0.280913534606176,0,41.29
0.976569095560182,1,44.135
0.981946554415401,1,69.63
0.319835833388241,0,47.5
0.989208738775346,1,31.155
0.970601985656588,1,33.29
0.969459443947434,1,50.29
0.564086798464726,0,45.85
0.473695150483086,0,42.72
0.947221788897898,1,48.185
0.343759155191652,0,37.77
0.561002717529162,0,28.155
0.140759156747767,0,52.11
0.600090594834624,0.005,41.905
0.283840354114215,0,16.505
0.424745388373284,0,32.775
0.979127365513626,1,16.965
0.985436837067263,1,20.305
0.162583031461151,0,16.35
0.168196674344447,0,13.13
0.157401586680184,0,24.175
0.518369030177195,0.005,23.195
0.468731935796853,0,18.455
0.971673661757443,1,8.59
0.961524148651697,1,32.57
0.457190655816797,0,9.27
0.958462479874933,1,12.215
0.993295743959904,1,12.485
0.984995384417177,1,15.51
0.963845303752039,1,31.38
0.401196670928353,0,30.41
0.547574339123244,0,27.095
0.991025552805861,1,33.62
0.449113261415526,0.005,12.275
0.964529237006145,1,46.26
0.986037642440767,0.995,72.44
0.987815018347355,1,12.7
0.311693760179914,0.01,74.68
0.989526448182258,1,12.855
0.357500776388891,0,20.915
0.955626975249617,1,26.43
0.98330895429042,1,16.885
0.990828840194415,1,23.765
0.990587667111554,0.99,21.89
0.162660648720266,0,32.055
0.986283598615883,0.995,25.405
0.98308142564256,1,5.055
0.974024514139487,1,58.965
0.98937224850099,1,6.06
0.367004382140528,0,44.62
0.263136157902715,0,77.035
0.491804265486923,0,19.365
0.200283790683809,0,26.73
0.941263382727037,1,77.955
0.269632693807045,0,78.76
0.351466468310186,0,65.785
0.383347349039129,0,71.975
0.97348777299473,1,53.22
0.969426776946033,1,49.66
0.457215462150666,0,62.425
0.147037251791403,0,92.055
0.302005601317169,0,88.87
0.365564402487252,0,59.29
0.513969839857563,0.005,63.195
0.375365677198864,0,66.225
0.206664349566413,0,62.395
0.622451885833088,0,70.91
0.973185859257141,1,66.89
0.277758070076392,0,65.66
0.976515166757683,1,42.93
0.942725381677233,1,81.685
0.496358127300132,0,22.82
0.967644133709915,1,51.76
0.983233477866529,1,42.395
0.293725829943131,0,61.57
0.482682241982088,0,35.915
0.142721796980182,0,49.095
0.446461957365141,0,57.73
0.544864423308048,0,40.645
0.975486806136594,1,41.69
0.460363552012756,0,56.98
0.155457431276598,0,28.31
0.60401281792012,0.005,23.415
0.982604505562339,1,22.765
0.153443432719238,0,25.8
0.965751982931932,0.995,28.375
0.974075134766412,1,35.335
0.980558962725342,1,26.685
0.326282224833072,0.005,9.955
0.982181526410915,1,19.79
0.975953625797398,1,9.38
0.991839563955852,1,21.045
0.482235709127762,0.005,14.725
0.976487192335831,1,17.95
0.175911988469741,0,18.905
0.987150897160467,0.995,12.025
0.989342528853023,0.995,10.445
0.9911775975367,1,7.45
0.992069430049029,1,15.285
0.988528410021909,0.99,11.77
0.975186837155515,0.995,13.39
0.981786256467049,1,23.15
0.903129143848502,1,32.78
0.973646843213467,0.995,17.235
0.396974580066869,0,21.865
0.967960225721858,1,58.52
0.982351825003705,1,22.81
0.963033372179115,1,13.02
0.982296615229601,0.995,41.53
0.535562188902064,0,48.425
0.992106095896358,1,86.14
0.976526256725707,1,18.5
0.985021982348268,1,34.49
0.561821379280925,0,37.045
0.339269359020612,0,25.16
0.956706713537324,1,30.155
0.157980517352411,0,42.395
0.989235755645154,1,17.305
0.984186902104489,0.995,12.27
0.983505001255915,1,37.265
0.990907166091937,1,5.23
0.521726902940048,0.005,9.34
0.436611102677222,0,65.715
0.238956759833988,0,55.6
0.485396485774411,0,19.055
0.304600626395347,0.005,63.015
0.208254367940462,0,34.35
0.365080392100961,0,29.14
0.317554567170404,0,29.16
0.162299922118776,0,40.54
0.982874424203701,1,16.625
0.347081847080392,0,32.795
0.270519768168657,0,34
0.970841143870601,1,70.66
0.380004724168125,0,53.565
0.371681530567522,0,55.045
0.973952642486113,1,64.345
0.379955966959452,0,76.785
0.29545773496483,0,78.865
0.919254006760353,1,74.69
0.98882022124481,1,42.75
0.983600492584604,1,83.17
0.494971750794894,0,58.345
0.981227131289305,1,75.16
0.955820484241905,0.995,69.73
0.279685022296161,0,57.27
0.972598204312671,0.995,65.585
0.96171048453092,0.995,71.34
0.224484129600925,0,50.39
0.223749322953936,0,49.98
0.357597572552614,0,57.81
0.584010352083009,0,77.355
0.991120998223654,1,27.05
0.978737576332073,0.995,54.545
0.241756943724032,0,56.63
0.258778774983819,0,27.015
0.499441453778971,0,37.645
0.609017206318249,0,36.86
0.970376162497292,1,49.25
0.478589966153723,0,35.615
0.978886095780401,1,22.535
0.611690051819144,0,16.735
0.612615841944033,0.005,19.18
0.176040174670451,0,11.245
0.498730322427955,0,9.55
0.990457872086495,0.99,12.75
0.368471964780334,0,20.65
0.968429145068297,1,18.855
0.16570766547778,0.01,12.705
0.987204414590966,0.995,13.495
0.299419745267637,0,14.87
0.52849894768988,0,11.365
0.9894345348693,1,9.975
0.983333123337354,0.995,17.34
0.973975949213859,1,28.84
0.988794420946802,1,18.305
0.397352418844532,0,24.465
0.698765440194963,0.01,78.075
0.47290116008142,0.01,45.485
0.986391953670607,0.99,53.94
0.952534261297649,1,31.7
0.990836422920644,0.995,22.16
0.990639466449573,1,22.69
0.954744213256058,0.99,27.14
0.99049189921171,0.99,16.365
0.963272326510373,0.98,21.46
0.987830311141646,0.995,15.84
0.184712145578593,0,11.68
0.979083039049476,0.99,32.21
0.975782012874548,0.99,11.87
0.966287819706998,1,9.825
0.989636071426287,1,7.64
0.989527989468929,1,5.98
0.449985964299007,0,62.715
0.485040470215583,0,7.08
0.990521236481618,1,11.135
0.465204735671992,0,22.285
0.27180543659937,0,11.64
0.210121202617873,0,27.155
0.94914019631426,0.99,75.095
0.296043476807724,0,57.18
0.975830572410233,1,36.68
0.166434433678034,0,30.51
0.95535363753412,0.99,39.77
0.499318002683639,0,52.425
0.381314365993639,0,81.105
0.961952851469756,1,76.385
0.972049757597084,1,41.365
0.37849180280645,0,60.015
0.359642969176221,0,57.15
0.553607473707395,0,59.76
0.984919465985838,1,82.77
0.57664605073165,0.005,62.055
0.987479377940691,1,62.295
0.356972941512356,0,63.93
0.222752038658648,0,52.33
0.375907059999769,0,55.055
0.956945652149769,1,81.265
0.42724962468738,0,53.615
0.981171340450966,1,76.95
0.970450521276559,1,54.15
0.952704434240556,1,39.645
0.976966418707323,1,37.705
0.383571200120813,0,38.745
0.989644015591118,1,45.86
0.981269200525581,1,33.715
0.480441022654986,0,35.13
0.974212895666189,1,39.745
0.99173145168079,1,52.08
0.973368990572305,1,21.77
0.962277566702944,0.995,19.185
0.557145026937568,0,23.27
0.377719675210188,0,26.22
0.972118258951681,0.995,15.16
0.17314240387866,0,8.09
0.99250748779431,1,17.01
0.970243255524854,1,7.73
0.966843908649593,0.99,11.915
0.991817867537437,1,17.69
0.988914848651137,0.995,23.77
0.97930361335157,1,15.68
0.473363238934694,0,25.66
0.965402872680018,0.995,18.46
0.18036631080204,0,21.195
0.556671706362349,0,14.065
0.989757001607737,0.995,18.665
0.185182117780223,0,16.525
0.506455782569513,0,12.93
0.991183291398607,1,9.11
0.434815858886588,0,8.16
0.978297092273737,1,11.01
0.970631785876398,0.995,16.08
0.589107990559761,0,19.22
0.992131367538982,1,16.53
0.629986511345719,0,20.49
0.537775204343938,0.015,20.485
0.526958692010897,0,32.445
0.976045172133892,0.995,24.375
0.269386317554659,0.01,63.6
0.923521564000255,0.99,10.505
0.956337353851148,1,46.675
0.639345070882444,0.005,28.025
0.492948876181362,0.005,45.815
0.97218838585719,0.995,28.125
0.974188022102817,1,28.265
0.980796183629168,0.995,22.165
0.989956146145863,0.995,10.53
0.115765135431529,0,38.005
0.987965376245122,0.995,9.36
0.400123506637769,0.015,12.41
0.990278675721219,1,6.205
0.342764466251634,0,8.02
0.98891234225796,1,12.105
0.420057838958388,0.005,34.545
0.507511245548046,0.005,44.145
0.527460064744065,0.01,55.865
0.981442219580101,1,51.595
0.470330802943364,0.005,34.6
0.980493804513526,0.995,39.58
0.973588092027491,1,32.27
0.987644925074369,1,19.69
0.35584501994078,0.005,21.035
0.978788037564312,0.995,16.715
0.462657705592841,0,18.725
0.565877039170671,0,15.15
0.40170960371702,0.005,10.495
0.96846608595781,1,14.2
0.98985237858008,0.995,10.875
0.992620375186172,0.995,16.06
0.971663944441507,1,16.885
0.990684836558723,1,11.27
0.993156946527703,1,22.425
0.990656071973894,0.99,19.645
0.986601914965629,1,11.94
0.540206896354205,0.01,11.805
0.965694262137737,0.975,15.935
0.963410477688061,0.98,20.77
0.989661815198024,1,24.67
0.972959769524016,0.99,28.145
0.396804513018665,0.005,13.13
0.407215327651235,0,13.44
0.39280594206441,0,13.34
0.944849719397226,1,64.48
0.489149525298616,0.02,45.87
0.395953217311544,0.01,21.91
0.990538179703584,1,11.92
0.968414666740883,1,11.545
0.449813082329289,0.005,17.37
0.991992435648595,0.995,16.115
0.990972766735408,1,15.645
0.518091293291496,0.015,18.535
0.986626499489525,1,19.655
0.964602823253018,1,20.095
0.951838789273646,1,16.96
0.956636956831898,0.99,16.41
0.989594454005312,0.995,10.06
0.466983077146432,0.005,13.315
0.98165062368208,0.995,18.505
0.987456427420075,1,17.985
0.971975762170268,1,32.72
0.983185274379401,1,27.925
0.962472222685935,0.995,58.84
0.988959338804919,1,17.48
0.925774008659678,0.995,24.355
0.439253053495447,0,14.185
0.395574320074138,0.005,9.12
0.374420337455922,0.005,12.895
0.432122396731134,0,6.09
0.978716772622235,0.995,5.68
0.43841724732519,0.005,65.48
0.959574944910916,0.995,12.67
0.516560479311203,0,31.565
0.188255550619069,0.02,17.21
0.949456510215397,1,77.305
0.51273844547098,0,31.97
0.382483641754779,0,53.575
0.982383760847226,1,80.96
0.974512483021888,1,67.795
0.316693998705805,0,84
0.30812137517967,0,61.535
0.975411112724382,1,66.715
0.975169438647379,1,49.135
0.916444987145474,0.995,81.425
0.975358266382485,1,65.81
0.96741313178686,0.995,69.055
0.429389625303286,0.005,42.04
0.278525422261244,0,58.245
0.972176198668928,1,71.36
0.981535251894107,1,51.545
0.938733251027337,1,74.36
0.975497690842535,1,62.475
0.977847922392869,1,46.22
0.176311619719893,0,37.515
0.475168220074802,0.005,39.095
0.536699799258552,0.005,54.225
0.978795628122863,1,35.05
0.962941954586435,0.995,49.955
0.544823024170896,0.005,37.36
0.976437214437743,1,55.165
0.973415138513314,1,42.395
0.981718668837065,1,55.09
0.949586914170755,0.995,50.02
0.993937958510058,1,46.31
0.505794784057419,0,19.865
0.978916336530246,1,24.83
0.610069733270293,0,30.89
0.976298878188341,0.995,30.245
0.992267244452866,1,17.48
0.372554928957995,0.005,26.475
0.981477141631136,1,20.81
0.551025779161576,0,16.62
0.974763784528573,1,20.515
0.991935202291793,1,13.1
0.983958781596468,1,17.83
0.983432366606409,1,8
0.499459533215923,0,17.3
0.973866027456454,1,15.24
0.187468959278582,0,13.855
0.973801580153441,1,15.485
0.993821465216051,1,15.445
0.973379725650612,1,10.645
0.981592551132304,1,10.02
0.607462066640561,0,8.655
0.967544147879905,1,10.765
0.988220969287868,1,11.2
0.907260423792094,1,31.89
0.400478304052509,0,21.925
0.968523536729277,1,12.01
0.983378373939372,1,35.055
0.352786684423284,0.01,28.115
0.973566789797031,1,57.06
0.542382826320397,0.03,81.1
0.983761662481557,1,68.905
0.981629639695597,1,37.74
0.934728259690353,1,29.675
0.980149339267532,1,24.905
0.990177073494585,1,26.95
0.988613761590877,1,12.45
0.991992846450187,1,18.34
0.339346161963228,0,22.475
0.184179582379571,0,11.56
0.966614792614332,1,12.025
0.452513334856744,0.005,72.715
0.990682941814368,1,17.44
0.976874338637164,1,14.095
0.477201959158299,0,47.96
0.306120882707928,0,41.755
0.226740388244529,0,37.915
0.221957127954788,0.005,72.035
0.273744642950868,0,49.05
0.3228261355572,0,36.605
0.360523899709221,0,48.02
0.977469265396277,1,14.18
0.270511008247823,0,22.16
0.975065535619469,1,63.94
0.986103440216526,1,56.935
0.144096369915731,0,73.79
0.302694497516622,0,88.435
0.958815415791799,1,59.07
0.382002025318279,0.005,82.07
0.965983424864002,0.995,63.24
0.414598870084668,0,57.555
0.361955635694537,0,64.36
0.221148428023968,0,61.7
0.976130741756905,1,76.995
0.971010041515293,1,66.19
0.969570830307993,0.995,70.095
0.429299036742866,0,67.72
0.629596549175726,0,60.15
0.457914122124367,0,45.975
0.616010711385082,0.005,53.2
0.976612984491786,1,55.035
0.9708745811094,1,37.54
0.462531782889915,0,57.055
0.380488512922453,0,50.505
0.983138623338188,1,44.735
0.139827289115175,0,55.125
0.990931147162702,1,30.11
0.975102029112395,1,47.21
0.504542475610111,0,25.665
0.55187920909052,0,24.335
0.975113865739471,1,25.09
0.990987197215034,1,17.355
0.153244231636175,0,25.515
0.544306809428134,0.005,20.655
0.369562381505754,0,15.205
0.174574305687338,0,6.655
0.968909884867857,1,9.2
0.990928483924214,0.995,10.46
0.506525499588356,0,23.025
0.558826221948774,0,19.82
0.158821612011816,0.01,23.775
0.97385401932805,1,14.165
0.983953411951245,1,13.96
0.454254058298704,0.015,11.63
0.984689687070526,0.995,19.82
0.398737595293252,0.005,26.375
0.976328580204858,0.995,17.38
0.222922109090882,0,54.805
0.311796231600851,0.005,83.98
0.988828960234694,1,19.435
0.976521894231424,0.995,55.665
0.979955265404519,1,62.32
0.980548037277081,1,61.43
0.980766577225677,0.995,22.005
0.984371819243946,1,18
0.979140721820348,1,33.285
0.982446183778099,1,25.585
0.98960858319462,1,22.075
0.98156473822482,1,17.045
0.990849049548373,1,16.16
0.985646875458201,0.995,14.46
0.162660648720266,0,32.055
0.986707298818479,0.985,22.725
0.975125770081172,1,6.325
0.986685798274824,0.995,3.845
0.428376721568263,0,11.52
0.452174318127094,0,69.685
0.990636864388006,1,5.065
0.980422147812061,0.995,13.87
0.264614037371364,0,78.445
0.972760749255613,0.995,45.265
0.204058637961137,0,26.405
0.245541855285293,0,78.625
0.967887215228526,1,49.475
0.353453420587075,0,40.84
0.270108397193256,0,66.48
0.31745437137796,0,30.19
0.964702996010102,1,44.025
0.434709756912288,0,65.755
0.249088658707705,0.005,19.605
0.434685962998856,0,71.93
0.27242483068942,0,75.665
0.600768773906505,0.005,86.81
0.636755633571563,0,51.9
0.96512809715903,1,77.17
0.64083801375109,0,63.455
0.983921972861195,1,62.285
0.310730496410966,0,82.75
0.35001569224615,0,65.62
0.975652800468871,1,42.995
0.610436303914892,0.005,70.92
0.3574294748309,0,64.89
0.977473357985615,1,57.055
0.971396168931916,1,79.61
0.504947644640452,0,38.47
0.972798032482909,1,43.83
0.973434842339868,1,40.31
0.311602949871341,0,66.495
0.976002651247219,1,53.14
0.980738273373236,1,24.95
0.380965684507954,0,58.39
0.973895549524912,1,57.07
0.40237814961339,0,35.91
0.542734276901464,0,22.245
0.483329092889686,0,32.7
0.977885933099746,1,20.175
0.985566342783545,1,21.405
0.967750222609335,0.995,31.75
0.158760736493712,0,23.575
0.568357691170869,0,15.85
0.435360365626007,0,14.34
0.991846226633724,1,21.555
0.159167179030225,0,23.305
0.494792862549569,0,18.025
0.989410485781359,1,6.75
0.448452624271948,0,12.5
0.472280686760486,0.01,10.955
0.97332766943038,1,8.735
0.974441658474419,1,13.06
0.989507604120679,0.995,21.83
0.982409140002458,1,14.435
0.389353737998139,0,32.13
0.979718182384274,1,34.95
0.966806418355731,1,37.9
0.990668743706278,1,18.135
0.965494212873075,0.995,62.265
0.545935262505418,0.005,63.76
0.990521139073721,0.995,32.17
0.987558993251527,1,15.47
0.985930952959986,0.995,33.975
0.971953771664431,1,32.945
0.621870730676315,0,34.225
0.955215348173634,1,13.805
0.989952331650513,1,16.24
0.364649885894272,0,10.98
0.987729038010621,1,10.11
0.307971720195638,0,22.635
0.990695379828892,0.995,18.885
0.989623260068869,1,20.775
0.16274918235591,0,32.055
0.96173423529793,0.995,28.445
0.977160036714489,0.995,13.855
0.450059636995448,0,69.58
0.988550249920843,1,2.48
0.275513378840097,0,71.695
0.957374160804655,0.995,45.745
0.220470737261651,0,33.505
0.237238702754999,0,77.255
0.969086308420687,0.995,38.49
0.317583533412839,0,35.265
0.311295574057121,0,26.845
0.541546194988098,0,61.555
0.181865208820609,0,61.565
0.309832668423387,0,39.745
0.275366978187067,0,73.28
0.358809922061048,0,69.385
0.968952618881291,1,74.35
0.434706288574162,0,79.02
0.471713044683884,0,65.77
0.598734286084558,0,51.435
0.391239942935978,0,67.315
0.214536343916209,0,50.99
0.484981751653261,0,37.635
0.975482392303449,1,72.9
0.94769455418922,0.995,81.185
0.171063015450293,0,58.5
0.221290269376225,0,89.37
0.9706704304949,1,41.105
0.317517299992288,0.005,49.64
0.358973453644734,0,66.635
0.978849576626309,0.995,55.01
0.147472333130752,0,60.42
0.522099136988413,0,38.63
0.609502804458106,0,42.565
0.527191639985776,0.005,49.33
0.390248475967707,0,21.43
0.536305699324676,0,29.09
0.988947822833932,1,17.15
0.99117499758258,1,17.57
0.617382414589187,0,23.865
0.535500584498433,0,23.05
0.97246918632785,0.995,8.52
0.458200685032562,0,20.455
0.451704800813131,0,14.505
0.497269521008755,0,21.705
0.179294766654735,0.005,15.84
0.513398882134759,0,16.365
0.557935895945651,0,16.345
0.991691158316087,1,21.655
0.992130916915583,1,13.35
0.987399171903381,0.99,14.87
0.968587294342844,1,11.63
0.969525009742385,1,32.83
0.601052598836388,0.005,10.185
0.988128449671389,0.995,17.915
0.978585652275791,1,50.235
0.984812159929136,1,49.215
0.489935866714467,0.01,31.69
0.987807371989615,1,42.155
0.98931337160703,0.995,16.435
0.547790533046794,0,44.885
0.984837394599939,1,58.7
0.977081837543038,0.995,25.075
0.959310236381038,0.99,40.3
0.974426679830857,0.995,29.65
0.335493396297913,0.005,21.79
0.51593246197381,0.01,26.81
0.171334160335472,0,20.755
0.949229903678466,0.995,13.325
0.977471778463921,1,8.77
0.368358297469295,0.01,11.605
0.984440331010843,0.995,3.355
0.461681097388189,0,72.78
0.988743411669685,1,2.965
0.990518588610603,1,17.505
0.211837723511969,0,26.615
0.202709614031152,0.005,26.145
0.245388412083674,0,35.805
0.971798938445947,1,43.45
0.252857210102873,0,38.585
0.98175332399418,1,18.93
0.286937533081728,0,42.38
0.980432835992654,1,79.47
0.975766119180813,1,46.335
0.377873932683321,0,65.38
0.973343420400831,0.995,56.41
0.980924349219219,1,78.66
0.358195328620379,0,47.09
0.359642969176221,0,60.03
0.381779744971939,0,68.26
0.151251649056824,0.005,72.555
0.979899433658139,1,46.9
0.98238913105518,0.995,80.75
0.286751700597626,0,60.36
0.590375935243601,0.01,64.71
0.394637563325203,0,76.86
0.142401790799328,0,78.91
0.498476929934669,0,33.73
0.98838852876778,1,44.985
0.979172487011349,1,44.17
0.975210146344862,1,44.415
0.991421502497768,1,20.365
0.623839634109292,0,37.465
0.257505221583906,0,50.96
0.541870003408958,0,39.32
0.982883549197835,1,54.57
0.304296389002639,0,43.655
0.502289441953042,0.005,42.315
0.360191740018832,0,57.285
0.991490742347869,1,31.255
0.541224777975419,0,26.44
0.551212009432188,0,12.16
0.981405148188937,1,20.835
0.489294611841899,0,19.61
0.969458867459114,1,23.165
0.583482242840783,0,18.98
0.428660052553213,0,10.39
0.989224161863115,1,11.695
0.984604537759691,1,16.295
0.983366344138164,1,25.12
0.166032623640174,0,21.485
0.207448608170593,0,10.385
0.985473438831649,0.995,12.855
0.990442254913197,1,19.44
0.493508433329733,0,17.405
0.553926790160164,0,10.025
0.992311894685797,1,15.73
0.989450345335188,1,12.195
0.991541200868341,1,17.075
0.470564628745955,0,14.92
0.989212161603009,1,11.63
0.985998004128935,1,12.23
0.410999833349143,0.015,13.205
0.417643010931545,0.02,14.4
0.992284357369751,1,18.95
0.979526455287659,1,28.74
0.311859823383554,0.01,29.935
0.972397400134139,1,33.645
0.420620232231015,0.03,17.375
0.962411647940699,1,28.935
0.334895295413226,0,14.76
0.553361170798234,0.005,17.87
0.982256031066957,1,32.87
0.407637402578111,0,44.005
0.987224812389444,1,37.455
0.367301485694003,0,17.1
0.1550280055365,0.015,19.5
0.332613951558784,0.01,7.085
0.989257319336685,0.975,16.77
0.937476941389929,0.995,9.745
0.989165196039971,1,2.44
0.936658935480278,0.98,3.97
0.990524633188516,1,5.9
0.988545892140443,0.995,4.715
0.545682710415344,0,37.65
0.990900636419771,1,21.72
0.958156723082315,1,64
0.472539350223984,0,28.75
0.601479318412811,0,41.3
0.456540690045009,0.005,15.25
0.97083347372436,0.995,17.11
0.465688292627447,0,19.545
0.582328227159044,0,25.25
0.587774440266793,0,14.72
0.484506554790725,0,14.92
0.513130787658328,0,11.42
0.96964240216528,0.99,16.63
0.510116277919257,0,10.305
0.452130489461565,0.01,13.98
0.93950858519692,1,12.065
0.984119184153875,1,16.295
0.962691182419575,0.995,26.94
0.950501309547712,0.985,22.68
0.977827509963306,0.995,47.535
0.987696401766188,0.995,29.795
0.98114721616283,0.985,17.995
0.97383112633494,1,23.51
0.992012123153852,0.985,15.23
0.210828515371734,0.005,28.28
0.207989853716272,0.01,14.395
0.990351989665217,0.99,7.93
0.960871771728504,0.995,84.15
0.969775060241447,1,69.855
0.500730848789869,0.015,37.91
0.98011706979187,1,45.795
0.984383276996466,1,18.215
0.945824824196101,1,18.235
0.980110582118384,1,20.155
0.985757797232893,1,13.6
0.949612038903925,0.995,20.025
0.580233984037565,0.005,25.575
0.924379305676542,1,16.18
0.564020257698148,0.02,11.395
0.988814156940109,0.995,17.735
0.587018825497792,0.01,16.83
0.54406790702618,0,13.85
0.983995831393157,1,24.22
0.990041107018724,1,20.03
0.986639379081943,0.985,20.295
0.991251698185746,1,25.895
0.984730048948602,1,30.745
0.493672698679291,0.02,18.39
0.451826319375477,0.005,18.245
0.961859155549918,1,50.34
0.561867669805658,0.005,28.735
0.976060767978528,1,19.98
0.962261098954818,0.995,33.535
0.466375535571469,0,22.815
0.966354457504478,0.995,13.505
0.991734586050899,0.99,17.57
0.981666815390325,0.995,1.28
0.464771804611258,0,73.06
0.32924240159665,0,22.09
0.543113896499111,0.005,62.65
0.35187274263396,0,50.215
0.481106366306753,0,45.775
0.954643877940421,1,82.345
0.360706147239978,0.005,48.165
0.233311163564934,0.005,28.54
0.338639782825188,0,27.76
0.964738308988647,1,35.57
0.315431171499305,0,23.275
0.37546499304774,0.005,47.22
0.965957649066296,1,56.175
0.380003834247518,0,82.525
0.221148428023968,0,61.43
0.972061278135779,1,82.17
0.512057736352451,0,64.11
0.469132785539077,0.005,56.69
0.969411584492637,1,70.08
0.382056225102223,0,83.15
0.611027544624274,0.02,68.045
0.983509588916601,1,79.55
0.970970106761346,1,52.14
0.934089032525177,1,62.175
0.976226221258793,1,66.51
0.370879567129777,0,67.25
0.979008291525703,1,48.59
0.468786808706823,0,55.92
0.979554985541823,1,44.98
0.971244987963136,0.995,56.275
0.376720117153308,0,40.75
0.974276256814903,1,50.465
0.948417320586923,1,44.79
0.974101759647299,1,33.49
0.496970133532736,0.005,25.575
0.980950238390995,1,22.72
0.551145052725023,0,16.94
0.446158495361361,0,23.215
0.427047545465968,0,9.24
0.979860960157801,1,8.125
0.981610012335429,1,14
0.451797264593166,0,12.745
0.994321439546818,1,22.72
0.971840193444151,0.995,21.395
0.98257099085703,1,16.96
0.992245063303011,1,26.59
0.365779070176738,0,13.225
0.954718806535926,1,19.295
0.985202236612979,1,20.75
0.968170104849563,0.995,22.56
0.979669175418145,1,32.1
0.98930720818004,1,51.96
0.949871064764729,1,82.615
0.61617704179142,0,36.45
0.987248549973836,0.995,14.72
0.985560382115557,0.995,21.52
0.934138043782075,0.995,29.735
0.418647760810994,0,18.44
0.162302669033143,0,33.46
0.986003424084184,1,14.635
0.407247373986841,0,11.805
0.952353761224593,0.98,15.47
0.392718057644335,0.01,21.86
0.991767400690429,0.995,9.105
0.436651429559799,0.005,65.3
0.991327945863619,1,5.465
0.989696778174944,1,2.43
0.430057351677897,0,39.265
0.989514416898473,1,21.37
0.358442750674081,0,70.775
0.546835009125326,0.005,44.175
0.404006249554172,0,43.655
0.988741211960408,1,31.09
0.564237023619078,0.015,72.855
0.982622978250585,1,24.065
0.154077755918112,0,45.175
0.302232992147235,0,32.565
0.965593542664551,1,58.835
0.350863464712261,0,63.18
0.450652233473016,0,54.335
0.976853918991463,0.995,47.515
0.329027578696845,0,95.79
0.984065579092085,1,88.27
0.520137178939592,0,69.27
0.382387771156051,0,81.135
0.201760936379464,0,70.85
0.981489415313187,1,64.86
0.963459854243775,1,57.455
0.220271991148097,0,55.78
0.635726288428231,0,46.2
0.474889107577535,0,62.665
0.96909147385985,1,65.095
0.279522361190617,0,48.02
0.345828767543962,0,31.61
0.989388201387582,1,40.61
0.229451349784134,0,55.03
0.990606484903462,1,42.595
0.971113831314518,1,29.98
0.980011689612185,0.995,46.405
0.976572413341127,0.995,66.475
0.46298725264696,0,57.98
0.969513684426736,1,53.415
0.984209658669314,1,50.565
0.508358051437095,0,12.52
0.970938506218485,1,36.125
0.287224319930696,0,16.7
0.9737105214832,1,26.225
0.513025990054406,0,18.68
0.535198531329273,0.005,13.965
0.992775237404286,1,14.88
0.990551973016412,1,19.62
0.980674884437015,1,15.36
0.379996491402293,0,16.445
0.168924024431451,0,17.615
0.575850513791617,0,18.73
0.989818718203767,1,24.485
0.965200531259636,1,10.585
0.985061831782733,1,14.455
0.992010769765965,1,15.23
0.986674747036389,1,19.03
0.987654255431033,1,17.25
0.990270309178616,1,15.92
0.986752188797509,1,26.55
0.986563061869736,1,46.93
0.98406181433851,1,66.965
0.655241991726412,0.005,58.925
0.970101189336985,0.985,59.925
0.989545566339274,1,38.52
0.566375153029056,0.005,33.71
0.988758812533773,1,26.735
0.979860158865963,1,36.37
0.409438275452213,0,27.71
0.989624043267976,1,17.74
0.985436797400131,1,11.305
0.989527739637489,1,19.85
0.989551268214964,0.99,21.415
0.984713088983338,1,17.585
0.972399843065833,0.995,8.35
0.183530034659418,0,12.93
0.426241288116985,0.015,12.79
0.424064664248858,0.005,12.1
0.401673342637677,0.005,6.01
0.982561183203223,0.995,3.355
0.460658479889735,0,73.06
0.986737277894945,1,17.54
0.368140805574211,0,44.56
0.264614037371364,0,78.445
0.311950835203472,0,26.36
0.361583144950961,0,46.155
0.945356691641934,1,76.9
0.219219535345389,0,37.925
0.980318680146611,1,21.415
0.160929116027873,0,42.23
0.38173132987813,0,78.225
0.978615171031804,0.995,56.185
0.969247947799536,1,71.65
0.529618114662406,0,71.065
0.377328448410357,0,75.925
0.369839937515564,0,72.12
0.442344361169178,0,49.405
0.971342026320447,0.99,51.315
0.381748076230736,0,79.275
0.217819805269286,0,80.86
0.303725427128543,0,66.705
0.944367751510874,0.995,64.365
0.95798920692915,1,66.47
0.379983419580147,0,78.515
0.278755009005765,0,49.42
0.377900601483752,0,63.8
0.374554352864366,0,49.42
0.984415530750325,1,49.63
0.157649074736803,0,56.29
0.955037952928248,1,60.86
0.981686452776195,1,30.515
0.981747673058568,1,42.86
0.357983248599147,0,41.485
0.627364666013433,0.005,53.94
0.972543030582966,1,50.57
0.466134738457067,0,57.67
0.48327818165117,0,36.59
0.974114512702363,1,20.55
0.44198024940834,0,23.07
0.97704953553481,1,21.56
0.190881795116365,0,25.485
0.982181098187746,0.995,23.1
0.607789283044333,0.005,33.56
0.964446084675237,1,8.895
0.983857418474186,1,18.605
0.986432502483783,1,16.58
0.991924403298221,1,22.02
0.988070432034744,1,16.375
0.294030900317044,0,13.875
0.984542885164048,0.995,17.795
0.570952167272955,0,14.195
0.971058583771436,0.995,30.3
0.472472071706761,0,16.26
0.989974182925897,1,15.195
0.987812287323685,1,12.89
0.983967078703164,1,9.775
0.988453576116612,1,81.525
0.967965188782107,1,46.745
0.590582084278859,0,63.745
0.455066175934917,0,33.43
0.97994919412992,1,28.66
0.988176192025739,1,22.615
0.30877543928804,0,23.16
0.969058925049315,1,19.54
0.158600020515769,0,42.375
0.991855675026562,0.995,20.92
0.394086154123085,0.015,26.955
0.367859289857544,0.005,7.285
0.979904059097628,0.995,37.095
0.991439977360489,1,11.9
0.973229883913785,1,3.67
0.46018778838653,0,73.06
0.376806795378466,0,44.66
0.343776381062642,0.005,77.2
0.409230434077891,0,35.45
0.232423249306324,0.005,72.8
0.267191081044178,0,32.57
0.283804948171095,0,36.64
0.154246910766521,0,48.49
0.312389770431504,0,22.46
0.454943222645699,0,39.93
0.376796696001166,0,63.885
0.990422679908232,1,40.41
0.368273980262376,0,85.64
0.934930172974196,1,68.945
0.143207453083145,0,62.875
0.348805980429562,0,60.21
0.612769407593479,0,60.33
0.375502894669113,0,64.79
0.251171750322316,0,22.68
0.987038764019062,0.995,85.135
0.972915101035559,0.995,68.48
0.976650161536586,1,69.795
0.363954470571294,0,66.715
0.977140851074106,1,48.71
0.960177312167891,1,86.51
0.956729077665857,1,80.945
0.300721070330014,0,91.58
0.536522894615691,0,38.77
0.968528503283973,1,45.545
0.990959850714243,1,24.855
0.141642731718617,0,63.92
0.990200476704973,1,25.675
0.145577912693976,0,54.35
0.978361506821099,1,22.375
0.971504151877316,1,35.24
0.490613616612063,0,23.8
0.525293100166823,0.005,27.485
0.584081549755685,0,28.98
0.983776870080726,1,17.38
0.986020514298556,0.995,7.55
0.495067491212007,0,17.195
0.988672388151689,1,15.745
0.484275675194982,0,16.435
0.991996883856993,1,19.635
0.98810864575239,1,15.06
0.536448628793812,0,14.215
0.984125595168406,1,18.075
0.965213094065756,1,14.785
0.984691168478605,1,12.94
0.52433176177646,0,19.54
0.401740549933632,0,12.475
0.977355261422163,1,29.47
0.398059974244919,0,25.62
0.984721120700571,1,28.195
0.969525009742385,1,32.83
0.991110174102455,1,17.575
0.371022269696835,0.01,25.455
0.991004172463535,1,18.295
0.947698523155473,1,19.77
0.988081828848685,1,52.785
0.987925036980978,0.995,72.44
0.982194705883277,1,51.01
0.320241235651954,0.005,44.92
0.424060481163296,0.005,18.895
0.963086824330221,0.995,38.235
0.977824978356131,1,39.64
0.981604889475315,1,23.97
0.393288399199304,0.015,33.705
0.980073912476342,1,22.895
0.987338007674855,0.995,13.145
0.987217617107539,1,6.78
0.369999754638251,0.015,9.92
0.976202276335284,1,14.65
0.968611273216729,1,3.52
0.968019785518891,0.995,5.635
0.419613643239226,0.005,23
0.467149908828411,0,45.77
0.367165315146858,0,64.185
0.163873319175605,0,27.765
0.983919481597192,1,23.05
0.3268125437994,0,28.97
0.212253023578563,0,50.71
0.371959011312118,0,49.325
0.964750849663126,0.995,65.21
0.508424324144041,0,43.845
0.947943571905703,1,62.905
0.437930263095337,0,68.015
0.369576952585975,0,70.135
0.565268825504373,0.005,67.965
0.224793907307324,0,49.97
0.371051611165432,0,58.725
0.982656823160965,0.995,80.82
0.97754134786716,1,43.28
0.358675610817035,0,64.21
0.141714687794292,0,72.455
0.989772337233865,1,37.24
0.980336020234621,1,66.31
0.970700866538207,1,63.745
0.960611880726221,1,41.575
0.97150575502284,1,51.855
0.383982024886371,0.005,41.03
0.964943345573242,0.99,50.745
0.976098338517878,1,52.975
0.145945478122009,0.005,48.015
0.460504492450819,0,54.175
0.975434623531525,1,42.01
0.360028645222755,0,54.625
0.991348898604798,1,26.395
0.484137430463145,0,31.845
0.972186847182534,1,56.695
0.989787245582776,1,15.945
0.511983331889681,0,24.63
0.19340609488896,0.005,11.82
0.988064113524263,1,14.15
0.982735082433783,0.98,13.6
0.963584816674333,1,12.12
0.98230021841854,1,9.605
0.281932383811569,0,16.77
0.992375583358371,1,13.83
0.979919476123893,1,10.47
0.530245727908801,0.01,7.085
0.985636791328051,0.995,25.805
0.975594615276325,1,25.89
0.96871285763087,1,25.05
0.989206412568026,1,19.88
0.336432606825111,0,13.635
0.990782433869052,1,46.085
0.98659799076665,0.995,76.075
0.984586856241465,1,45.775
0.372865170856872,0,15.485
0.979391308471746,1,23.625
0.98877982827825,1,11.89
0.980244957630386,1,36.38
0.972679209501564,0.995,37.48
0.345485696353413,0.01,26.74
0.495818899922123,0.005,18.545
0.368055947675505,0.005,22.57
0.98587767461857,0.995,9.915
0.131861375765791,0,34.76
0.99036840719743,0.99,15.92
0.30545420849066,0.015,29.52
0.932591934665864,0.975,6.99
0.424259943713205,0,2.905
0.987778974506528,1,5.165
0.291056559848198,0,37.11
0.973228618621703,1,40.53
0.977442540978439,0.995,29.49
0.952268013816573,0.985,57.615
0.375238034226563,0,61.28
0.547477389219549,0.005,43.135
0.976192033552075,0.995,48.31
0.968341526153225,0.99,34.025
0.436511377673911,0,26.175
0.978926043001723,1,20.375
0.979971981548732,0.99,19.495
0.567085122035491,0,21.895
0.447676562756859,0,20.27
0.567781390047902,0.01,25.63
0.98895858333259,1,12.06
0.499394594514719,0,19.895
0.991797561139755,1,20.875
0.982478372958484,0.995,18.665
0.992458869944948,0.995,13.845
0.426717458929006,0.005,12.255
0.990447707086282,1,10.08
0.359150142592869,0.005,13.55
0.985087582542289,1,17.635
0.531270337445655,0.005,10.18
0.456046995923253,0.005,15.415
0.390895864701934,0.01,16.125
0.991336267354031,1,24.04
0.988599104004829,0.995,18.04
0.969812875717948,0.985,36.33
0.978211683608988,0.99,17.565
0.992068164021908,0.995,17.24
0.983134287622125,1,14.21
0.991959434793445,0.995,10.695
0.986738432909742,0.99,7.775
0.355158563219706,0.005,8.3
0.988006018390073,1,41.05
0.970977269447573,0.995,50.325
0.942404685184089,1,38.775
0.971704778168074,0.995,55.255
0.986736811232708,1,19.23
0.979229180344656,1,18.64
0.988826278931129,1,19.81
0.582591462839671,0.005,14.605
0.520408307079942,0.005,21.945
0.992779778616214,1,23.29
0.933714264526754,1,23.525
0.598004850443855,0,22.83
0.987668448487613,0.995,12.795
0.982178135529639,1,13.485
0.568544495295334,0.025,13.72
0.989060215203384,0.99,9.6
0.973681358162695,0.99,19.65
0.972934315605644,1,31.365
0.955842319702443,1,33.65
0.88890261968913,1,36.885
0.962065484289069,1,29.49
0.985385412389001,0.995,48.705
0.983837193547074,0.995,82.975
0.937748323192242,1,25.78
0.979926269472282,1,15.31
0.538777846537171,0.03,22.445
0.984309478017429,0.995,35.365
0.182931095590841,0.02,29.81
0.981604524604242,1,9.945
0.473058767379589,0.005,16.525
0.980661828081905,1,19.2
0.978450033858173,0.995,10.185
0.410627969392029,0,11.89
0.44569691321976,0,7.02
0.440867300998832,0.01,7.18
0.405159625781192,0,24.4
0.336929282580043,0,53.46
0.521628643807063,0,22.95
0.283869685165922,0,14.67
0.968777462273861,1,45.565
0.557651420434201,0,46.4
0.320081203514753,0,27.87
0.320470889975874,0,32.035
0.445518482241754,0,64.74
0.976533942486111,1,47.72
0.980996897419859,1,55.735
0.657285584923155,0.005,49.9
0.309392834070465,0,39.52
0.975355459717823,1,65.255
0.22108484753968,0,70.305
0.97763943398293,1,51.23
0.97110466266356,1,58.665
0.974763059578956,1,40.89
0.356958243138075,0,64.225
0.409760270600843,0,69.82
0.380046611304254,0,80.985
0.951615603223339,1,58.515
0.992554085268581,1,46.885
0.975673779359849,1,37.82
0.993563100866965,1,46.005
0.965802414862148,1,41.885
0.139827289115175,0,57.455
0.575363087043197,0,64.695
0.488727711265321,0,19.74
0.146160244299312,0,36.085
0.964315148430388,1,18.71
0.49370140369174,0,28.145
0.994056505721768,1,14.135
0.971326845270258,1,12.39
0.568003379724454,0,11.11
0.477209591624368,0,7.59
0.560472205192019,0,14.555
0.572576033993415,0,8.95
0.967192692293987,1,9.225
0.986295869011546,1,14.21
0.977115448970555,1,13.945
0.434152883669967,0,12.925
0.972668257759641,1,18.91
0.992445860710371,1,8.595
0.168768510811915,0,18.605
0.9925021470832,0.99,19.245
0.413736626163331,0,12.16
0.99235047625262,1,23.595
0.973731156506512,1,10.555
0.970994515092449,1,21.09
0.993745193328398,1,18.725
0.481900579145409,0,14.985
0.667088245476203,0,26.2
0.684638155932304,0.015,20.455
0.99092856523289,0.995,12.33
0.979444357709054,1,20.725
0.982544260958182,1,79.715
0.975590970231456,1,59.275
0.990621157168514,1,42.235
0.989475384220438,1,13.26
0.984327132302642,0.995,35.815
0.991415508312804,1,27.945
0.963083218581561,0.995,12.435
0.983464366498943,1,43.98
0.377290453795348,0.005,20.57
0.17082728334003,0.005,25.48
0.949943243118515,0.99,24.995
0.15740216884143,0,42.395
0.991847529915669,1,17.19
0.237027986580966,0.025,8.22
0.975328232420098,1,3.425
0.410616605238495,0,9.855
0.978918099750348,0.985,6.94
0.261852760094939,0,18.28
0.295704074161426,0,70.7
0.435958244075841,0,21.67
0.990910172347217,1,25.645
0.971785968910575,0.995,46.77
0.324482153413075,0,16.89
0.228372423338334,0,53.375
0.308141842976338,0.005,51.345
0.554332431082365,0,70.92
0.464128212972254,0,74.36
0.971286909051366,1,69.785
0.376746518074897,0.005,62.13
0.968269119563504,1,71.385
0.369692614513205,0,72.69
0.599059507944906,0.005,54.28
0.612391311792296,0,82.46
0.21050680127733,0,54.92
0.381160490594019,0,54.215
0.95931034705037,1,67.13
0.97152170850042,1,47.335
0.305453935367327,0,84.845
0.959469819699076,1,59.7
0.98629786885737,1,88.425
0.978916144705267,1,65.395
0.927082886506315,1,67.88
0.142056792381084,0,52.405
0.990569585650739,1,35.245
0.142247503312968,0,52.655
0.981030661730096,1,63.355
0.640663817063266,0.005,53.75
0.590077255103646,0.005,46.25
0.382960079225198,0,46.25
0.536698128153854,0,32.625
0.438372620572931,0,47.355
0.549183845723919,0.005,28.055
0.98415023157498,1,11.565
0.409089305148344,0,29.245
0.504185029441969,0.005,25.75
0.9917308708544,1,15.64
0.559166283780512,0.005,16.615
0.154305892388819,0.01,24.575
0.233209099118033,0.005,13.15
0.195428929908365,0.01,6.13
0.170733047668044,0,12.125
0.982424254279905,0.995,15.195
0.570386399752809,0,10.75
0.452550222065046,0,12.64
0.470799083548455,0,12.78
0.993268593211441,1,11.93
0.984049456481839,0.99,14.045
0.978058425413647,1,14.04
0.982577263113767,1,16.055
0.283987822629663,0.005,24.025
0.989569708318376,1,17.975
0.980624359416718,1,16.735
0.955371455086384,1,35.33
0.417662293557752,0,13.345
0.989006195594193,1,20.585
0.98895451632158,1,23.31
0.938809605182292,1,26.75
0.975316550686888,1,23.855
0.991970056822001,1,24.095
0.975219892596975,0.995,9.375
0.985110363685417,1,14.29
0.380694264984596,0.005,20.35
0.983092157025883,0.985,28.595
0.303267718144273,0.005,5.245
0.991411019639492,1,19.025
0.991315950654679,1,14.94
0.990153089550063,1,10.67
0.340617760644488,0.01,7.03
0.247180347157854,0.015,16.775
0.989780914102841,1,10
0.366989627596677,0,42.7
0.281487003059146,0,75.7
0.481622374663119,0,20.9
0.356288709776507,0,42.33
0.188734304772296,0,26.11
0.954021197258817,1,66.395
0.491419559157064,0.005,46.5
0.301579187894485,0,26.76
0.57674328067251,0,73.46
0.627210704878813,0,57.085
0.305087752650289,0,86.87
0.376783563752721,0.005,70.725
0.360799581672938,0,49.64
0.636226274548241,0,43.215
0.636865496932346,0,66.935
0.281978142334321,0,54.49
0.360089962711525,0,60.09
0.170853127884945,0.005,32.06
0.983770236761754,1,82.81
0.24238214098053,0,34.31
0.34189348220864,0,44.825
0.142379990992039,0,50.595
0.608977319012631,0,54.81
0.607899805299042,0,52.44
0.61982166128801,0,54.155
0.965467269545512,1,45.02
0.468827974103617,0,51.055
0.248807321620635,0,33.835
0.971153897290791,0.995,38.29
0.373199543916266,0,50.545
0.622208887909711,0,54.975
0.971937331865972,1,29.36
0.295630249225545,0,17
0.478695630768111,0,28.93
0.624011156359246,0.01,19.15
0.465556259825372,0,17.135
0.519958575850887,0.005,8.79
0.334901587800097,0,19.705
0.953035194241454,1,7.555
0.167613961374214,0,15.21
0.172026191691688,0,12.975
0.559211825950387,0,16.86
0.978802555566439,1,10.135
0.973784999900086,1,31.425
0.986694954614706,1,13.475
0.980604822114806,1,17.45
0.979408542376813,1,7.375
0.386102867731283,0.005,8.57
0.401954655977177,0,26.275
0.991256533003772,1,21.085
0.98843113243474,1,37.94
0.990075521853855,1,74.345
0.983347081691671,0.99,48.005
0.970232684347814,1,34.835
0.963377019248255,1,37.415
0.936609506479929,1,29.81
0.587078819559909,0.005,17.75
0.312338554352844,0,24.255
0.989679301469472,1,11.48
0.940777637748136,1,28.095
0.977177754046257,1,12.85
0.392226900807337,0.005,11.175
0.988587832537001,1,33.74
0.28764882511349,0,7.525
0.985660614331727,1,8.41
0.429946836713886,0,37.705
0.275513378840097,0,71.695
0.251694994671695,0.005,44.975
0.421708511522629,0,41.35
0.968011879387901,1,29.985
0.198160673431996,0,26.045
0.149079505495346,0,64.74
0.282186124988021,0,27.81
0.324342885368707,0,19.735
0.366379127076076,0,71.575
0.441975319252312,0,62.72
0.973225137839088,0.995,66.855
0.58636709679311,0,66.47
0.652992781804861,0.005,66.615
0.365867630898295,0,83.925
0.646081376953376,0.015,78.29
0.319843545190889,0,83.23
0.281827760130012,0,61.575
0.405114496978929,0,71.39
0.642788998483408,0.005,65.155
0.21786250316005,0,78.77
0.222270044518612,0,62.9
0.942705790594751,1,85.93
0.210294676349838,0,58.89
0.971802706229951,1,49.14
0.362830553329606,0,63.105
0.481298267536328,0,34.48
0.971429242538473,1,37.15
0.363863259504773,0,58.965
0.141642731718617,0,63.92
0.969166622345509,1,53.72
0.985634492249177,1,51.77
0.989874162669984,1,37.85
0.626468012208559,0,51.79
0.495101050005194,0,20.415
0.534590048252798,0,21.48
0.164230638941972,0,19.49
0.973116241716771,1,19.61
0.34043676920003,0,16.945
0.173483067306371,0,12.295
0.545744519833725,0,18.46
0.540272026410408,0.005,15.165
0.184587276330439,0.005,14.815
0.181358768858199,0,15.88
0.179680653343617,0,16.33
0.614143164230077,0.005,14.11
0.985338760292101,1,18.41
0.390670331334055,0.005,12.2
0.982991379137558,0.995,11.055
0.508982120339115,0.005,18.545
0.982364420667313,1,22.605
0.991006075239632,0.995,14.705
0.977039033558552,0.995,44.68
0.989070611758992,1,26.345
0.986964253947124,1,23.09
0.984900283365732,1,40.58
0.97822856827707,1,45.485
0.940930004120848,0.995,25.515
0.346624824379602,0,19.04
0.975665339136718,0.985,17.21
0.98764767384114,1,4.24
0.990878719135211,1,9.41
0.990632509385719,1,5.745
0.981621094991448,1,8.27
0.532142273363151,0,1.39
0.984957521733735,1,1.79
0.991195016436623,1,16.86
0.413884999503393,0,35.81
0.42350433424483,0,23.51
0.206079835596251,0,26.73
0.432544051528655,0,23.68
0.315829700666925,0,40.225
0.977559011645316,1,68.485
0.499611570458789,0,42.835
0.386573943577126,0,81.83
0.274817795257949,0,57.75
0.180118050257177,0.015,30.205
0.611804158734733,0,60.2
0.986150345243508,1,68.705
0.286145144855931,0,56.905
0.979385924345441,1,60.845
0.334817777407901,0,84.65
0.495397887725418,0.01,53.5
0.379942500566593,0,75.475
0.523416818715403,0,51.17
0.976045410405699,1,41.445
0.977533766435293,1,35.925
0.503019135433386,0,30.78
0.588195135100496,0,49.665
0.978610221098886,0.995,52.425
0.15471748432435,0,47.205
0.347077851325318,0,35.475
0.625013523846248,0,43.6
0.288207576113001,0,48.87
0.463476435314492,0,18.545
0.561503447229153,0.005,21.365
0.305021419433123,0,15.275
0.982095187896455,1,15.34
0.988956088223509,1,11.29
0.989998470675689,0.995,14.4
0.479297130389612,0,11.885
0.537283059814071,0,16.205
0.457560705812002,0.005,10.23
0.57357373049152,0,14.185
0.602799688472033,0.005,12.55
0.982619726518118,1,14.815
0.42493932974232,0.005,14.83
0.973893069889451,1,12.11
0.974275627987189,1,13.535
0.349984167192363,0,16.725
0.422400942963826,0,8.34
0.300487067395075,0,14.975
0.977119769723741,1,29.705
0.98745865423962,0.99,9.94
0.288549444621698,0.005,57.99
0.974582342275006,0.995,33.455
0.977344115817001,1,31.145
0.281597204425931,0,9.16
0.952528689454635,0.975,23.225
0.982353917328205,0.995,16.995
0.180957222071713,0.01,18.305
0.395875176657888,0,12.05
0.382040012355378,0,12.95
0.49368228038497,0,7.325
0.986028882055498,0.995,1.96
0.97650459708478,0.995,68.305
0.982592907988378,1,23.905
0.971175438885565,1,40.235
0.986497321462449,1,76.97
0.513352984158441,0,48.56
0.980433480769154,0.995,24.855
0.554123450334381,0,16.21
0.991839194645008,0.995,18.035
0.568181832805713,0,22.49
0.542953764125587,0.005,22.85
0.972309514160888,1,10.515
0.984335804712585,1,17.495
0.357080057922019,0,8.935
0.40781961391956,0,9.57
0.424737543253659,0,19.08
0.346638207810279,0,19.525
0.968495914642625,0.995,19.045
0.579804887804389,0.005,13.88
0.99051318186232,0.985,7.17
0.408437638665608,0,11.92
0.499079870311675,0,13.53
0.989155144722977,1,17.885
0.992207048436631,1,27.245
0.509093524868719,0.005,16.5
0.990543769381953,1,30.13
0.897338717357011,0.99,48.87
0.95080496793966,0.995,62.13
0.98430234069218,1,47.325
0.98056624402537,1,44.5
0.990753204353153,1,15.465
0.987967981121845,0.995,22.71
0.421837712415615,0,20.45
0.961944887916182,0.98,9.36
0.97768283844057,0.99,4.835
0.330229151653432,0,6.1
0.902392134789892,0.995,7.05
0.573644889080061,0.01,76.105
0.989890086267781,1,29.88
0.98653798705203,1,25.085
0.989051776216034,0.995,45.075
0.142533721415869,0.01,23.23
0.981647359388708,1,28.915
0.526226491443568,0,22.095
0.552403854577384,0.005,32.55
0.990912991499206,1,18.995
0.98433489216981,1,18.98
0.991405395483763,1,21.03
0.382795980667141,0,13.68
0.526202127045915,0.005,17.31
0.975421676406397,1,21.705
0.991034906484839,1,17.915
0.962432400645983,1,19.22
0.986467763618436,0.99,19.235
0.960139530307962,1,19.17
0.991442113001402,1,23.44
0.988075021397492,1,12.19
0.961468291265055,1,19.14
0.589602730390456,0,15.625
0.951283697321378,1,18.645
0.986251725531887,1,7.67
0.978665093086096,1,15.6
0.989064048650426,1,17.155
0.98550668256651,1,13.395
0.991089043962388,1,21.9
0.985561196732871,1,17.255
0.31439321093071,0.005,9.61
0.990409797533943,1,26.68
0.322413091676629,0,18.155
0.980611510068714,1,11.875
0.520804888566126,0.01,37.55
0.922130780889201,1,42.495
0.516899308513293,0.01,18.485
0.930328526798955,0.995,46.91
0.955679068814834,1,41.99
0.991355408581724,0.995,9.245
0.962760285593336,0.985,19.5
0.435423817053513,0.005,12.14
0.43281383133212,0,6.025
0.945218420578986,1,7.795
0.987222227579395,1,5.335
0.369465966191205,0,37.195
0.963826058069251,1,44.085
0.37609404168463,0,49.265
0.23038660738376,0,31.415
0.553417548311767,0.015,59.49
0.337073808302633,0,26.3
0.353603632653131,0,26.55
0.319395092838447,0,83.99
0.962826718014582,0.995,57.825
0.6088379137628,0,67.765
0.966125487722312,0.995,69.89
0.975962656202362,0.995,62.285
0.98075756605282,1,73.855
0.570084705208754,0,85.66
0.4781430037505,0,46.875
0.379640323618586,0,77.965
0.38940678314784,0,53.09
0.965447521750157,0.985,43.49
0.50657152483423,0,30.785
0.365937452505663,0,49.175
0.958961835251583,1,16.315
0.538154558053074,0,17.17
0.553430643545657,0,18.785
0.452305487963099,0,22.02
0.992562606950447,1,15.56
0.325267854533905,0,24.885
0.602718565275648,0,17.19
0.985836088509732,1,9.935
0.556001657859094,0,16.715
0.982448461218349,1,17.51
0.96499401541285,1,20.355
0.459987069108386,0,13.1
0.963494537858562,1,20.12
0.99254529265128,1,17.685
0.32484992410267,0,14.615
0.314379425219074,0.005,13.665
0.376428046241391,0.045,15.8
0.977001259697383,1,18.455
0.990688609682679,1,24.245
0.979149450362868,1,21.545
0.982008675820776,1,28.685
0.597698589873376,0.005,26.72
0.668842370178368,0,35.865
0.979766884321661,1,20.03
0.514841166994513,0,28.655
0.216644170656656,0,32.375
0.989741852642476,1,15.33
0.960560278493442,1,57.135
0.980579444433437,1,76.675
0.989783686620833,1,26.36
0.603658633859565,0,33.34
0.529259058930416,0,19.755
0.986636589406237,0.995,26.19
0.982617615134451,1,19.13
0.990233022487458,0.995,16.355
0.97523313666662,0.995,33.83
0.439795403097231,0.01,9.41
0.203343070249636,0.005,12.485
0.982538311686521,1,38.175
0.520519183731817,0,18.675
0.386322769077858,0,25.395
0.523253379663748,0,42.08
0.228221342986789,0,80.65
0.375418253989905,0,43.13
0.228394590997632,0,34.79
0.319077333245026,0,19.825
0.972168419798721,1,50.4
0.31074049617327,0,86.19
0.966651375399049,1,61.7
0.969508133895873,0.995,53.64
0.175830469640081,0,58.45
0.970181096984572,0.995,68.385
0.987184440478503,1,56.18
0.393219283097314,0,75.71
0.40785376881361,0,75.13
0.974136211888319,1,46.495
0.14824135155698,0,45.615
0.294776396882381,0,38.265
0.143161743624764,0,52.88
0.240692100865997,0,47.59
0.57007220337734,0.005,64.94
0.31673062978478,0,38.075
0.157217940047254,0,36.325
0.971478908342955,1,35.42
0.392422672221249,0,43.22
0.42382116396742,0,60.22
0.463281061834367,0,53.425
0.22647247971862,0,56.36
0.5430569670028,0,35.185
0.967186113706234,1,33.025
0.982494550438286,1,23.945
0.502564994500097,0,23.79
0.16674298058516,0,18.5
0.953355292212162,1,17.13
0.963850639374582,1,11.92
0.444425050223411,0,15.52
0.558843337696735,0.015,18.86
0.390545417146282,0,10.625
0.380609850681383,0,17.625
0.991305916398102,1,16.045
0.967912905746822,1,13.165
0.617998711061269,0.005,14.615
0.417732220109568,0,14.125
0.553184874254313,0.01,14.785
0.977163499974498,1,16.325
0.472078741507366,0.005,14.66
0.988857122314337,1,12.49
0.544658691921591,0,29.45
0.518111210831368,0.01,60.645
0.972691506601373,1,50.075
0.979013259534206,1,18.14
0.478695594657742,0.005,72.235
0.985205409444587,0.995,10.88
0.973819920277885,1,44.645
0.972398724659839,1,55.56
0.416593806683875,0,23.31
0.346350349573783,0,22.78
0.982403393059314,1,12.45
0.417471116421485,0,8.465
0.209131630822613,0,47.43
0.374403281416639,0,35.925
0.379308868595672,0,47.26
0.632588696175528,0,23.86
0.622228550506843,0,17.47
0.982195087276002,1,25.95
0.989028923778999,1,16.54
0.629410956280469,0,11.725
0.324183701894748,0,14.245
0.99084731835704,1,13.725
0.607431994040161,0,11.965
0.9133289652858,1,13.88
0.639118777164139,0,5.585
0.338947979656925,0,29.615
0.988156294074253,1,27.08
0.987723145097765,0.995,34.445
0.605162601041558,0.01,30.245
0.99038128880367,1,27.69
0.984337241331516,1,41.67
0.903545421105794,0.995,12.625
0.349876673250081,0,9.81
0.985167648418559,0.995,30.125
0.98826018963997,0.995,17.58
0.989824660847651,1,5.065
0.990712339402044,1,18.63
0.246802335825952,0,22.22
0.377090947460047,0,42.83
0.962219295418823,0.995,66.71
0.335476979357236,0,19.76
0.216080074243821,0,80.42
0.374396163237355,0,46.07
0.557462148381953,0.005,41.035
0.965403629947729,1,42.36
0.313160697490786,0.005,28.885
0.662181317680545,0,50.7
0.470602512011563,0,70.035
0.465784068082518,0,48.075
0.377635705356506,0,58.45
0.320457505449327,0,83.745
0.271712134059694,0,77.465
0.471969748590908,0.005,82.505
0.378839422854593,0.005,74.27
0.26223848244361,0,81.285
0.974977153378798,1,64.695
0.967471851658704,1,39.44
0.149700996737165,0,57.475
0.349715593636109,0,49.09
0.357144722703822,0,46.665
0.990221303275008,1,17.725
0.902254230960521,1,21.85
0.979760243624212,0.995,16.51
0.48264336719196,0,24.57
0.973228770451512,1,28.365
0.614993742549995,0,20.295
0.271267182202051,0,20.595
0.49364832819021,0,23.43
0.989276568888694,1,19.145
0.991141734737722,1,17.015
0.45839026448425,0,18.51
0.506977451174665,0,22.23
0.316950836533831,0,11.265
0.975440969547736,1,18.79
0.444003613175596,0,12.08
0.575570136922905,0,17.425
0.500889041744203,0,19.575
0.570037510630913,0,12.085
0.496640741132312,0.005,17.49
0.970283091365523,1,19.29
0.980215158348413,1,31.055
0.620425087664201,0.01,19.37
0.972283085530097,1,19.77
0.492512464873697,0.01,16.48
0.986564250032017,0.995,31.595
0.988422273328188,1,9.155
0.906571836934876,1,33.21
0.916320112637845,1,26.605
0.98647665962663,0.995,39.815
0.988274518621075,0.995,12.2
0.972129139625027,0.995,50.05
0.978238469259113,0.995,53.135
0.584489647451572,0,37.29
0.615276246726632,0,30.325
0.961799247280992,1,9.465
0.372087019127873,0,19.985
0.987540471930412,1,31.2
0.374159132770315,0.005,13.905
0.990736101573469,0.99,17.075
0.990510864076859,1,12.76
0.979553347346489,1,16.84
0.977256451595931,0.995,6.195
0.990589017664982,1,6.695
0.987927879096853,1,11.055
0.977460825106276,0.995,5.355
0.441215000562444,0,16.585
0.987733157258631,1,42.545
0.406837636602796,0,26.485
0.949143715581048,0.995,68.775
0.393542568900417,0,29.875
0.309786245647503,0,48.41
0.268863251245142,0,31.935
0.98897195993828,0.995,26.74
0.221649406553667,0,31.89
0.986043616861793,1,58.875
0.221110577866866,0.01,64.27
0.972521439207377,1,78.46
0.381545779570728,0,58.6
0.957627870018516,1,76.605
0.584056673579142,0,48.56
0.6250375679553,0,54.885
0.152656505366625,0,53.685
0.978831380778421,1,46.195
0.474313835634778,0,35.935
0.243356237346771,0,47.54
0.566707697000687,0.005,48.315
0.294819367023668,0,60.77
0.978927104457317,0.995,45.255
0.531744686248544,0,54.3
0.533273643777284,0.005,52.775
0.97220976714768,1,47.365
0.891087277279079,1,34.155
0.545166871441927,0.005,24.52
0.447778236241287,0,20.45
0.478088686966796,0,23.31
0.966937764595998,1,17.955
0.989286565895563,0.995,19.73
0.970729244563572,1,33.675
0.341650575584929,0,24.245
0.244252393381549,0,30.62
0.176054157663251,0,11.67
0.973333516964164,1,10.515
0.984085294094286,1,21.935
0.187188361701351,0.005,14.41
0.990781626108784,1,17.485
0.487770486821948,0,20.58
0.184286542749266,0,19.23
0.414976020643324,0,18.61
0.978673585249081,1,18.94
0.977605041004743,1,18.27
0.509505401878976,0,10.35
0.988550779025749,1,15.96
0.988627651282423,1,13.17
0.898929014431762,1,25.85
0.982277606669273,0.99,22.135
0.982454244479475,1,21.79
0.919816237877302,1,30.275
0.920437080501083,1,28.89
0.971954918501222,0.99,26.15
0.9897614932221,1,30.37
0.461968243549424,0.005,46.245
0.986063415653073,1,37.705
0.978898773779282,0.995,8.09
0.174843301395378,0,35.415
0.977319730834159,1,19.69
0.353933721408438,0,6.335
0.361312642505017,0,10.72
0.898952832193756,0.985,16.83
0.376848973583491,0,5.28
0.987089938914585,0.985,6.945
0.98654459850788,0.975,7.47
0.540130877908911,0,19.475
0.972856072358925,1,34.715
0.985005054060836,1,56.76
0.982474655665894,0.995,57.465
0.362883138999064,0,52.965
0.97413461325764,0.995,30.745
0.983917454457646,1,48.465
0.970396753021646,0.995,32.925
0.630269100797516,0,39.42
0.405510978288763,0,19.99
0.906319238208535,0.995,20.235
0.979181465380666,0.995,19.085
0.983904688945543,0.99,15.145
0.586997952120173,0,18.15
0.990663692620745,0.995,19.095
0.98603214393105,1,14.3
0.440829061979106,0,14.655
0.974857871505598,1,15.055
0.571765262946206,0,13.73
0.982045567529931,1,11.475
0.991432688116406,1,18.57
0.986420689108323,1,18.895
0.45316390073437,0.005,15.65
0.989590282588732,1,8.885
0.398450945821135,0.005,12.205
0.98428030283251,0.97,16.31
0.512580281547671,0,15.855
0.974117267770833,0.99,17.96
0.990737157760308,1,22.61
0.990796291207301,1,20.835
0.988675566561308,0.99,18.98
0.975910647416256,1,11.035
0.519135137810859,0,38.03
0.990697349547536,1,27.755
0.99178481029127,0.995,17.595
0.98041272085181,0.995,22.535
0.989879706930895,0.99,32.615
0.991517778074676,1,20.035
0.356880523434413,0.01,6.815
0.61165965445972,0.005,5.755
0.892510795856977,0.995,51.675
0.957034977536983,1,89.18
0.979196075796887,1,60.38
0.380499905006501,0.01,46.675
0.969014814360753,1,31.635
0.990217425117561,0.995,50.28
0.989124680771929,1,18.945
0.552856568065585,0.005,25.455
0.589816297137414,0,23.26
0.586514563971691,0,16.31
0.977576491830187,1,9.455
0.590541878892982,0.005,13.89
0.426557025892038,0.005,18.715
0.973967476999869,0.995,10.98
0.505633150958929,0,23.155
0.362950910216051,0.01,11.45
0.918319689401066,1,19.48
0.979476976089985,1,18.69
0.455023345243304,0.005,16.255
0.991872032309236,1,15.02
0.971907026075233,1,11.67
0.993053243834567,0.995,14.745
0.427477769308602,0.005,15.98
0.988212856607889,0.995,11.045
0.985962809329163,1,11.085
0.990842788364413,1,21.085
0.333920950842979,0.01,18.185
0.580809703018611,0.005,12.21
0.980133455544561,0.99,14.595
0.986015360370759,0.995,27.135
0.612356832310959,0.01,27.41
0.98753384098894,1,17.54
0.979168307734352,1,14.565
0.991447117125991,0.995,26.555
0.983320384556613,1,15.29
0.992141863378428,1,26.65
0.376539122547061,0.005,27.59
0.990490125457126,1,18.65
0.960026025015208,1,38.37
0.3671508007557,0,26.015
0.991850193049831,1,24.4
0.430192431649983,0,11.765
0.384694463968963,0,26.595
0.979411544110803,0.995,14.345
0.978206880248868,1,13.54
0.623027107418562,0,13.7
0.361204733897965,0,17.205
0.976935778148145,1,14.365
0.993006982230899,1,14.675
0.439930822133428,0.005,9.16
0.453357584023805,0.01,27.1
0.993372187417004,1,16.415
0.984533681687391,1,19.865
0.967792377143204,1,50.985
0.567723621946778,0,37.58
0.399599218310922,0,61.83
0.320038942482465,0,31.465
0.990069428168223,1,29.245
0.557685225945266,0,39.865
0.330121877282004,0,40.93
0.98097479199641,1,80.665
0.632235046422057,0,38.405
0.208098924063323,0,65.905
0.976236216754361,1,70.875
0.976854559357792,0.995,81.54
0.389931107299493,0,79.515
0.973225255478826,0.995,63.715
0.264267707442626,0,76.245
0.939967676244184,1,63.955
0.360259823138834,0,50.765
0.318146678366446,0,85.815
0.4437627689612,0,57.58
0.463283530163303,0,69.13
0.602930783623599,0,91.63
0.328228287810125,0,82.72
0.454819012495059,0.005,78.6
0.598924195808505,0,72.515
0.632316721084089,0.01,41.085
0.342535513921923,0,54.705
0.294955215541222,0,54.715
0.383630644095228,0,36.96
0.353330614582862,0,56.185
0.973032231023155,1,37.01
0.60623805050266,0,20.545
0.993219424185604,1,12.325
0.491606461523657,0.005,27.56
0.906184597350448,1,19.92
0.526732849202564,0.01,22.935
0.993572019250086,1,21.17
0.987218087597581,1,14.85
0.96785177416432,0.995,11.655
0.977078145256652,0.995,22.065
0.549826053570469,0,19.56
0.493352524350725,0,17.91
0.969811876632911,1,15.84
0.596206394363794,0,10.275
0.992918084381398,1,19.9
0.916822775784121,1,20.265
0.919029474850777,1,7.445
0.986285537507065,1,8.89
0.992365892682437,0.995,13.155
0.614664519282667,0,18.675
0.991940878776399,1,16.975
0.515741796892844,0.005,26.285
0.985250379696483,1,19.285
0.575574057466177,0.01,14.115
0.991198737117875,1,27.77
0.991450376164602,1,25.83
0.904816645272691,1,31.77
0.985979075442783,1,16.035
0.587867949155444,0,26.22
0.976858206371007,1,59.69
0.967166845195934,1,85.81
0.577951084310351,0.005,45.79
0.987007466223878,1,35.19
0.97679271324792,1,11.395
0.3929817943371,0.005,28.43
0.973674520612125,1,24.36
0.595228076845343,0,32.485
0.672477955138279,0,19.97
0.17395870687209,0,25.48
0.991486483196453,1,19.83
0.990953220071133,1,10.325
0.991172300941721,0.995,12.31
0.958152148400286,1,21.335
0.431804243413563,0.005,10.005
0.467692036508093,0.01,64.52
0.977528398265063,1,37.25
0.950682456210009,0.995,64.23
0.450032556167951,0,29.61
0.291850544534366,0,50.995
0.254367211550151,0,48.965
0.336222522726546,0,15.275
0.209295597739467,0,52.455
0.506739272145301,0.005,39.345
0.374404131609783,0,62.345
0.568602173013818,0,85.805
0.975319041071944,1,71.4
0.566371384825842,0.015,80.365
0.962975541182463,0.985,63.945
0.325269274539943,0,83.235
0.629060142533575,0,52.535
0.483869052961536,0,42.065
0.945099993332523,1,69.66
0.964979820182878,1,63.455
0.374809165915736,0,62.805
0.975665052541203,1,39.79
0.384269109381844,0,38.43
0.630981574084274,0,43.805
0.248921894880523,0,34.49
0.986985652095827,1,34.695
0.35884465746919,0,47.06
0.985232391945996,1,41.745
0.482666196349493,0,34.88
0.63198983919704,0,53.87
0.970443779742075,1,31.36
0.976121814065788,1,55.345
0.973948161247196,0.995,46.7
0.980075325958562,1,20.875
0.989404918771113,1,18.555
0.960240439040295,1,18.12
0.35668992269052,0,22.07
0.970358496347268,1,32.59
0.981915570103226,1,15.415
0.988156339699451,1,21.125
0.393036532357279,0,16.485
0.990087703655521,1,15.75
0.557212872297029,0,16.905
0.542258228072508,0,9.315
0.559902939742042,0,16.205
0.17172845037683,0,10.665
0.195901827649255,0,14.6
0.180048260136575,0,19.11
0.398913544514053,0,12.565
0.990460769220095,1,20.625
0.966509066837238,1,11.815
0.572874871308313,0,16.735
0.991046289771987,1,15.99
0.9682659245545,1,11.32
0.404242788288219,0.005,12.335
0.288063699756382,0.005,15.55
0.984873205069113,0.995,16.47
0.612578528822877,0,14.52
0.97246575399376,1,10.43
0.984991694647696,0.995,21.32
0.91140933616854,1,24.22
0.987933579235653,1,17.25
0.986669571341097,1,10.305
0.975263827379302,1,17.08
0.41700570850356,0.02,25.795
0.987327784180548,1,41.18
0.962170079944164,1,57.39
0.591016006811469,0.005,37.035
0.989109581339379,0.99,34.775
0.990036088277317,1,16.455
0.454250569486329,0,14.65
0.978489345578943,0.995,12.145
0.478847771918856,0,31.01
0.990625713577303,1,28.42
0.977220230528447,1,18.745
0.587584965418124,0.005,12.915
0.988721622379982,1,13.64
0.419379723912162,0,10.28
0.33806401233395,0,6.97
0.988957696455284,1,2.685
0.366999003242211,0,6.545
0.988075959977786,1,43.075
0.923409275543747,0.995,21.1
0.906851616557658,1,43.65
0.485046182255983,0.01,47.76
0.309938340927767,0,44.785
0.234873338749915,0,81.095
0.941384637836577,1,59.16
0.977211659058185,1,51.57
0.964282253149058,0.995,65.285
0.634283162313273,0,45.645
0.216418389998349,0,82.56
0.986592248227278,1,52.23
0.972173738351008,1,71.07
0.621038447127102,0,65.795
0.349934735121356,0,65.795
0.366915783817105,0,64.58
0.382476393874665,0.005,80.16
0.919589081240269,1,84.92
0.591764215677565,0.005,88.525
0.450146978596751,0,46.76
0.375353495536233,0,60.545
0.350651566967678,0,58.26
0.433970215916584,0,68.35
0.959799615856653,1,73.76
0.359104622915939,0,45
0.34007608703862,0,63.01
0.549284111153252,0,50.95
0.157187887443627,0,32.945
0.969592717210022,0.995,40.425
0.963663203471251,1,40.38
0.988830447199895,1,21.905
0.17223911576324,0,24.015
0.622624915320302,0.005,17.425
0.975045649060902,1,26.65
0.973649234822684,1,16.43
0.989507378333146,1,24.575
0.990148567812376,1,19.61
0.984874219532352,1,16.72
0.987957025166568,1,8.05
0.989599961084104,1,9.74
0.629363483449478,0,13.26
0.459739093003322,0,14.7
0.541122536617329,0.005,15.74
0.409494417983067,0.005,15.445
0.970682501013871,1,17.635
0.97092919015997,1,9.98
0.981401135099904,1,29.62
0.97487629968585,0.995,16.255
0.697111963955681,0.005,9.395
0.986703380190522,1,26.305
0.636898814206465,0,29.395
0.976584974718596,0.995,18.94
0.618614574750508,0,11.63
0.990742216092058,1,24.065
0.639149060678002,0.01,60.14
0.977785812097983,0.995,12.775
0.966190166427122,1,16.775
0.987752617998757,1,20.115
0.990866474646303,1,31.06
0.951451647180002,1,38.73
0.920573764416155,0.995,23.33
0.96983138622124,1,11.23
0.361154539800994,0.005,23.665
0.959170048815108,0.995,33.645
0.306754328974302,0.005,9.915
0.989905232932594,1,6.58
0.989829448372308,1,4.695
0.989804649381849,1,9.66
0.41456079403725,0.005,5.36
0.464481445548584,0.005,71.58
0.988137832978523,0.995,3.555
0.938640610752849,1,72.675
0.962406878922918,1,45.535
0.277966203750701,0,45.025
0.417390411355159,0.005,44.715
0.439733836401272,0.005,40.17
0.251587127088885,0.005,68.01
0.945052709783229,0.995,62.6
0.971812051414937,1,65.13
0.554226593951564,0,78.02
0.277140681691836,0,82.985
0.387970842112203,0,63.735
0.982508809713656,1,81.15
0.909822535373143,0.995,84.64
0.333014536050279,0,83.2
0.585106283397176,0,70.615
0.631929142012955,0,56.455
0.494536994018284,0,75.39
0.39616008254598,0,53.075
0.233560425720804,0,64.025
0.966558111440615,1,70.09
0.423112869213252,0,64.94
0.635908029635714,0,53.97
0.239995125973329,0,48.9
0.981070215330049,1,41.41
0.963872025522667,1,49.83
0.973923887354074,1,41.965
0.150336260816072,0,55.895
0.24103777347291,0,39.015
0.474120005264024,0,36.585
0.449391657160823,0,56.32
0.97557677037812,1,42.09
0.269220330042642,0,18.745
0.507693506111191,0,29.38
0.507123728014782,0,18.955
0.958066630370576,0.995,19.85
0.990497708779825,1,18.23
0.963767776482358,1,19.65
0.926574638293739,1,19.765
0.147859489738828,0,25.01
0.991466402569758,1,16.48
0.977995774089159,1,22.28
0.983151777299582,1,19.24
0.551787485867787,0.02,25.74
0.164460248966873,0,21.445
0.966717331324267,1,16.87
0.506972489385218,0,20.24
0.193720707369071,0,7.515
0.183333866953454,0,15.775
0.978182277498264,1,10.8
0.632189843486806,0.015,8.165
0.990670431329155,1,19.31
0.98640222682085,1,13.985
0.974555816173289,1,11.9
0.628947579754095,0.005,15.995
0.422203119614212,0.01,21.79
0.97958989994329,1,34.3
0.980061486073596,1,15.585
0.986219301563495,1,23
0.962641609359082,0.995,33.475
0.978794205825436,1,12.35
0.965698912698227,0.99,17.99
0.980858330157562,0.995,31.365
0.954764546066892,0.995,44.15
0.431877797059033,0.015,38.07
0.979924720314547,1,37.18
0.973186687994394,1,38.765
0.624714061354228,0,36.475
0.315012993201759,0.01,19.28
0.990678652595281,1,22.715
0.990860394338725,1,21.495
0.989789058810639,1,10.725
0.360421234631172,0,7.595
0.99068695094076,1,18.785
0.989689397252827,1,7.83
0.465742396559291,0,72.72
0.986065266331779,0.995,17.455
0.987198081068465,1,43.23
0.40231891983871,0,30.485
0.978050917840765,0.995,35.69
0.391228847047374,0.005,52.195
0.968040369551112,0.995,48.91
0.539183753519115,0.005,59.155
0.158442931976724,0,65.07
0.464582679546421,0,55.22
0.981903136382243,1,52.45
0.575452604243084,0,57.93
0.954429726551343,0.995,75.85
0.979747481725229,1,61.805
0.974080493215525,1,68.665
0.373850240235973,0,68.565
0.944410088935052,0.995,63.235
0.216832580923237,0,83.525
0.154736990951837,0,74.19
0.949334656522511,1,51.525
0.333967531526168,0,85.185
0.428625072000832,0,28.56
0.195326616345765,0,90.89
0.385193176485732,0,81.3
0.568588186994776,0,68.24
0.439902224768767,0,43.005
0.980433969329486,0.995,45.155
0.384950527154893,0,34.505
0.535029516269481,0,44.72
0.988148026294267,1,46.55
0.968199672864939,1,39.765
0.968784494237802,1,54.42
0.373097148033886,0,55.92
0.524973438950541,0,66.275
0.520659849785702,0,22.28
0.965007558459498,1,19
0.960850785497687,1,18.295
0.970881951296821,1,30.865
0.98699253639296,0.995,24.845
0.253753178509724,0,33.015
0.159578160921027,0,23.94
0.991458487794046,1,17.13
0.538308830003415,0,11.345
0.977454522979512,1,18.055
0.53444168278488,0,13
0.579553157751662,0,19.845
0.991384949186011,1,17.23
0.982520201585784,1,18.03
0.305018811219842,0,10.525
0.990034241615197,1,18.605
0.98585841601206,0.995,14.455
0.387429331726171,0.01,19.715
0.979065498551493,1,14.47
0.608522166115867,0.005,15.2
0.971066742639985,1,13.56
0.980167118096209,1,19.35
0.979728601375842,1,29.15
0.946311198989257,0.995,17.485
0.507015802027997,0.01,60.83
0.405382949400847,0.015,47.195
0.113168752920102,0,40.67
0.980888422849114,1,5.725
0.153783283906667,0,37.375
0.365950446042662,0.005,9.495
0.98963724452289,1,18.205
0.422210226962395,0.005,10.755
0.371463397492059,0,4.22
0.556199091388165,0,4.2
0.553911200899396,0,21.975
0.322265478640387,0,30.78
0.565632696414766,0.015,36.545
0.555225880006177,0,31.43
0.350602842684715,0,53.105
0.976278769268822,1,33.685
0.973282329504101,1,28.99
0.573972180311661,0.015,20.63
0.990954442535337,1,18.945
0.906732168704706,0.995,21.465
0.566019712590736,0,16.64
0.562671429955335,0.01,13.595
0.586896344358792,0.005,17.9
0.969990915773889,1,21.415
0.560478641686142,0,15.34
0.484187057564169,0,17.905
0.98763376502076,1,11.11
0.989035797259398,1,9.02
0.983642026468497,0.99,11.39
0.31577210574443,0.01,11.165
0.982189293074902,1,15.645
0.472138183282217,0,13.425
0.335439518392805,0,17.005
0.542694031165678,0,22.615
0.980692944720402,0.995,18.255
0.986861112860121,1,29.315
0.979820668406261,1,20.69
0.98985048761987,0.99,12.545
0.984554605748048,1,25.47
0.375681529047319,0,23.855
0.991074827037102,1,22.225
0.978417617134749,1,28.19
0.989688239856517,1,28.115
0.472709808007139,0.005,59.09
0.990763445506746,1,23.39
0.964529758250895,1,20.135
0.456772964997857,0,10.01
0.932293035726479,0.995,8.37
0.177197304869608,0,21.285
0.99021954759611,0.995,3.92
0.3041460776023,0,3.525
0.38230957312425,0,5.41
0.907077843978517,0.985,4.88
0.991627440946478,1,11.05
0.522963022658605,0.025,5.095
0.984037161095633,1,50.13
0.982458542037243,0.995,50.55
0.958439531826684,1,39.585
0.96760963169215,1,18.585
0.95384792600961,1,19.635
0.988714386750563,1,23.365
0.534243715462538,0,15.77
0.990823460738704,1,17.84
0.990401674396769,1,16.14
0.439242879963842,0.005,22.125
0.60636393685644,0,15.96
0.984687261733477,0.995,22.36
0.974260357510674,1,18.79
0.976613352582842,1,18.8
0.441165727307667,0,15.475
0.50418470221536,0.005,14.775
0.989216853553927,1,20.38
0.989458796164521,1,17.43
0.21973341522676,0.015,11.415
0.986286865464563,1,16.575
0.354990704650793,0.005,24.24
0.971073037873011,0.985,15.97
0.990409797533943,1,26.74
0.977517744565901,1,20.07
0.98961308555144,1,28.235
0.980279009893432,0.995,12.01
0.248403135420767,0,14.855
0.970447271443375,1,17.155
0.599412605871046,0.01,27.66
0.989652397215227,1,29.31
0.970982248958994,1,26.975
0.959137142097846,1,25.47
0.989544858653116,1,13.465
0.987055677216309,0.99,24.83
0.245607538445263,0.005,23.105
0.991920366747456,1,24.16
0.993219794367465,0.995,11.055
0.991509242549537,1,21.86
0.307988399799147,0,7.08
0.993837024105212,0.995,11.655
0.318282541150909,0.01,8.4
0.992070292209695,1,13.275
0.932879657150531,1,4.965
0.439056572643615,0,8.03
0.430627421820166,0,5.215
0.470030928815215,0,73
0.969303036870456,0.99,49.39
0.526990319596456,0.01,59.39
0.530716628188351,0,26.27
0.99072486442471,0.99,42.48
0.980553905763427,1,21.96
0.442129833510955,0,64.395
0.221906359032028,0,26.03
0.969248963879014,1,52.905
0.9401633039064,0.995,60.98
0.921594794819254,0.995,58.845
0.377374636831154,0,82.89
0.971883302731127,1,74.09
0.607233461324881,0.01,71.735
0.359586523778654,0,59.045
0.373424716919289,0.005,88.965
0.626844283055506,0,49.125
0.624852159762514,0.01,69.06
0.631920372682948,0.005,54.475
0.523473609448533,0,37.615
0.947197641783876,1,39.26
0.538485887396301,0,38.625
0.511182127201781,0,33.035
0.966998096300977,1,33.005
0.243427749331126,0,41.03
0.551416098346398,0,40.32
0.201288922763458,0,21.7
0.543147788768126,0.005,16.115
0.489635993746584,0,17.475
0.992428686578912,1,13.3
0.980779658004647,1,16.185
0.992041277972376,1,20.705
0.961616767659618,1,14.635
0.992209473879463,0.985,16.88
0.503488416354417,0,16.835
0.455683914566067,0,16.855
0.99198849809301,1,10.09
0.983837424863984,0.995,12.3
0.601566516093819,0,14.075
0.962199211752935,1,14.925
0.165001648413379,0,11.245
0.458707173608287,0.005,20.45
0.957987527547139,0.995,17.31
0.40662099470182,0.01,7.45
0.358142027404559,0.005,16.01
0.614521641912401,0.005,19.06
0.975974772246916,1,34.66
0.992906467943222,1,24.725
0.987959702904842,1,7.45
0.972484170183628,1,14.88
0.987427331431678,1,25.735
0.95880865115084,1,14.505
0.990361563467404,1,26.65
0.976687049069244,1,63.825
0.981354560043064,1,42.715
0.924399359271232,0.995,87.985
0.981988964148736,1,61.09
0.989589545582069,1,13.135
0.956435240388336,0.995,33.725
0.417798194094968,0,13.025
0.433912201955803,0,33.5
0.295773876151251,0,14.115
0.331734153803299,0,21.37
0.989273682077676,1,7.625
0.989619213790879,1,9.97
0.159512559166782,0,42.78
0.424617006348681,0,13.815
0.962459769172898,1,15.995
0.195682288965097,0.005,13.05
0.467910222831076,0,73
0.303700026280344,0,71.55
0.431963564647404,0.01,34.29
0.411466263203822,0,44.245
0.228665255906423,0,24.625
0.358718792541625,0,50.31
0.542481092682829,0,47.03
0.221485295125064,0,64.545
0.972558409493565,1,77.32
0.656997900307474,0,62.87
0.304847135735265,0,96.745
0.617777642351721,0.01,76.4
0.65822016449326,0.005,55.07
0.35216163517811,0,50.58
0.976516226534023,0.99,60.8
0.350410342469619,0,56.09
0.962972947688535,1,61.575
0.381695936427045,0,39.62
0.229815907602533,0,48.085
0.636003505809272,0.005,51.485
0.978339127452292,1,46.395
0.143958197340289,0,47.18
0.91845698094103,1,50.46
0.53148383124456,0,23.725
0.961345052293363,1,20.415
0.614975419418287,0,20.535
0.981773047401872,1,15.44
0.153142000100735,0,22.76
0.458659002859462,0,18.3
0.990219232871028,1,20.455
0.981371396055033,1,16.755
0.368840366797833,0,15.995
0.96461873321062,1,21.09
0.554339128763528,0,20.94
0.98240448938782,1,17.6
0.172186856416024,0,10.99
0.320420763385019,0,22.41
0.555882322106593,0,21.375
0.980701403136098,1,12.99
0.429980079445141,0,19.44
0.991892207347303,1,15
0.420118657346447,0,17.395
0.985309522932093,0.995,17.055
0.978029526950312,1,8.3
0.960295836308838,1,20.33
0.336138559507266,0,16.52
0.981961924813776,1,9.5
0.486276371196103,0.005,17.39
0.987674491380797,1,8.16
0.989916771155057,1,14.21
0.988559992502322,1,20.975
0.985146675606265,1,25.96
0.987825213817172,1,12.315
0.983031285189803,0.99,64.74
0.901192503770758,0.99,87.27
0.98841370164998,1,9.09
0.539263191105959,0.015,61.815
0.5778236175265,0,50.6
0.988717301372462,1,15.075
0.976451860260983,1,61.725
0.981600500947841,1,36.495
0.604264434505721,0,37.335
0.2177551703198,0,26.94
0.988416213597167,1,19.885
0.978505753508449,1,10.025
0.468037785730206,0,72.645
0.492981900840106,0,42.57
0.353741589110129,0,48.18
0.233203801170371,0,73.015
0.222804847020678,0,61.29
0.278462273684418,0,58.945
0.377671575976129,0.005,83.67
0.415235511831862,0,60.225
0.44520804639855,0,47.63
0.220163618515019,0,91
0.982460623195143,0.995,79.52
0.335148228493486,0,81.965
0.557480971025773,0.01,78.14
0.616064953299479,0.01,76.565
0.388300008178043,0,56.735
0.143147405676393,0,69.285
0.448435881682558,0,58.61
0.943682356007951,1,86.255
0.624762245057295,0,58.46
0.349143552564915,0,33.065
0.471322304016005,0,47.33
0.944062625299794,1,57.145
0.636247683167517,0.005,44.5
0.98187491682455,1,36.755
0.969742153004278,1,41.09
0.968987590010977,1,34.66
0.14866554812622,0,51.895
0.597885654893605,0,50.7
0.618580066686174,0,25.885
0.990030123292209,1,14.65
0.41985646781882,0,27.735
0.23047436539918,0,27.105
0.608742992412496,0.005,21.975
0.987240003848305,1,18.25
0.341137427144139,0,28.765
0.485950372352564,0,31.405
0.607209238021911,0.005,21.095
0.277653848628699,0,15.945
0.337450702988439,0,21.31
0.971787053618498,1,14.05
0.169682435673758,0,18.515
0.919439261936329,1,15.26
0.531680407870459,0,12.855
0.990381553411508,1,15.425
0.316174037189887,0.035,13.595
0.984686529347981,1,14.025
0.976108747531868,1,15.62
0.991163941545543,1,21.455
0.97219742370676,1,18.71
0.988166680111419,1,6.905
0.987550746385085,1,14.485
0.4188802094532,0.01,27.11
0.989732135645607,0.995,23.82
0.984359957689817,1,9.595
0.627320492246389,0,24.395
0.990555786375661,1,36.41
0.986768953946244,1,27.98
0.518806894136678,0,65.755
0.979153247301113,1,55.115
0.988847835805696,1,30.865
0.983464492442374,1,42.97
0.991204173389096,1,37.15
0.909498796375833,0.995,82.005
0.989854614061311,1,17.84
0.983204841223307,0.995,50.455
0.326680677744418,0.005,19.145
0.989718770104411,1,25.92
0.990657451361904,1,19.51
0.984426955488445,1,27.06
0.990445259665351,1,24.795
0.944387591027036,1,28.43
0.982750617351192,1,12.535
0.975024247628827,1,18.71
0.900819262645486,0.99,29.38
0.990390507524381,0.995,15.915
0.989344493183316,1,9.97
0.294204643826727,0.005,13.195
0.463850243261517,0,73
0.990851141923301,1,17.74
0.986353770502645,1,43.43
0.30489546865994,0,66.87
0.405993784634737,0,44.31
0.549409194514306,0,40.345
0.219516518285806,0,55.82
0.353472930259055,0,41.475
0.357585619280047,0.005,45.77
0.279946113919155,0.005,44.74
0.977235457151674,1,63.505
0.515256904222701,0,54.295
0.60970949391468,0.005,71.81
0.623794749933196,0.01,68.19
0.970829135258453,1,66.195
0.629344806095533,0,55.22
0.971424777463739,1,78.005
0.150711865239041,0,70.075
0.22126883724933,0,82.91
0.971871998530808,1,74.2
0.982099453982867,1,61.32
0.406197972684203,0,85.025
0.372662479146012,0,49.39
0.35448633925691,0,32.42
0.363411394387498,0,60.815
0.977544916787332,1,39.215
0.146373545691382,0,57.035
0.907554335184046,1,52.53
0.292336493137001,0,55.395
0.986487106718282,1,37.15
0.63737989691854,0,37.45
0.960689197942273,1,52.305
0.602254616081636,0,45.94
0.973695015953867,1,39.17
0.463825400785976,0,46.04
0.421383333781275,0,19.485
0.549631407240096,0,25.6
0.602874523883949,0.02,22.43
0.524199277907041,0,33.97
0.403648117555967,0,18.295
0.540226586996074,0,15.685
0.521936672739893,0,14.395
0.157704410561711,0.01,14.715
0.987871601073681,0.995,9.125
0.973756180873147,0.995,17.745
0.989699360885633,1,19.755
0.339774726860239,0,18.75
0.535015803896135,0,17.045
0.991443650557699,1,16.915
0.341737317691984,0,10.165
0.990677393438729,1,19.11
0.4931487101331,0,21.29
0.975375465286023,1,20.935
0.974823589462735,1,19.935
0.494191640295856,0,18.375
0.328607868687798,0.005,12.25
0.992076298296653,1,16.29
0.986622575621645,1,34.255
0.986852552749687,1,35.61
0.976387265937076,1,26.335
0.983741794651241,1,14.81
0.546261496923689,0,18.1
0.966278160948984,0.995,18.365
0.978622020172737,1,17.405
0.656246142454351,0,27.345
0.989356647311026,1,11.495
0.976575218840862,1,12.375
0.982171029646927,1,46.295
0.979767980256185,1,41.85
0.98406733493602,1,30.93
0.48832204473107,0.01,57.37
0.548142786732244,0.025,47.12
0.981187010618449,0.995,57.12
0.984498357286671,1,27.105
0.327228546092817,0,12.51
0.584625429840697,0.005,35.55
0.984399210908999,1,38.395
0.976180644452875,1,18.15
0.989567981697426,1,9.455
0.980453178554949,1,23.015
0.991257148192651,1,16.25
0.987892492988804,1,5.085
0.984272137726049,0.995,9.165
0.986461231682898,1,6.81
0.431986913736547,0,2.405
0.985839366844194,0.995,5.51
0.986944586687918,1,1.355
0.463850102878051,0,72.72
0.47526309510982,0,46.77
0.375692535560242,0.01,75.945
0.508012467925618,0,48.61
0.966794514842923,1,49.87
0.377321896775014,0,69.39
0.958269403489685,1,85.33
0.222684911096252,0,47.32
0.576538527830719,0.005,54.34
0.628146189587996,0,53.62
0.460187124495854,0,64.975
0.610365044054512,0.005,79.17
0.38490471406422,0,81.17
0.28653006158725,0,54.575
0.970963251109054,1,49.925
0.633814855646363,0,58.01
0.469001091007588,0.005,40.91
0.96362155294307,1,67.695
0.93508212198327,1,55.37
0.950299860700112,0.995,74.325
0.593246063829917,0,71.255
0.216174829372969,0,82.18
0.980558582771906,0.99,38.965
0.467716806644043,0,47.445
0.24116219668445,0,36.58
0.988365998429879,0.995,41.29
0.627381885028598,0,36.96
0.498947851443792,0.01,45.24
0.628678887659065,0,36.31
0.156226619953172,0,57.35
0.350762851082128,0,56.445
0.906413324846056,1,51.3
0.537375811930228,0,21.445
0.530350464565933,0,30.77
0.59667148465138,0.005,25.26
0.605595826777517,0.005,30.445
0.283122770700941,0,17.925
0.988088433680884,1,18.99
0.603813985998325,0,30.12
0.147691050805886,0.01,11.925
0.987574415023688,1,9.82
0.177651806314424,0,10.935
0.987359607515284,1,13.155
0.981968264422767,1,20.37
0.541562220966508,0,14.755
0.176335712849603,0,18.875
0.893241781329634,1,19.985
0.196406554545325,0,10.735
0.286027944779215,0.005,14.25
0.979411529371842,0.995,10.76
0.488907001299329,0,9.945
0.269922226018168,0,17.435
0.987465310603097,0.995,7.865
0.61037399703278,0.005,13.58
0.604301168527667,0.01,23.22
0.982055721660356,1,15.555
0.450397470162562,0.01,12.95
0.989287762460261,1,20.91
0.344052421570799,0,11.65
0.576903196788252,0.06,45.22
0.376583513036242,0,16.19
0.979180512580574,0.995,53.535
0.989703795541921,1,28.005
0.97221638396216,1,37.3
0.970896000453028,0.99,23.55
0.988706398150849,0.995,33.08
0.986516746083234,0.99,23.065
0.378470476088363,0.01,17.575
0.990006444710207,1,20.87
0.991575042587827,1,13.94
0.360423932290443,0.01,7.62
0.364515610458176,0,11.44
0.938173302751647,0.995,7.25
0.197739714676392,0,12.5
0.696394240284693,0.01,6.895
0.299739564430692,0,13.285
0.985700791716916,0.995,2.485
0.476637624779667,0.02,22.74
0.453522028204374,0.01,51.41
0.956565578507664,1,40.845
0.587795593533781,0.005,79.825
0.956678809771487,1,40.99
0.979778928285138,0.995,13.135
0.982247602250384,1,22.925
0.970167172664794,0.99,19.05
0.962658649758515,0.995,67.985
0.543874582315826,0.005,54.295
0.540361074486161,0,45.625
0.983096479215104,1,41.27
0.586868241948236,0.005,19.805
0.969974123960041,1,22.68
0.988817701685462,1,19.685
0.291197978911478,0.015,18.8
0.470853853577257,0,20.365
0.985286601960562,1,14.54
0.989937859968856,0.995,17.935
0.990831926592836,1,22.52
0.552746920386535,0,15.96
0.503333896989449,0.005,18.52
0.52663265502995,0,17.98
0.9861318357158,0.99,15.58
0.572895886763129,0.015,13.05
0.989481507330837,1,18.07
0.570903495836548,0,15.565
0.992044343496026,1,17.595
0.569829878145056,0,27.22
0.384936961517935,0,20.71
0.960564370004727,0.99,20.47
0.987823900770456,1,13.935
0.365079601341662,0.01,19.525
0.99145918952083,0.995,14.76
0.981199068107892,0.995,14.33
0.984451249381905,1,31.26
0.904468430917158,0.975,30.04
0.970598087035428,1,34.42
0.412894898041966,0,20.27
0.392318934075139,0.015,17.77
0.892840554128414,0.99,15.965
0.97542638532537,1,7.725
0.390335803243385,0,3.97
0.379929186137823,0.005,7.835
0.947028370162882,1,12.265
0.990174771332444,0.995,37.73
0.978499927480242,1,38.92
0.384145757189467,0.015,65.33
0.985298776793925,0.99,58.33
0.573485441808507,0.015,39.9
0.987663638197237,0.995,46.34
0.979959486018321,0.99,45.685
0.988575399477451,1,21.285
0.581986844991203,0.01,11.4
0.985154691776799,0.995,15.185
0.510308987511771,0,24.265
0.319888326935766,0.01,20.55
0.547657535346772,0,17.035
0.579411564974484,0.005,26.845
0.58174003551559,0,14.19
0.988075021397492,1,12.14
0.991000728230454,1,20.02
0.963754699872362,1,15.965
0.989793286231694,1,12.525
0.991863596687387,1,17.47
0.990941642334151,1,25.325
0.988398303889672,1,19.11
0.397670940364002,0.015,12.53
0.975788106794724,1,23.9
0.987580261797434,1,43.645
0.992091224641907,1,36.335
0.582156894573777,0.005,17.355
0.988656711319017,0.995,36.28
0.976290065824339,0.995,18.235
0.992477912866775,1,23.15
0.97547238998771,1,13.755
0.983830916212801,1,33.61
0.381388000491882,0.01,10.22
0.992521197438109,1,10.395
0.947799441252617,0.995,5.855
0.973037925654205,1,52.89
0.992631290233741,1,9.105
0.990244029493046,1,35.425
0.951992531753614,0.995,59.575
0.514317449257443,0,35.805
0.444304171967284,0,50.905
0.446398699226714,0,76.465
0.280729833767741,0,40.685
0.655388884146725,0,56.285
0.976464361776938,1,67.905
0.9652518180182,1,61.275
0.362079146999412,0,45.58
0.617431040213955,0.005,64.215
0.376697312212267,0.005,73.4
0.970664918796502,1,69.485
0.305016171453657,0,86.755
0.615128319805575,0.005,80.05
0.142531296257051,0,60.52
0.395656687516103,0,79.155
0.966781890665951,1,71.045
0.967032229493063,0.995,48.04
0.31275389212508,0,59.62
0.528858643780332,0.005,22.345
0.989834514467863,1,37.515
0.907597267523306,0.995,36.725
0.142873102245194,0,53.2
0.234477088573128,0.005,58.92
0.98640097436175,1,45.71
0.977478832055875,0.995,46.925
0.982556097078372,1,53.425
0.359327769221717,0,54.165
0.141260546578796,0,58.745
0.970131613455263,1,30.575
0.980106045880471,1,34.495
0.954974761239094,1,44.515
0.557920421499583,0,39.76
0.536222216455794,0,36.185
0.604213248072751,0.005,29.655
0.525532478352321,0,28.605
0.605765559942288,0,30.455
0.932158339953591,1,13.09
0.981016297187775,1,19.935
0.532934242094318,0,17.065
0.991883174985533,1,12.025
0.962071783072156,0.995,21.25
0.896171509590749,1,21.49
0.18716005559684,0,19
0.187317371786596,0.005,13.97
0.982512009781759,1,19.54
0.285944772778608,0.005,6.345
0.533323987430377,0,17.98
0.99302955363,1,13.545
0.986200250818128,0.995,8.975
0.986772132320041,1,9.62
0.982562636850757,1,9.555
0.926518784878139,1,20.345
0.610785512689095,0,9.635
0.969067648360548,1,17.675
0.934940933112211,1,28.85
0.988588798755837,1,9.975
0.985720483480314,1,9.8
0.989624284478434,1,14.51
0.932912127789253,1,55.205
0.984648604703697,1,35.325
0.969772901507618,0.995,76.95
0.97942716368346,1,50.18
0.52834715430185,0.005,59.585
0.57467575536877,0.005,40.415
0.989392398123741,1,19.89
0.443332248195048,0,30.845
0.988372392346756,1,35.835
0.935092188535916,1,13.39
0.989461948522687,1,14.47
0.989532161930855,1,9.965
0.986115963178359,1,32.945
0.990384594760465,1,16
0.990191078821617,1,9.955
0.991747441756814,1,16.645
0.199409555965689,0.005,13.37
0.469428569384281,0.005,73
0.532138674522446,0,7.315
0.980783649756318,1,35.15
0.302577499149776,0,74.19
0.964746831750492,1,46.91
0.566562163075355,0,38.15
0.23494594584067,0,67.695
0.926941985494167,1,38.715
0.974201712458251,1,22.615
0.235741301933679,0,48.95
0.976562155913049,1,37.99
0.953186280101287,1,60.43
0.285463334512847,0,68.89
0.611957779609619,0.01,78.775
0.966295153208016,0.995,64.75
0.980522840043114,1,75.905
0.341493951806154,0,78.08
0.964157727925506,1,82.695
0.93271882449157,1,57.505
0.628051805425365,0.005,68.575
0.319719889552031,0,84.01
0.961909591819824,1,55.96
0.216044811126268,0,82.94
0.308663581235552,0,62.505
0.611592274781452,0.005,70.985
0.991474736006727,1,40.9
0.363987795838648,0.005,64.435
0.292212521781886,0,54.865
0.6331710990091,0,51.12
0.147832027619117,0,46.82
0.472630829408796,0,49.54
0.977685722902277,1,37.525
0.543071617386772,0,42.84
0.60543584527228,0,42.53
0.625755403793241,0.005,31.915
0.148905532199513,0,52.785
0.626028046167048,0,35.685
0.964415795054578,0.995,56.985
0.34041450581402,0,49.445
0.483290220176389,0,33.82
0.542435955851454,0,17.465
0.968903102892154,0.99,18.87
0.454560627145108,0,19.61
0.617922016892074,0,16.085
0.551000468590594,0.005,22.445
0.980647231941845,1,16.36
0.978552462802617,1,14.41
0.366120601841983,0.005,30.705
0.310570986441785,0,16.23
0.989974029204586,1,9.075
0.976838726736013,1,9.72
0.973591331936944,1,12.555
0.977874264102092,1,13.78
0.990106142405936,1,25.705
0.982756639874942,0.975,22.89
0.612893912809801,0,14.71
0.976316313502996,1,11.09
0.990186594149726,1,17.06
0.602820866410283,0,24.595
0.986346413743088,1,25
0.975823602621738,1,61.305
0.511483493076576,0.01,61.105
0.54071098527244,0.01,78.67
0.972162639607234,0.99,53.68
0.987890087643028,1,32.835
0.986175995737784,1,35.9
0.931900037675997,1,71.78
0.888984720805143,1,32.79
0.988898556389341,1,21.585
0.417467783823036,0.005,24.5
0.967151930851052,1,22.975
0.949624925159511,1,12.365
0.991411024921879,1,23.68
0.983114500779677,0.995,15.795
0.96347502589062,0.985,11.255
0.989182887271519,0.995,12.82
0.989566199364704,1,9.835
0.469580107553985,0,73
0.987382092366217,1,3.135
0.306216500335089,0,67.225
0.891497492325273,1,52.665
0.339110474485604,0,41.465
0.914294779908421,1,86.91
0.372664875323563,0,52.295
0.972121850814385,1,50.665
0.972425131495801,1,72.555
0.380139721390629,0,60.495
0.969817181873337,0.995,61.585
0.978670518001356,1,73.04
0.324580378340489,0,83.31
0.612295039947158,0.01,80.79
0.295661543709126,0,72.33
0.966767045854997,1,73.81
0.207176757945733,0,63.605
0.976422845937741,1,44.47
0.97194598502259,1,64.84
0.394667839384957,0,33.7
0.285246119443227,0,44.53
0.375063593081258,0,52.17
0.316131439527019,0,56.625
0.975634356448907,1,50.95
0.970968393697982,1,42.93
0.544216200989279,0,40.75
0.983607107663849,1,29.12
0.961587340041392,0.995,51.465
0.149341840096525,0,57.03
0.564829532988183,0.005,57.145
0.547128755506472,0,50.555
0.974853137177393,1,43.195
0.567359125460312,0,43.83
0.460750176574987,0,52.64
0.493787964825273,0,19.665
0.96965523241021,0.995,17.4
0.940247669024285,0.995,29.48
0.987809646620866,1,17.815
0.972315287335034,1,15.4
0.37460803226341,0,8.31
0.160916313679369,0,24.525
0.9808262089896,1,20.77
0.424440988000573,0,17.38
0.175369314743969,0,11.545
0.504061706937372,0,21.07
0.475163625343547,0,16.9
0.571406605700115,0,15.06
0.973785091367911,1,17.635
0.491358269926955,0.01,20.775
0.630045329465429,0,11.775
0.930994218254372,0.995,12.295
0.351217683255387,0,13.93
0.989677847118656,1,8.3
0.973573105907325,1,15.835
0.500451992409681,0,12.775
0.973731248116631,0.99,18.56
0.985888521037537,1,25.155
0.986180837957666,1,25.87
0.943508299020058,0.995,24.265
0.499721659414816,0.01,20.12
0.925052433188531,1,9.22
0.972838037371093,0.995,62.205
0.985698630689629,1,28.785
0.925318536706034,1,62.06
0.988101492540777,1,42.22
0.985912755559503,1,33.65
0.965745923373714,1,18.28
0.166857329611042,0,33.81
0.357387911382229,0.005,27.625
0.97256335344861,0.995,12.115
0.988160844887016,1,11.15
0.986208731619332,1,34.27
0.196273673888329,0,12.58
0.464481445548584,0.005,71.235
0.985649286702936,1,43.31
0.927824696784966,1,36.91
0.348627147135881,0.005,61.435
0.983123588509418,1,16.225
0.966914780774702,1,65.345
0.927207813567277,0.995,45.03
0.327374322136735,0,23.805
0.207497402673175,0,67.835
0.242444491042457,0.005,39.69
0.981628039262303,1,27.105
0.307956832182849,0,39.03
0.173507602110674,0,76.02
0.980703456247269,0.995,55.945
0.969445180657094,1,69.075
0.654335214519254,0,60.32
0.454095279455988,0,75.105
0.975458423192484,1,72.075
0.989057143491483,0.995,20.015
0.346411553429419,0,80.87
0.367890651329179,0,59.09
0.376577344373299,0,64.205
0.218960878203613,0,87.995
0.377369466301547,0,56.205
0.969453806935051,1,62.365
0.977703824254554,1,58.77
0.143205524910782,0.005,68.35
0.429015612500475,0,65.665
0.360640548003903,0,55.595
0.248769686971429,0,36.645
0.247283898801465,0,34.26
0.981792643717963,1,46.1
0.214892130922177,0,57.31
0.352428311260467,0,44.235
0.60806243967622,0,51.355
0.974897925531472,0.995,48.125
0.62914207237301,0,47.77
0.977387550698645,1,46.505
0.973569162124431,1,41.745
0.362017695911912,0,61.5
0.55107121698533,0,32.52
0.968652942104432,0.995,25.945
0.990388358753872,1,18.305
0.609310321325718,0,15.545
0.989839039867756,1,16.3
0.92080741624961,1,13.235
0.174068230450824,0,13.955
0.480766278055197,0,21.38
0.536473598228639,0,15.985
0.617690430115192,0.005,15.085
0.5418230789509,0,15.235
0.990279435261756,1,20.225
0.469350045706548,0,11.82
0.985920431556209,1,11.435
0.985826726294717,1,16.835
0.98945247321622,1,26.095
0.906944421115234,1,26.23
0.50846554700671,0.005,22.555
0.98845629113129,0.995,21.5
0.57352888015585,0.005,13.855
0.934753397204119,1,19.58
0.973020235439963,1,14.37
0.626001336828172,0.005,30.94
0.896048576821817,0.995,42.05
0.935521386307488,1,64.995
0.980208378772419,1,46.05
0.936565668907368,0.985,58.675
0.989830264978791,1,20.355
0.985765534145838,1,38.045
0.977795471081773,1,11.685
0.328630873338083,0,17.825
0.986469421932021,1,33.525
0.961987850046554,0.995,21.42
0.987386136811624,1,12.415
0.984486393931853,1,25.325
0.159401543360453,0,42.89
0.991124289320838,1,17.35
0.990436557844587,0.995,15.545
0.988727499770658,1,18.965
0.380250595714634,0.01,10.68
0.987226028536261,1,14.64
0.982994803236374,0.99,48.155
0.424683170723223,0,4.635
0.990765583681913,1,17.8
0.986930455514876,1,43.125
0.489192139754705,0,14.015
0.97102752924354,1,47.53
0.420587307501887,0,28.765
0.264586534368277,0,30.89
0.375608864447161,0,51.44
0.436056651016638,0,19.825
0.978928981152781,1,41.99
0.969340819949848,1,64.56
0.216564435845553,0.005,60.215
0.974025108086367,1,46.625
0.490312272838142,0,61.05
0.971327771049758,0.995,76.745
0.973735645355761,0.995,31.805
0.639965221255372,0,54.235
0.971733307411276,1,66.11
0.217404517530043,0,84.795
0.306294224560469,0,30.265
0.952651312987268,1,86.885
0.973835178724641,1,41.74
0.925007619642809,1,76.585
0.335253677029981,0,86.335
0.374318988160221,0,42.915
0.959512711916457,1,80.39
0.371358212615044,0,49.38
0.970309710368609,1,61.785
0.982243487526327,1,52.245
0.249959035444909,0,30.075
0.150527095345363,0.005,52.72
0.974893168678373,1,51.235
0.978036361486194,1,44.53
0.517357235475274,0,43.71
0.317306346092467,0,33.405
0.968699917390271,1,45.55
0.990214062506217,0.995,49.265
0.982245579079651,1,34.29
0.972918296061449,0.995,48.955
0.139067677433456,0.015,43.19
0.973114639007005,0.995,49.245
0.971456755134778,1,60.33
0.487091743760955,0,20.84
0.955741365409191,1,18
0.970951893195376,1,10.51
0.979692684026751,1,17.225
0.163092707825851,0,17.475
0.984153607147342,1,10.92
0.911103962312293,1,19.255
0.576093170432689,0,13.845
0.5668274732069,0.005,15.725
0.549826299867014,0.01,12.95
0.983004551482652,1,14.545
0.991039897577965,1,18.555
0.582934156260841,0.005,24.465
0.990283558006882,0.995,21.305
0.989957467469111,1,21.51
0.983978414068428,1,28.84
0.990615826044189,1,22.395
0.990540268082478,1,28.045
0.28632610733527,0.005,17.19
0.91633981758436,0.995,32.895
0.990798121481822,0.99,21.195
0.941194250369148,1,24.085
0.98521094077274,1,17.29
0.43438088535654,0.005,62.14
0.987117922292616,0.995,35.7
0.979719708296384,0.995,17.88
0.988891297210673,1,32.98
0.989517162720637,1,11.535
0.343243689960302,0.005,28.145
0.925750781759831,1,27.8
0.9873963245573,1,32.3
0.430737720219553,0,17.365
0.429639315330715,0,5.1
0.252806100260769,0.015,2.97
0.991459779098197,1,11.735
0.950492433712438,0.995,1.37
0.965350499452246,0.995,11.47
0.293128998881102,0,27.92
0.472320328553748,0.01,33.22
0.966623774850602,0.99,46.665
0.97411287224347,1,46.985
0.987993952691139,1,55.12
0.975383586653246,0.995,73.345
0.969425182675503,1,48.135
0.957361687387992,0.995,82.335
0.345970585643073,0,31.19
0.47290656176682,0,41.445
0.521431744658068,0,16.115
0.991069228170684,1,20.72
0.991129405240384,1,20.76
0.559594991580028,0,14.965
0.980441700906917,1,12.975
0.984601118918626,1,12.675
0.983518841417037,0.995,20.635
0.991446522138051,1,23.445
0.991801192657484,1,18.05
0.989117262992689,1,19.97
0.487451363076275,0,21.965
0.589950906353515,0,16.375
0.555403657195355,0,13.345
0.481551783710856,0,14.01
0.985365064885566,0.99,13.285
0.990430278055757,0.99,17.58
0.400437698329838,0.01,12.52
0.989668092597546,1,24.47
0.991517171065377,1,26.765
0.985965597906496,0.99,10.835
0.984874713615374,0.995,25.275
0.397681208256775,0,14.05
0.613394300932546,0,27.42
0.989456421138152,1,24.95
0.34956290042906,0,17.92
0.987146330128602,1,22.9
0.907779132179256,0.99,33.185
0.97661200352966,1,32.67
0.213840571881669,0,18.425
0.58604295742062,0,25.805
0.964736473732298,0.985,20.605
0.649530393398166,0.005,32.205
0.990741065109806,1,10.775
0.990673302283568,0.99,13.255
0.984892104886189,1,35.63
0.93880644630208,0.995,8.745
0.974263070492583,1,12.89
0.985192683484472,1,19.195
0.391863776011749,0,3.905
0.985206384454351,1,7.51
0.519522601120628,0.005,1.545
0.421784995671799,0.02,4.66
0.975746727980608,1,37.54
0.989981195671297,1,48.87
0.546398553780501,0,25.305
0.453316086017751,0,18.76
0.559951515676262,0.01,21.32
0.469496628429533,0,21.28
0.539025441842945,0,18.21
0.96659474391025,1,21.22
0.582791515141468,0,24.16
0.959633142826785,1,22.845
0.986418729826207,1,18.395
0.551452348454464,0,20.49
0.492773938987546,0.005,16.72
0.302495469380284,0.01,12.61
0.983824320871131,1,11.36
0.991283606271188,1,18.31
0.471054262640856,0.005,22.395
0.612132316250582,0.005,28.065
0.988608253015613,1,14.33
0.987746638601245,1,15.8
0.985191091963219,1,28.495
0.990643838404043,1,30.18
0.992036713337052,1,26.625
0.955561592483696,1,13.255
0.620529971402709,0,18.88
0.979764511190078,1,15.755
0.610708462646652,0.005,17.375
0.979618081582426,0.995,19.355
0.946674571855943,1,15.7
0.982043470165954,1,44.96
0.986405931733094,1,15.86
0.991190800269725,1,21.51
0.379786353100307,0.03,29.335
0.368739300228612,0.015,18.84
0.356366619418761,0.005,21.315
0.989919858161016,0.995,22.25
0.992918596244044,1,18.905
0.976788964541669,0.995,19.515
0.992815185964293,0.995,11.83
0.676666243424953,0,5.355
0.991193878578986,1,8.38
0.466348556487529,0,67.92
0.244756358874229,0,57.295
0.403877363093629,0,45.085
0.375227525260915,0,46.34
0.485709670549052,0,71.135
0.654382368537198,0,56.605
0.971559051206194,1,64.19
0.212996629195758,0,48.655
0.965350995885793,0.995,54.78
0.978290335868626,1,74.65
0.275788343505743,0,80.465
0.301296223235222,0,94.9
0.966049356004113,0.995,68.46
0.975385548342212,1,45
0.974806268976926,0.995,76.525
0.943964941193231,1,65.325
0.9756397436974,0.995,68.38
0.610844705021226,0,68.99
0.990681855946297,1,22.045
0.981338901177152,1,33.955
0.972189988415423,1,38.41
0.151130864876648,0,56.03
0.979395106224201,1,41.645
0.37702671860292,0,36.825
0.460860575677895,0.005,54.185
0.551326098677406,0,30.195
0.916890000677747,1,44.755
0.239613478811195,0,38.495
0.971079108964379,1,56.095
0.626758206253569,0,40.04
0.49787159645257,0.005,26.08
0.952169778623534,1,20.19
0.524740013372551,0.005,32.755
0.974813635625841,1,25.785
0.483840109451486,0,11.205
0.983430196610979,1,22.25
0.974188356483414,0.995,12.83
0.991796429384529,1,13.805
0.942435457990768,1,18.435
0.331742086987449,0,16.13
0.520798423833191,0.01,20.885
0.561988821361975,0.005,33.02
0.564726356309494,0.005,21.75
0.472999126650835,0,16
0.98977185665553,1,11.345
0.950552668879314,0.995,8.82
0.409122955584647,0.01,25.045
0.965930282317621,1,15.92
0.956696751145468,0.995,28.83
0.360737505739574,0,12.83
0.98403770611412,0.99,14.745
0.606001342849669,0,14.46
0.987309112291694,1,10.865
0.986784037621182,1,25.23
0.990480986986872,1,17.075
0.43103161720096,0.01,39.91
0.967049336705707,0.995,84.31
0.980730542369351,1,43.215
0.985420654477865,1,33.36
0.98275708322123,1,22.725
0.576502333105515,0.005,24.35
0.407582154486311,0,35.965
0.989895487159701,1,17.105
0.163156522487541,0,34.805
0.947107117165033,0.98,18.32
0.988236187011236,1,32.625
0.99154507411647,0.99,17.055
0.398766820608768,0.005,12.345
0.972019415350746,0.995,4.925
0.195682288965097,0.01,13.01
0.984906945296061,1,2.15
0.470324520114317,0,73
0.196323080087485,0.005,11.19
0.337519927233236,0,71.815
0.96349981990099,0.995,51.7
0.411466263203822,0,44.385
0.2228268978714,0,82.6
0.523203407489214,0,39.895
0.442958636238743,0,59.535
0.969830866671863,1,82.095
0.981305973614633,1,79.79
0.381096412378622,0,74.655
0.973252555014335,0.995,73.555
0.962151837937378,0.995,53.96
0.318303221341479,0,95.89
0.206720409892627,0,63.815
0.970373498491274,0.995,74.305
0.20796140561739,0,69.97
0.977922233275749,1,68.32
0.171533959300161,0.005,54.43
0.930911372242214,1,83.515
0.140464220165659,0,72.915
0.990379289467136,1,23.9
0.380343039902057,0,77.685
0.984386369734097,1,50.525
0.988831738598399,0.995,36.37
0.524473957410514,0,56.66
0.974195421735392,1,50.48
0.964761094376655,1,37.625
0.984092597013858,1,46.825
0.919443059919487,1,50.31
0.979987983528821,1,42.545
0.967967195930958,1,37.41
0.543616174492821,0,39.46
0.49423492751483,0,30.235
0.56036123360032,0.005,25.165
0.540557283103441,0,22.865
0.953338412135393,1,19.365
0.984935910032253,1,16.345
0.91913683657807,1,26.225
0.478845991251987,0,15.645
0.983752589155437,1,16.68
0.154459249060582,0,23.25
0.985238180454577,0.995,8.37
0.964924191126294,1,16.61
0.989489584348385,1,25.855
0.971591419225915,1,7.075
0.973793273829778,1,35.265
0.990353496517675,1,17.315
0.990735911893888,0.995,19.765
0.974615108516725,1,18.46
0.493350357862389,0.01,21.03
0.322982259398603,0.005,12.86
0.973120831941024,1,10.81
0.981650808855469,1,17.105
0.922137901218758,1,27.29
0.406138399513538,0.005,17.69
0.97244535209307,1,19.89
0.338655115324636,0.005,12.195
0.98528302114103,1,20.6
0.987797050113016,1,14.69
0.526133341647965,0,22.7
0.638801257513831,0,33.2
0.985697650589221,1,32.575
0.57918074072745,0.015,74.95
0.98744430142488,1,23.15
0.98381554222263,1,36.575
0.587142164904032,0.01,62.97
0.970108855576579,1,15.11
0.97405696245588,1,23.78
0.423894875871868,0,16.145
0.534069641084802,0.01,33.74
0.979719493025232,1,21.52
0.172762339918903,0.005,32.39
0.426476454059079,0,14.035
0.422202095894675,0.005,12.105
0.383927711073898,0.005,9.58
0.988701198623692,1,18.87
0.985644013235736,1,17.915
0.969051716339919,0.99,65.29
0.490169908816029,0,10.1
0.910781506678352,1,17.805
0.957770344624206,1,52.635
0.496187555599657,0,41.51
0.971166909018378,1,46.38
0.292564360666336,0.01,27.67
0.938539498541501,1,80.355
0.966936735476354,0.995,44.425
0.969210655224967,1,34.05
0.214071580431419,0,26.71
0.382017903785896,0,73.165
0.970538032008351,1,63.85
0.979778968043233,1,80.065
0.147578333202384,0.005,74.145
0.428723638720644,0,67.555
0.318927353046176,0,85.215
0.372103433068035,0.005,59.58
0.341697059212884,0,57.98
0.318209516463409,0,86.815
0.920199459675152,1,51.38
0.377556986846475,0,73.35
0.982548913828257,1,52.915
0.976381060453282,1,65.015
0.970652108303923,1,63.775
0.169210863690158,0,34.675
0.174464091757176,0,37.355
0.338917823616707,0,49.31
0.977707813148661,1,45.245
0.979300765563625,1,55.445
0.970897191243494,1,41.575
0.562840312632155,0,57.29
0.984382867707846,1,57.97
0.557651285967627,0,45.515
0.970072983381025,0.995,39.165
0.366735626561804,0.005,34.545
0.528349123769898,0,14.49
0.493009912420261,0,25.51
0.970729062729834,0.995,24.725
0.954718254734139,1,33.83
0.988200260118855,1,12.73
0.974013394566101,1,8.4
0.984190628550682,0.995,22.69
0.970712059717474,0.995,20.24
0.161287914172629,0,24.04
0.989901417219918,1,15.175
0.982566496485083,1,18.925
0.988433069710839,1,19.02
0.990064886786641,1,18.2
0.368795528294318,0,8.45
0.973867660374375,1,14.915
0.982406629623826,1,13.09
0.98203201619203,1,8.63
0.97586615615788,0.995,13.635
0.964773519278832,1,22.185
0.495538036955501,0,13.995
0.970097561409204,1,14.8
0.987238369725406,1,26.42
0.981937979270878,1,13.96
0.962653874697547,0.995,8.5
0.592066019724665,0,26.14
0.976103781683393,1,22.43
0.982633033790968,0.995,50.24
0.951268122300353,0.995,14.98
0.987636709338485,1,32.87
0.983742873284246,1,42.64
0.961698006690427,1,35.89
0.987542634949693,1,18.9
0.982115890001654,1,32.845
0.973286212233136,1,26.38
0.159147647704558,0,43
0.394522300315463,0.005,19.08
0.393839325723579,0.005,19.105
0.362718159074087,0,16.54
0.987285413758431,0.995,10.82
0.956935758543138,0.985,8.515
0.37432811268299,0.005,4.975
0.285631943775655,0,12.405
0.985162750934967,1,3.935
0.968765622847641,1,63.955
0.487730373560033,0.005,34.595
0.968283754815685,1,35.16
0.410594114441338,0,46.9
0.229912477753701,0,41.85
0.972686248534018,1,28.175
0.503879051679888,0,13.02
0.974422958441415,0.995,29.315
0.974635966122949,1,64.575
0.973674136588627,1,70.205
0.176319636486868,0,47
0.974203796664874,1,61.56
0.983293164882922,1,92.625
0.317612579193098,0,84.545
0.986959711558041,1,52.735
0.977441412355319,0.995,67.315
0.951691738683003,1,34.55
0.980746122132794,1,76.045
0.957382063437794,1,76.91
0.207860088591757,0,80.1
0.350894844614203,0,61.575
0.255483247932345,0,71.245
0.540461781507357,0,56.77
0.634891458043095,0,37.125
0.983820606393859,1,55.845
0.547954457339215,0,54.645
0.957615396771013,1,40.28
0.543524653182769,0,43.33
0.556972281121909,0,36.78
0.147562449248789,0,48.375
0.983012983858864,1,53.305
0.420449756197664,0,56.69
0.293857569358543,0,37.33
0.988101600673416,0.995,56.515
0.976663773885471,0.995,41.015
0.962514082328131,1,20.055
0.963103986418935,1,18.15
0.621643480909356,0,14.17
0.48662502043783,0,23.445
0.961806448798977,0.995,18.865
0.983243134237083,1,20
0.906991843232089,1,18.2
0.529670397741092,0,16.65
0.988206207086956,0.995,15.325
0.986511620742471,1,16.02
0.977289285671504,1,13.54
0.990202482972643,1,15.895
0.977350692851882,1,17.31
0.984341581809924,0.995,12.93
0.541897703326435,0,13.065
0.325179366750813,0,13.875
0.571180174278593,0,15.865
0.98722484206396,1,6.33
0.984750266533967,1,28.435
0.985569951915731,1,19.6
0.985688265612896,1,19.1
0.967814236635674,1,19.23
0.959424313577989,1,15.885
0.52719544131726,0.005,7.06
0.989282083446427,1,19.04
0.989658990842343,1,23.29
0.972953552069311,0.995,24.975
0.984486375979313,1,27.485
0.980094356808435,0.99,35.195
0.983079331006631,0.995,50.6
0.980499953535113,1,56.3
0.963466986767923,1,44.85
0.982618201754711,0.995,39.445
0.976326536354809,1,38.865
0.947532334936525,1,31.99
0.988306551882158,1,20
0.991271722093497,1,24.485
0.158823261270471,0,42.945
0.989228725187577,1,14.39
0.990795866698087,1,24
0.346360180966283,0,11.98
0.466485586402473,0,73
0.985843613227305,1,8.96
0.984450701958712,1,2.935
0.444891293767866,0,12.735
0.985050926424541,1,42.55
0.961619391590377,0.995,19.18
0.469899125939131,0,19.33
0.9245475729358,0.99,74.32
0.386701620831336,0,45.345
0.466210866395581,0,44.025
0.22843161362282,0.005,30.085
0.462272332918259,0,52.2
0.221605174774985,0,54.06
0.374190111734229,0.005,59.77
0.346433039290481,0,75.27
0.152364466488512,0,65.87
0.528876451453299,0,44.01
0.942575170948588,1,30.25
0.430168550270016,0,73.35
0.328701639942626,0.005,91.82
0.976389195096382,1,81.545
0.605243242273148,0.005,56.415
0.635020601886139,0,42.43
0.959649196329383,1,43.375
0.29982633013842,0,49.195
0.501878722578488,0,33.415
0.153229965430122,0,56.65
0.980906203330033,1,58.3
0.97540027716549,1,40.22
0.298642447957549,0,50.625
0.964154266868321,1,34.37
0.984250823682628,1,53.875
0.61804718274837,0,39.83
0.502276281973656,0,18.635
0.514308234392175,0,13.305
0.982311604005365,1,17.17
0.969571555311169,1,27.47
0.969925146168521,1,25.095
0.45299412612239,0,18.85
0.989380585707679,1,15.105
0.929385595631884,1,20.065
0.988792028262831,0.995,25.26
0.201072471248583,0,8.7
0.450195411295313,0.005,19.925
0.169629559989444,0,22.58
0.170593013304247,0,17.415
0.184215014303572,0,17.19
0.984766785729095,1,18.475
0.979623538588645,1,15.43
0.971891315115059,1,13.72
0.991226210147144,1,17.51
0.985772162992922,1,10.12
0.362677484096266,0.015,14.05
0.986220874348912,1,14.165
0.963349695570252,1,11.735
0.988748697176512,0.98,21.91
0.987407749995376,1,7.54
0.975377968090028,1,9.345
0.527105340588324,0,15.245
0.984294548369468,0.985,29.32
0.98709246026521,1,35.75
0.371655207478272,0.005,15.335
0.911820920956041,0.99,31.65
0.978329962359447,0.99,18.48
0.985674302140692,1,22.04
0.985286499459933,0.99,16.63
0.981791718513297,0.99,21.45
0.966780080942998,1,78.955
0.97023902857613,0.995,30.93
0.57009275070352,0.01,29.58
0.980295193922763,1,27.635
0.98841468291385,0.985,22.275
0.913499630461813,0.99,18.29
0.958267393349482,1,41.375
0.981970379083334,1,40.355
0.345970352156323,0,31.5
0.142855476364341,0.005,25.03
0.349521336464356,0,6.435
0.346111671173691,0,6.775
0.351415411866507,0.005,3.99
0.98285198187121,0.995,21.57
0.323041881359942,0.005,9.485
0.989251742134489,0.995,15.96
0.970313170378622,1,6.04
0.31672279652515,0,12.69
0.985858421861313,0.995,3.695
0.40995648242514,0.01,4.955
0.979918412845502,0.98,6.275
0.488840796765497,0,1.66
0.538246920692917,0,71.59
0.942233217189104,0.99,41.55
0.982754522479601,1,23.31
0.989301178656699,1,21.19
0.505330595602706,0.005,70.095
0.95973332728438,1,93.165
0.985442198366661,1,45.115
0.988207464069048,1,45
0.923077071568435,1,41.85
0.984890316885729,1,38.345
0.989652805797998,1,18.095
0.577451745513726,0.005,16.635
0.587644734044669,0,19.545
0.918323869293499,0.99,17.485
0.901494610568715,0.995,21
0.98938294108744,1,16.5
0.990966978240515,1,12.745
0.948000049303582,1,16.06
0.552065741410446,0.005,12.63
0.531707385550841,0.005,15.185
0.977923389922549,1,32.375
0.978836474422791,0.98,10.855
0.990914999251968,1,20.815
0.971699399144766,0.99,12.57
0.980819917072992,1,6.915
0.440524420400844,0.005,13.405
0.925906173519636,0.995,15.98
0.989243014210057,1,19.26
0.985494530294367,1,16.675
0.432123170755746,0.005,14.495
0.954604496696546,1,26.78
0.564032031218399,0,14.405
0.336312414259459,0.005,9.35
0.957411222036868,1,11.315
0.981287325858711,0.99,9.325
0.930283757393844,0.995,15.615
0.978580598630648,0.995,30.115
0.977597061078603,1,17.085
0.639795417135737,0.01,30.645
0.986873625296279,1,44.265
0.988526406810198,1,25.475
0.89861172859185,0.995,10.955
0.239510078876849,0.005,30.42
0.979058678182269,0.985,5.235
0.976671695057778,1,4.845
0.371028921986659,0,3.955
0.986115727954129,0.995,4.82
0.979624056007661,1,11.185
0.980359039798617,1,36.15
0.969321534745772,1,89.295
0.56220014162607,0,55.505
0.977611837585466,1,66.065
0.984821128444866,1,40.83
0.559497934309568,0,43.285
0.571531955773019,0,39.4
0.286466629109143,0.005,15.475
0.37127777936901,0.01,12.395
0.969946721203858,0.985,7.34
0.977780917307195,0.995,15.8
0.990684461006055,1,16.255
0.550612184505001,0,14.66
0.961778449454518,0.995,19.215
0.538190352337425,0,19.99
0.989543509856313,1,20.165
0.579037882090318,0.005,22.95
0.98920499982408,1,16.485
0.98831218277816,1,22.07
0.987382049300383,0.985,17.68
0.990155487800887,1,19.625
0.981562983034988,1,19.285
0.984320121996234,1,10.875
0.990433719735394,0.995,20.86
0.990390774104987,1,20.26
0.560715807263732,0,13.145
0.335009091399288,0.01,15.61
0.973791827838228,1,9.76
0.983608161699068,1,19.755
0.422647026389077,0,18.315
0.991342945127052,0.995,17.305
0.990395572123019,1,16.49
0.984446966810196,0.985,24.23
0.981305538637798,1,29.045
0.90425099027092,0.98,23.7
0.989684327491561,1,22.65
0.668217771330683,0,33.565
0.972401735915576,1,17.1
0.509927119686123,0,10.6
0.989985941180398,1,16.97
0.458328376477305,0,13.41
0.414888599501633,0,23.39
0.992962016791258,1,10.675
0.990342557527974,0.99,16.4
0.989943263986149,1,7.24
0.987771332332934,1,23.21
0.990832309557654,1,6.145
0.990027455543584,0.995,5.345
0.443824601372597,0.005,7.95
0.471483062104321,0,73
0.990045396266669,0.995,3.2
0.990278596972037,1,6.4
0.983938526723067,1,5.29
0.989041021844222,1,41.43
0.991259561271955,1,5.31
0.503020036468979,0,67.735
0.991173264864232,1,32.125
0.489525856243304,0,45.625
0.440458389710662,0.005,45.56
0.972287764243215,1,33.705
0.955841561875197,1,68.8
0.358624995128092,0.005,13.355
0.491669808606563,0,47.17
0.921722806113616,1,86.36
0.321755904088998,0,37.46
0.969457937154063,0.995,22.505
0.606204643850489,0.005,60.165
0.979341422001352,0.995,74.57
0.383016125236623,0,83.92
0.983760058096596,1,90.06
0.604768118132245,0,77.52
0.628215030540343,0,59.37
0.947095578128716,0.995,26.785
0.608964116847519,0,25.88
0.609335477424364,0,25.435
0.642491245023647,0.01,47.07
0.979231057333432,1,41.985
0.965784641425625,1,54.04
0.360710454481463,0,49.76
0.609749589006352,0.015,24.575
0.380508619775683,0,38.715
0.962489129505852,1,52.11
0.956040755092069,1,42.085
0.146759941409579,0,55.145
0.141455913154874,0.005,58.425
0.511330586555246,0.01,31.74
0.946961588830933,1,24.565
0.944425736448398,1,30.88
0.59654256041441,0,24.79
0.955684663327686,0.995,23.855
0.968748420628418,1,16.885
0.98322897187524,1,14.94
0.959064006647615,1,18.5
0.93511242162377,0.995,20.525
0.298815435237621,0.005,16.345
0.992297089918601,0.995,18.32
0.988600365064024,1,13.045
0.474688720180857,0.01,17.535
0.589407062047317,0,9.675
0.561445981611571,0.01,11.44
0.984368707859778,1,11.415
0.983866983116548,1,12.93
0.9807199145798,1,12.87
0.990013664465991,1,26.32
0.975252943364324,1,34.04
0.977758732246444,1,25.725
0.973235094165386,1,19.37
0.974289854929638,1,31.595
0.979141675963801,1,27.215
0.978438315965821,1,39.355
0.941164521099142,1,27.73
0.575351025785211,0.005,44.18
0.981638682532331,1,61.455
0.986644964460876,1,32.255
0.986480187230251,1,32.87
0.98487394999167,1,41.69
0.975004664797687,0.995,25.205
0.960780057327432,1,28.16
0.585437851387302,0,35.805
0.420302037168329,0.005,22.47
0.300864236200704,0,10.795
0.440517244086832,0.005,20.645
0.989212462905506,1,23.88
0.261896502274166,0,37.605
0.984411034362666,1,19.78
0.989487898255038,1,12.09
0.982716683811646,1,37.21
0.435121131941393,0.005,9.095
0.902338714207597,0.985,9.84
0.990779382136473,1,5.66
0.195596130852048,0.01,6.165
0.963741043491003,0.98,38.1
0.98541452286312,0.995,5.375
0.439175415058889,0,45.865
0.965763268823276,1,37.225
0.49937241353744,0,40.66
0.321580842514676,0,48.54
0.919959997781363,1,88.88
0.908790101007228,0.99,34.315
0.169981501205458,0,41.705
0.476150389812599,0,65.005
0.609081034329229,0.005,56.425
0.958847229544067,1,55.51
0.620103814731767,0.005,32.4
0.975189065623324,1,64.46
0.604301920760589,0,79.675
0.378462966777989,0,80.535
0.63553721483921,0,43.975
0.968508757507355,1,69.31
0.318386963798075,0,86.42
0.148767242646355,0,81.04
0.970812063262657,0.995,58.155
0.969811776970817,0.995,66.295
0.976479505600403,1,42.24
0.606094001672518,0,39.94
0.544791840291252,0,64.335
0.284034868199368,0,58.745
0.981981130586389,1,63.81
0.981980208121683,1,48.135
0.533705665329403,0,49.035
0.983598455967676,1,39.685
0.906872763892597,1,45.035
0.558249425881143,0,51.435
0.379177195159929,0.005,55.245
0.49205861238609,0,35.86
0.624280751213302,0,34.42
0.971755429085283,1,24.2
0.639101672297111,0,32.5
0.550203266887923,0.005,19.695
0.986166143775886,1,26.035
0.524273731583448,0,15.59
0.636761752422521,0.005,9.66
0.96152591463639,0.995,11.09
0.169114595601926,0,15.84
0.478216773326242,0,11.29
0.976952833541883,1,14.595
0.648892409061682,0.01,10.53
0.953012670464221,1,18.65
0.924351189894301,1,18.735
0.198540384184741,0,14.32
0.457653344676964,0,14.29
0.57610900285401,0.005,32.905
0.462065192383974,0,15.125
0.575699736742924,0.005,16.61
0.985817728983971,1,27.5
0.964288446294,0.99,83.52
0.956793386739264,1,79.995
0.433682560705283,0,22.53
0.985973114417275,1,29.68
0.927500047127287,1,21.6
0.985414845454223,1,32.99
0.162584428884311,0,32.99
0.31942939303893,0.01,9.03
0.889808593218842,0.995,12.32
0.929735225421048,0.99,20.205
0.893317187010702,0.985,10.605
0.988423237078604,1,20.065
0.470928309730656,0.005,6.435
0.963295379710991,1,9.61
0.963112931112898,0.99,27.365
0.985130412041771,1,3.86
0.441687438235073,0,21.41
0.247737905592907,0,73.92
0.984253468020954,1,36.2
0.927640762258503,1,67.1
0.498185525620552,0,41.065
0.51993353922216,0,27.275
0.980934369319334,1,30.38
0.28031172178126,0,35.015
0.395975520433957,0,36.09
0.180581973641674,0,36.115
0.475693364846481,0,45.2
0.610256354304173,0,62.51
0.372674610093723,0,44.645
0.976720833489307,1,63.5
0.916093830884222,0.995,53.16
0.307086713104909,0,84.85
0.609972527636452,0.005,68.42
0.435840196201971,0,64.815
0.372741594637851,0.005,41.86
0.372737449309102,0,58.125
0.934741179122335,1,56.22
0.17129773396196,0,38.56
0.621967764310031,0,31.785
0.973728842293262,1,46.355
0.413984921456044,0,52.065
0.965564625580101,1,56.915
0.251947016580712,0,26.245
0.164335601620658,0,33.92
0.563637477601762,0,56.87
0.374860954313978,0,46.615
0.971689675023801,1,49.16
0.968197851274737,1,42.835
0.492750618385272,0.005,23.65
0.575896539135104,0,22.845
0.547820130196786,0,14.6
0.912264922779438,0.99,17.575
0.932659136878738,1,15.23
0.407473020484687,0,31.12
0.98844652027561,1,18.08
0.162265902934356,0,17.06
0.531001865035944,0,16.61
0.972966926267038,0.995,5.9
0.552008688649071,0,19.715
0.982145040440935,1,22.025
0.491924495278109,0.005,24.045
0.352668786089991,0,8.285
0.928592148809828,0.995,16.56
0.188539557800729,0,12.075
0.972213524465185,0.995,17.755
0.973692964813157,1,13.635
0.986519506756258,1,26.64
0.985815527053396,1,25.11
0.98552336856533,1,19.105
0.988642216343219,1,16.76
0.967504015227073,1,16.095
0.950204693210427,1,13.22
0.973873128155549,1,32.935
0.974760735383061,1,35.245
0.97156772488408,1,28.615
0.983601548735415,1,20.395
0.987822144367497,1,26.535
0.980156075947726,1,44.525
0.921322647528031,0.995,15.995
0.955721975166905,1,36.245
0.332186998194041,0,25.215
0.989208919882782,1,31.035
0.1585281445412,0,42.67
0.980349148472445,1,35.05
0.989832571163359,1,8.445
0.988810712058451,1,19.945
0.987055866910559,1,9.125
0.388746030617482,0.005,4.845
0.987600120840126,0.995,11.315
0.984566048977482,0.995,9.41
0.987672464311342,1,4.47
0.987672464311342,1,4.955
0.191480948608233,0,12.42
0.438828332517665,0,2.46
0.290776558834297,0,7.775
0.966960911079255,0.99,67.8
0.985559356770638,1,8.195
0.900477144476621,0.995,37.43
0.988496254453879,1,27.095
0.346977031245734,0,67.66
0.401145921665465,0,44.185
0.921935788268392,1,88.8
0.304895672006293,0.005,29.945
0.963348546847458,0.99,57.795
0.936159807284096,1,55.85
0.471000961099831,0.005,69.905
0.961463431634659,1,75.395
0.910189668668826,1,80.68
0.461747478168294,0.005,41.475
0.379269024974491,0.005,52.34
0.319030993352577,0,84.195
0.385893264706141,0,78.53
0.563966928100395,0,75.56
0.978729871948175,0.995,69.72
0.143509769919213,0,69.18
0.251876433550765,0,26.27
0.980631140380723,1,39.215
0.907527282228285,1,43.485
0.969555473895552,1,38.13
0.98401742652535,1,43.6
0.621254781606611,0,48.67
0.450085504361856,0,56.73
0.915259560178198,0.995,55.265
0.984790643583922,1,53.175
0.470690984997885,0,40.62
0.237145795155347,0,65.11
0.292667754797797,0,38.69
0.589811310659017,0,49.065
0.900965962451498,0.995,18.645
0.502081981731037,0,21.185
0.573793927168734,0,22.28
0.961662266578705,1,18.875
0.619485105996272,0,28.22
0.530380020756041,0,25.765
0.487132436718173,0,18.905
0.988431737091502,0.995,20.785
0.161520239733674,0,18.54
0.203705134710445,0.005,20.46
0.971453333084082,1,21.91
0.508368085226361,0.005,21.07
0.621335741302811,0,14.155
0.180919317659802,0,8.975
0.18929209248765,0.005,11.91
0.933373185010958,0.995,20.9
0.578446626374978,0,11.185
0.962098704924005,1,18.27
0.427520757825245,0.005,7.495
0.97014399588699,1,12.005
0.985220911588259,1,19.335
0.957500351454041,1,17.865
0.54839024009596,0,15.735
0.989082111345214,0.995,23.26
0.980724324752024,1,34.96
0.989836817415881,0.995,15.485
0.540101594647826,0.005,28.055
0.621369014483319,0.005,10.665
0.975909032866297,0.995,32.605
0.434329555804809,0.01,40.905
0.979124511733096,0.995,23.855
0.611558950630494,0.005,30.54
0.986321821659629,1,44.125
0.469244449225714,0.01,16.98
0.950742067312514,0.995,64.34
0.979058430164897,1,37.875
0.988576188058635,1,22.65
0.958079977599295,1,36.015
0.983228773465299,1,20.7
0.159048961991581,0,43
0.979551348630001,1,24.135
0.979230929875279,0.995,20.795
0.451889793827319,0.005,34.55
0.989288629717552,1,16.955
0.984848117609596,1,9.485
0.984936033887973,0.995,24.01
0.398755407296559,0.005,14.425
0.98965542846885,1,11.09
0.98553991804335,0.995,14.015
0.985436522385001,1,11.255
0.38669619321183,0,6.685
0.990465089901798,1,7.795
0.983748417209667,0.995,1.55
0.97460143036007,0.995,66.77
0.469845690022365,0,15.94
0.981206232126278,0.995,19.435
0.988198357423552,1,8.695
0.985691073891092,1,42.45
0.986828865101041,1,17.245
0.367369813216834,0,45.365
0.954593995546397,1,69.62
0.984157188277978,1,29.825
0.25486193162185,0,38.635
0.375875237302475,0,55.42
0.608038704679719,0.005,56.585
0.968109350026209,1,60.93
0.964221790173408,1,88.255
0.37359230755172,0,80.355
0.594512080966419,0,64.28
0.270210979862513,0,49.79
0.147043706255926,0,52.77
0.639727337531671,0.005,47.2
0.90996781863353,1,43.125
0.249213096820552,0,28.61
0.979852031692115,0.995,54.09
0.53844072535933,0,37.565
0.477722987455948,0,32.805
0.239913426819083,0,40.795
0.968996083900673,1,53.725
0.967968957993957,1,40.26
0.905606128453241,1,38.5
0.539617641506445,0,34.37
0.982030649358935,1,50.02
0.908459377445144,1,43.745
0.982374166887204,1,47.105
0.489870675429577,0,18.625
0.962949588213168,0.99,21.435
0.379302760199625,0,31.11
0.911157567066307,1,16.38
0.969625181549985,0.99,31.12
0.960641073352676,1,24.16
0.962800370469123,1,18.135
0.957983274965424,1,22.04
0.162932739942732,0,20.575
0.173182680954924,0,9.195
0.981893854903353,1,17.24
0.985381385872698,1,9.885
0.988528628885499,0.99,24.885
0.306380926472407,0,13.51
0.9895086780267,1,20.58
0.408395843635321,0,19.035
0.430831934165398,0,33.19
0.987485964949432,1,13.57
0.598123910950018,0,10.355
0.918109264476871,0.995,17.02
0.965640927706614,1,15.855
0.990998967091273,1,15.135
0.991347515004562,1,16.81
0.982202750105191,1,21.62
0.491364878180966,0.01,17.325
0.609741512268136,0.01,19.105
0.986612402701754,1,21.985
0.96884350764444,1,19.845
0.989379516153719,0.995,16.145
0.412568651122017,0.015,18.625
0.97809647260175,1,24.96
0.984263693213738,0.995,16.66
0.890112705566831,0.98,17.56
0.990160520151076,0.985,15.975
0.462383964991935,0.005,16.125
0.968115312523717,1,38.295
0.477818553162351,0.03,24.68
0.980063643524869,1,27.74
0.975057539419335,1,33.925
0.972930260958816,1,35.155
0.977907687979342,0.98,19.69
0.36247451285733,0.005,17.04
0.989317367895926,1,20.68
0.369499945572418,0,16.74
0.167950557861869,0.01,10.33
0.238644553963088,0.005,9.66
0.295264484257204,0.02,8.225
0.981806463696958,1,3.855
0.219412387484268,0.015,8.64
0.894355642808091,0.985,6.915
0.974940515968682,0.99,21.91
0.535534281990198,0,18.395
0.397813467738535,0,43.915
0.975768366087783,0.995,77.595
0.985686222500464,0.995,43.615
0.904864914615258,0.995,42.625
0.982452215404205,1,43.7
0.945968210809385,1,35.34
0.973709052129526,1,31.755
0.972224649315826,1,23.13
0.451907195111388,0,17.05
0.987674165623303,1,14.855
0.586563723802707,0,21.57
0.990182307524964,1,20.385
0.964764122103898,1,18.29
0.990082922505664,0.995,15.05
0.991483476079442,1,18.505
0.989640447818876,1,12.535
0.990002285571863,1,15.795
0.553572481781711,0.005,16.085
0.40280010065898,0.005,15.895
0.941890561820766,0.99,11.18
0.985569188102774,1,12.005
0.568083387885548,0.005,20.135
0.969906703211995,1,22.945
0.990824712585624,1,24
0.98925970006773,1,26.265
0.981375655286429,0.995,30.84
0.902637204255447,1,30.465
0.548285496159476,0.005,53.595
0.443568606068039,0.005,25.595
0.970700023182433,1,33.365
0.493615739021235,0.005,38.545
0.981032991867673,1,32.19
0.35442615018541,0,12.75
0.983082481292557,0.995,3.5
0.551804209474315,0.005,48.525
0.97296135104964,1,55.945
0.980896654684591,0.995,49.79
0.626252202133736,0,32.76
0.337603281197086,0,31.5
0.980047949485887,1,20.995
0.983876824751932,0.995,11.795
0.986909435633165,1,19.435
0.564237237515486,0,12.585
0.989173426620774,1,15.88
0.404175017672321,0.005,14.135
0.980475036773098,1,9.245
0.431893283220694,0,14.295
0.527229434568715,0,10.495
0.416247948988232,0.01,17.07
0.988975236767473,0.99,14.92
0.989793160839522,1,20.43
0.988326103657319,1,17.46
0.982246398885985,0.99,26.88
0.986402715150034,1,13.16
0.983889246910972,0.995,22.19
0.891670064862625,0.995,18.04
0.512522994577686,0.005,41.555
0.974271993487101,0.995,23.925
0.416644440787327,0,19.9
0.981100726517951,0.995,16.12
0.918849228198592,0.99,12.51
0.433002199100756,0.015,17.31
0.402749456793521,0.005,23.285
0.99150514935058,0.995,11.26
0.986365832100996,0.99,33.54
0.97843553334397,1,7.675
0.991705259026329,0.995,16.4
0.44855094435031,0,7.37
0.452209012205269,0.005,6.425
0.990905539200164,0.99,3.83
0.203424175820128,0.01,4.235
0.470749368822583,0,72.645
0.991259561271955,1,5.31
0.500037719878253,0.01,46.345
0.97125407118725,1,37.98
0.357454577608778,0,36.61
0.913428418845208,1,78.31
0.924129004024669,1,86.78
0.961265310980742,1,47.115
0.363821495390392,0,46.49
0.336176479467063,0,26.345
0.387124871517127,0,64.33
0.561973296320648,0.01,86.015
0.966340070957358,0.995,74.12
0.610318297696003,0.015,66.955
0.631158347273877,0,36.655
0.921637824720848,1,55.175
0.914189090974626,1,65.82
0.629432172490631,0,63.16
0.38804561903011,0,81.55
0.444885914106152,0,57.315
0.548548654824303,0,63.675
0.961067755646674,0.995,84.48
0.379340128880484,0,56.105
0.141876792593707,0.005,52.07
0.294319332795048,0.005,51.97
0.643145761848726,0.005,38.895
0.515432580058718,0,30.46
0.288743375092095,0.005,62.625
0.983869236173196,0.995,52.855
0.973519709914455,0.995,53.225
0.975821328980343,1,51.99
0.644190030752655,0,42.85
0.375480907252753,0,56.855
0.589489993219218,0,32.785
0.977265368372311,1,39.95
0.983059975193836,1,63.445
0.482845184089434,0,36.555
0.492306070900443,0,34.115
0.992129563265248,1,17.425
0.982928774109647,1,29.37
0.960297987997682,1,20.325
0.441456527276416,0,20.725
0.928325313272358,0.995,11.63
0.908368392600495,1,24.165
0.167860409072365,0,15.495
0.993210795637386,1,17.36
0.506975849967856,0.005,22.265
0.983180457089436,1,13.285
0.44729286036932,0,18.87
0.967554953616916,1,11.4
0.165174415954669,0.01,18.43
0.905022608097951,1,14.155
0.96901859000535,0.995,15.91
0.987130901151933,1,7.435
0.992489497073434,1,17.175
0.976390922395708,1,17.205
0.909193740476938,1,20.895
0.991134526911414,1,27.395
0.99290754447018,1,16.845
0.991629506092779,1,20.79
0.953471887479962,1,16.51
0.555888783280859,0,17.89
0.987949685294806,1,9.465
0.987801865481838,1,10.55
0.986545043637266,0.995,24.52
0.278810153677423,0.005,19.855
0.975958321918486,1,66.28
0.989928535733445,1,41.3
0.989139032640373,0.995,17.23
0.970490310194863,0.985,55.05
0.455285202188744,0,14.825
0.970827462729852,1,11.15
0.450351127539884,0,25.32
0.983083642344837,1,29.57
0.525614690800039,0.005,17.09
0.357237205669273,0.005,26.145
0.973273081416211,1,35.31
0.20209074629071,0,37.01
0.366711519284848,0.005,12.815
0.198620102160457,0.005,7.87
0.988514068058994,1,6.83
0.374755275433597,0,2.44
0.434957306090629,0,1.315
0.920712925784329,1,37.64
0.514189000545998,0.005,46.2
0.923747751845676,1,88.545
0.318762318515478,0,45.58
0.973071265878638,1,36.785
0.925742274259629,1,65.12
0.425423347894032,0.005,51.125
0.975014424441378,0.995,69.315
0.392093676468518,0,79.955
0.310158468148527,0,82.035
0.89901594919276,1,80.14
0.946737741340552,1,54.29
0.931528537466459,1,62.005
0.983559058418315,1,55.055
0.95135232597887,0.995,75.91
0.588160991552324,0.01,74.315
0.287475882050399,0,91.22
0.910729128603522,0.995,53.52
0.977704788447237,1,59.945
0.650316900322981,0,45.645
0.464299250082739,0,50.945
0.908719933821121,1,48.135
0.592864617821299,0,36.83
0.981609029926338,1,43.02
0.162135497853904,0,29.295
0.237973549119759,0,36.915
0.646873657146668,0,42.93
0.289042550611884,0.01,59.59
0.642182092068823,0,52.335
0.141214871635107,0.005,57.68
0.977247369975158,1,59.705
0.54551415051397,0.005,57.19
0.388020889941172,0,37.645
0.969768142622745,0.995,38.9
0.466242327564246,0,50.18
0.158147607891737,0,20.83
0.973167874452636,1,23.325
0.539552176692723,0,20.55
0.423917416146895,0,21.14
0.973694236953304,1,12.985
0.184809980713848,0,11.19
0.471480038974591,0,24.62
0.50419333044725,0,19.06
0.526283859801708,0,16.925
0.17324176114175,0,19.52
0.284500089986107,0.005,14.505
0.931533022812005,1,8.435
0.985067079904719,0.995,11.785
0.969425172277231,1,10.775
0.921022654066501,1,11.415
0.979252428883523,1,8.37
0.910062294215794,1,18.295
0.99094919716277,1,18.35
0.970091188828576,1,13.51
0.979256898457606,1,19.905
0.982158423694527,1,24.515
0.984829883102433,1,10.975
0.409487301327327,0,8.275
0.60793137167564,0.01,14.82
0.982157970254173,0.985,23.925
0.983929154628174,1,27.02
0.988535602063299,1,11.39
0.984572985142138,1,42.4
0.583289062527434,0,64.435
0.560358519344255,0.005,75.265
0.983306049245238,1,45.765
0.98573832448632,1,23.215
0.589122978905616,0,36.835
0.98822607808883,1,19.42
0.406144342533604,0.005,11.55
0.428591165247721,0,23.425
0.94727709368286,0.995,22.755
0.48457850536545,0,16.55
0.991067821430206,0.995,20.07
0.99072675972892,0.995,18.07
0.159645826434052,0,42.945
0.985179851097214,1,15.03
0.493785435055471,0.005,25.95
0.983584441126571,1,35.79
0.333863472189133,0.015,9.005
0.987774259748633,1,8.72
0.987468249964766,1,6.82
0.990584188302724,0.995,7.055
0.439000502483513,0.005,5.245
0.986600802027848,1,11.175
0.399460265953035,0,11.5
0.46796299492491,0.005,73
0.98306541222783,1,17.205
0.367704705801175,0,44.915
0.324823860776018,0,45.085
0.449596493478545,0,53.12
0.928234232025993,1,88.04
0.350215258893377,0,26.48
0.981323557975732,0.995,27.09
0.291146456821497,0.005,26.325
0.971876833908424,1,76.14
0.914622739992821,1,58.74
0.968745282484993,1,67.23
0.55352761439407,0.005,87.46
0.377811913474749,0.005,55.9
0.637408066079973,0.005,38.975
0.325773292039589,0,83.545
0.979359050873285,1,60.305
0.628081420623482,0.005,57.325
0.973694176722907,0.995,70.41
0.377029145132743,0,52.875
0.443649685738201,0,60.96
0.461284210889711,0,79.825
0.967036831535783,0.995,74.725
0.234461481264321,0,56.94
0.643027467615193,0,50.68
0.252762777361901,0,26.88
0.640967635900175,0,44.48
0.970976735932582,1,38.655
0.143377243285239,0,56.89
0.974639940652536,1,54.735
0.971414467210336,1,50.37
0.543979553862558,0,64.05
0.377307320622008,0,46.415
0.978536780643894,0.995,38.695
0.407549340513642,0,28.49
0.593191593099094,0,34.69
0.374860954313978,0,50.465
0.640118555946878,0,22.95
0.165108389029262,0,32.75
0.429340167237596,0.005,24.455
0.48391139978972,0.005,13.265
0.181933502049239,0,10.685
0.635249919234894,0,17.625
0.565683829200818,0.005,33.965
0.984963854079185,1,17.695
0.572683986886698,0,13.23
0.349360869659223,0,11.785
0.988392538264149,1,18.3
0.986880301768055,1,27.785
0.98959815085615,1,16.675
0.909219701076606,1,35.33
0.596111751694378,0.01,17.13
0.600793140274402,0.005,24.92
0.397242761261182,0,20.45
0.985977074185101,0.995,72.89
0.987741071597626,1,24.51
0.985430858372134,1,27.345
0.977228303972095,0.995,23.2
0.551231578092147,0.02,52.905
0.988546148480487,1,12.695
0.987070061241376,1,31.595
0.562412249019117,0,36.56
0.59181140818119,0.01,37.185
0.985747001263655,1,24.405
0.987037756134123,0.995,17.635
0.987062210057424,1,17.74
0.443345200707341,0.01,23.505
0.378757439681959,0,22.83
0.458837776050228,0.005,19.3
0.179299894721975,0,23.16
0.384186090172937,0.005,10.94
0.98390368015068,1,38.155
0.98718831731094,1,9.585
0.333464329758489,0.01,10.47
0.990006924361471,1,18.395
0.983626906809001,1,19.205
0.157677802734293,0.01,12.67
0.464777633074788,0,73
0.985384134655163,0.995,43.13
0.986059722590698,0.99,20.29
0.285144501632723,0,33.935
0.957506902097251,1,52.17
0.954790329040922,1,62.175
0.289158060592994,0,27.1
0.986786068074109,0.995,28.915
0.217783562538585,0,41.555
0.294397583949412,0,48.72
0.255838657180011,0,27.155
0.236338315873544,0,29.79
0.276336298714878,0,40.875
0.974860609021089,1,57.46
0.148467985083063,0,81.35
0.967830367397281,1,76.86
0.983364930807631,1,79.575
0.149773613785824,0,72.93
0.632873361216392,0,40.575
0.386061913089771,0,71.975
0.361632019865379,0,57.83
0.635053811788265,0,42.76
0.970285249505653,1,75.785
0.324900743986504,0,81.96
0.634164792868541,0,34.345
0.634986955207314,0,48.805
0.955414663681426,1,67.82
0.357816543806315,0,65.535
0.6103360501506,0.01,66.425
0.971915444402741,0.995,47.04
0.944600035226103,1,34.44
0.558205125054275,0,80.2
0.977377168726983,0.995,44.9
0.292902899799103,0,40.05
0.240844530216411,0,44.435
0.253520014888828,0,26.275
0.98532479430494,1,60.775
0.482702395965532,0,28.55
0.144563410890194,0,53.42
0.29083700507434,0,54.06
0.586495117544185,0,21.585
0.543817227973959,0.005,17.21
0.984538771746339,1,22.04
0.464362145748031,0,16.56
0.638098979992799,0.02,12.44
0.311157587746785,0,15.665
0.180560072165326,0,7.25
0.532008140947432,0,20.02
0.623001221173888,0,15.385
0.527654491618152,0,16.69
0.927362457112527,1,33.815
0.983024787909341,0.99,10.735
0.322577022865049,0.01,12.975
0.635575128107072,0,10.51
0.986370899448225,1,13.57
0.595443649978021,0,6.68
0.982401308678981,0.995,15.595
0.990052678585331,0.995,21.825
0.636973837427442,0,11.1
0.623264698481279,0,14.7
0.986050415658935,0.995,31.94
0.872298794845017,1,16.045
0.981321321365256,1,35.685
0.988411737387536,1,26.295
0.898956034449519,1,30.185
0.975598018860574,0.995,51.87
0.978943189878412,0.99,40.42
0.98974792109997,1,21.695
0.986599425254486,1,40.465
0.981253447719308,1,54.405
0.170269764664405,0,40.4
0.978579529497274,0.995,21.415
0.9843291452699,1,32.965
0.961939703351345,0.995,35.48
0.390961611121525,0.005,7.47
0.38640897528472,0.005,11.275
0.957326173360048,0.995,6.84
0.378533656225166,0,10.74
0.971480862016413,1,19.51
0.390548243099394,0,5.77
0.415227946587833,0,11.195
0.463953990168374,0,72.72
0.986717418470613,1,2.49
0.985691073891092,1,42.42
0.988014189873496,0.995,14.63
0.48489522708892,0,5.63
0.491942845880181,0,41.515
0.437712942858653,0,19.28
0.291362080691252,0,41
0.404721477444253,0,41.815
0.931572855774952,1,85.48
0.315038985628572,0,27.565
0.215857811812106,0,70.235
0.207142526115078,0,67.05
0.970145558422474,1,69.17
0.969757610039001,1,78.205
0.372448859670165,0,66.02
0.965727980359357,1,83.53
0.63108202820269,0,55.605
0.946546021311299,1,82.95
0.982455503271405,1,64.005
0.934737167576514,1,82.61
0.371591265632852,0.005,56.615
0.373850240235973,0.005,70.09
0.63032190665752,0,45.21
0.970032881649438,0.995,63.505
0.212474063698749,0,49.385
0.529970158458073,0,44.555
0.982939201861775,1,48.9
0.986365235687064,1,35.08
0.151258708034243,0,58.39
0.521716374910593,0,39.205
0.618579658054691,0,46.915
0.290612227568527,0,42.185
0.146889210508586,0,52.6
0.379761406313477,0,51.01
0.467593674410761,0,42.25
0.583455207047979,0,51.89
0.526431213755001,0.005,23.425
0.528484495137819,0.005,29.055
0.987569377637331,0.995,20.045
0.869948297456847,1,14.75
0.928654168968259,1,12.335
0.986377803930185,1,14.57
0.983914962818733,1,8.505
0.990629755673072,1,16.175
0.556049173900054,0.005,15.825
0.491975508841991,0,14.36
0.988845628832094,1,20.53
0.977629443135703,0.995,22.35
0.185095943258758,0,15.81
0.945933264642887,1,14.02
0.99069083158148,1,18.31
0.990897685128709,1,19.82
0.990448630352172,1,19.955
0.989318823785512,1,17.14
0.951983821611193,1,15.93
0.564445555187286,0.01,12.615
0.989956790167949,1,19.54
0.605235285619926,0,11.36
0.620964440055627,0.005,8.755
0.981982642454017,1,10.9
0.991077646681761,0.995,19.17
0.990440643009718,0.995,16.545
0.624939288866831,0,17.645
0.979231485762712,1,14.73
0.981523107213124,1,35.32
0.963541735171212,1,23.625
0.982605393437471,0.995,23.12
0.573506766987646,0.005,7.97
0.971320107134302,0.99,31.06
0.965375049391544,0.995,11.72
0.415079443724492,0.01,44.41
0.962283259432937,1,56.22
0.27969042864001,0.005,18.195
0.97766853377585,1,28.91
0.983966824714553,0.99,17.285
0.557163399160318,0.01,25.34
0.974034809841241,1,34.765
0.985394886759343,0.995,19.94
0.978261990506336,0.99,8.54
0.119993273055541,0,36.25
0.893402668362186,0.99,12.665
0.980331127865846,0.995,9.715
0.329644166030666,0.005,11.175
0.97902474177974,0.995,6.8
0.4675635708476,0,2.91
0.985181614499191,0.975,6.62
0.385546378482505,0,10.435
0.920357593814879,0.985,4.41
0.54711679945062,0,6.295
0.946194017351021,0.995,69.68
0.973971620324491,1,35.55
0.984809127487036,1,29.62
0.973298235168848,1,54.385
0.982278194397474,1,65.135
0.985064345132131,1,46.95
0.377661445162881,0,40.2
0.418659336233622,0.005,53.135
0.360791102786308,0,52.75
0.915810890342447,0.99,58.465
0.985549914151624,1,44.25
0.392475472577699,0,43.11
0.98987015276529,1,19.485
0.989454448029278,1,16.07
0.912699613413473,1,20.355
0.428069185872055,0,20.5
0.986308712428538,0.995,26.375
0.493980397800786,0,14.45
0.457344953297079,0,11.63
0.990616999782611,1,16.18
0.971173115007988,0.99,20.74
0.989988747107603,0.99,15.885
0.990827076432894,1,20.81
0.576540673388966,0.005,16.29
0.561528831075185,0.01,14.095
0.985027930971913,1,10.28
0.976241543841095,1,14.1
0.991218666317257,1,19.885
0.450053053142816,0.005,12.73
0.98731885980109,1,14.94
0.616691286933995,0,26.2
0.583793654923343,0.01,22.385
0.978060787661484,0.99,20.22
0.988965930078914,1,18.815
0.985458147469491,1,34.055
0.990429734196888,1,16.535
0.977899606848526,1,12.5
0.975921451839031,1,37.665
0.543623744357013,0.005,32.08
0.959252960201411,0.995,8.33
0.985774265242887,1,38.63
0.985749460048867,1,11.91
0.907365647594625,1,28.6
0.987952826621844,0.99,19.765
0.306893806269838,0,30.21
0.977383854597349,1,33.27
0.972529948308765,0.995,40.08
0.982146159029328,0.995,19.83
0.990392434488605,1,17.505
0.385785301667386,0,7.01
0.274029782640364,0,2.64
0.451983262680189,0.01,11.815
0.556808778201782,0.005,70.575
0.350582531249425,0.005,36.435
0.870768635559147,0.99,70.96
0.973980123614237,1,36.905
0.360607952614219,0.01,63.67
0.983594616561478,1,63.745
0.987444389594254,1,36.48
0.983835418128991,0.995,54.545
0.911984734159432,0.99,30.53
0.565490623837931,0,16.935
0.98174915319627,1,20.745
0.580352751100884,0,14.725
0.987147236645266,0.995,14.595
0.990819217982527,1,16.275
0.582156139566477,0.005,15.44
0.499847698907073,0,24.04
0.591254764564444,0,24.72
0.42614239097742,0,21.85
0.589989989991322,0,23.47
0.939870957230601,0.995,16.835
0.46495610683268,0.005,23.555
0.550888131847946,0,17.005
0.977163200160228,1,21.71
0.97216678673951,1,13.65
0.990812016381496,1,17.12
0.964560467661158,1,19.795
0.988207838683941,1,19.885
0.982852170705078,0.995,16.345
0.973286194639313,1,11.965
0.990568904017183,1,15.8
0.990235470343235,1,21.305
0.315700358627645,0.01,14.625
0.989865279762839,1,25.835
0.991279387304103,1,16.675
0.611538142578982,0,34.42
0.968254332943896,0.99,22.285
0.98316564198077,0.99,32.89
0.985955229885119,0.995,26.99
0.984067454750685,1,28.955
0.989477362796722,1,21.735
0.263268171940389,0.04,31.085
0.910227560827751,0.995,17.065
0.523283682644703,0.025,23.05
0.317644485371178,0.03,17.16
0.991043146827987,1,10.465
0.991433968468403,1,17.71
0.449850010147954,0.005,21.075
0.991883327986593,1,22.31
0.991299608666827,1,12.56
0.991308478164172,0.99,5.335
0.990693384610237,1,9.135
0.469603976564531,0,73
0.989744544973984,1,39.67
0.967819324304575,0.995,23.71
0.351721531163774,0,66.36
0.422026922072923,0.005,21.945
0.537136238737069,0.01,28.25
0.319676991803299,0,32.485
0.451183439712599,0,73.775
0.324925213321681,0,20.16
0.594446102600534,0,67.59
0.917934858281339,1,58.44
0.960600391681289,0.995,56.53
0.911221992114126,1,60.815
0.369856474383264,0,65.455
0.381363247870297,0,68.315
0.383892984364496,0,84.865
0.594241794315489,0.005,75.125
0.938940762226928,1,77.325
0.975006996225678,0.99,70.905
0.95794103131909,0.995,61.68
0.975079717608792,1,75.785
0.625607524803095,0,65.115
0.586150991034371,0.015,63.205
0.299910714133746,0,67.01
0.915265605314845,1,47.6
0.168682374875303,0,33.53
0.147723421873354,0,50.195
0.376161369071975,0,53.49
0.255358621429898,0,26.515
0.944108217155038,0.995,64.545
0.966621971017425,1,52.1
0.563361665165721,0,54.47
0.905878409149221,0.995,47.745
0.380508619775683,0,40.395
0.551065242908093,0,38.68
0.986672074379603,1,51.325
0.376161369071975,0,55.965
0.90638829946081,0.99,48.225
0.551149857501627,0,34.015
0.983367529432943,1,22.315
0.915540187853279,0.985,23.575
0.983292341396666,1,17.58
0.91193584961055,0.995,14.875
0.983688969946352,1,17.225
0.443651501753993,0,13.93
0.96414173723085,0.995,14.795
0.984358192351157,1,14.68
0.504783798574683,0.01,16.675
0.469140640077102,0.005,33.61
0.914259850812096,1,22.13
0.992009153439196,0.995,16.495
0.966340179827278,1,8.26
0.992119168119874,1,20.36
0.983553320024321,0.995,11.505
0.990297350387996,1,10.38
0.309595626140603,0,15.775
0.986163632686696,1,9.69
0.376066586725822,0,7.495
0.975832733811935,1,18.115
0.992164684265218,1,21.585
0.977293297811465,1,31.4
0.577105736622099,0.005,17.465
0.916958794453941,1,31.05
0.575740579461674,0.005,13.265
0.507805731825307,0.005,9.635
0.988010424900935,1,12.2
0.875531673735806,1,19.61
0.977907738555549,0.995,48.22
0.983352474123777,1,46.97
0.983931057757139,1,40.16
0.979511637722909,1,38.66
0.889524948520419,0.995,19.75
0.986301917284273,1,18.725
0.983350860710955,1,19.89
0.515912744781028,0,29.495
0.173274613914048,0,31.545
0.98738154007822,1,10.965
0.981175735039629,1,32.515
0.989070019227426,0.995,20.24
0.386772707070039,0.01,9.525
0.397688975734637,0.005,18.8
0.99029676137891,0.995,15.845
0.982127899018586,1,35.22
0.434006330204797,0,12.285
0.424446278916828,0,12.75
0.247190517087116,0.005,8.41
0.470262171647857,0,73
0.184799835820751,0,9.19
0.300805241754114,0,68.515
0.412156400755086,0,23.48
0.938871409291623,0.995,76.09
0.436711020784821,0.005,30.32
0.518377858867267,0,48.67
0.519350780954344,0,46.82
0.233452356252714,0,35
0.50823068922699,0.005,31.455
0.51150124698263,0,51.995
0.13902568161478,0,83.205
0.597216069188589,0.01,80.945
0.984358040639979,0.995,62.4
0.387301515168367,0,78.27
0.374066768547495,0,57.465
0.596291607678803,0.01,71.985
0.583648063282173,0,59.705
0.277803706493941,0.005,73.85
0.263615684616748,0,81.6
0.609274567495588,0,47.795
0.637046000434959,0,51.235
0.61703803395318,0,66.215
0.349684716665345,0.005,58.14
0.390788644262185,0,29.42
0.604422480737665,0.005,71.6
0.546348953632742,0,48.08
0.966508404583321,0.99,55.78
0.630478737216903,0,44.99
0.645963622291383,0,47.69
0.149554905195187,0,39.16
0.240231664504777,0,38.89
0.625028642972975,0,47.85
0.987162408905001,0.995,55.38
0.476572379369419,0,52.31
0.916441374553888,0.995,56.88
0.976816201990409,1,41.645
0.642415638128244,0.005,34.03
0.381489558644867,0,38.655
0.547724440684139,0,25.53
0.343957408746327,0,20.835
0.559481623389063,0,30.605
0.990907270012927,1,15.45
0.978842389940658,0.995,15.47
0.987701187858937,1,22.65
0.502464262910691,0,31.895
0.989578469146923,1,21.33
0.985511465902526,1,10.565
0.977816104360502,1,5.8
0.987571054043134,1,12.675
0.652613060682229,0.005,26.815
0.475025160038056,0.005,26.455
0.974372533916812,1,29.005
0.925589157715697,1,14.485
0.987685175952167,1,16.485
0.973510264235861,0.99,20.2
0.986955360371312,1,77.49
0.985743509645008,1,23.55
0.989189825984749,1,21.705
0.981117883262721,0.995,15.055
0.397273503220008,0,26.465
0.990104387248403,1,17.385
0.976872554218922,1,28.325
0.905883998046323,1,21.79
0.971619153678516,0.995,19.035
0.168630997669347,0,41.995
0.989355547175274,1,13.41
0.386504678671865,0.005,9.28
0.450832468749357,0,7.29
0.447808729699499,0,8.23
0.282560729590599,0.005,4.57
0.989199993293394,0.995,12.945
0.971669160909997,1,4.395
0.45527251910357,0.005,4.315
0.442832793563307,0,12.33
0.448492814385873,0,6.26
0.985270151634051,1,43.37
0.315506206570339,0.005,39.03
0.281549948859159,0,35.345
0.41182849837936,0,23.06
0.907242481259298,1,38.89
0.934734293864227,1,81.08
0.985477648329294,1,12.275
0.211509630644692,0,44.725
0.975418156656717,1,57.66
0.318036557853784,0,84.925
0.970095054814192,1,67.495
0.359062298012479,0,60.175
0.919997130971858,1,65.955
0.374863114032864,0,61.325
0.972626265675032,1,58.495
0.913453747856664,1,77.805
0.91673211031363,0.99,84.715
0.982717285273175,1,84.065
0.388147949109342,0,35.5
0.972446464667988,1,47.715
0.97553870186366,1,67.39
0.248095509521764,0,31.805
0.970093888793005,1,79.13
0.972507382392226,1,79.17
0.952614476695037,1,71.35
0.919383129623006,1,68
0.35976076507154,0,35.705
0.643604845392802,0,46.235
0.373441190069783,0,41.46
0.958645394807042,1,50.435
0.3741866071851,0,47.805
0.283246774323065,0,61.845
0.470084532660859,0,48.3
0.460817430875173,0,51.16
0.981076940373811,1,39.985
0.934549417113339,1,16.19
0.985465023142741,1,25.03
0.495398977483794,0,26.25
0.964852894457299,1,29.955
0.915160653101338,0.99,20.335
0.983160198980438,1,21.355
0.553974328648286,0,14.625
0.971899360596589,1,9.315
0.632265385875644,0,19.43
0.958630636712977,1,6.32
0.968206207278617,1,9.46
0.919282954018208,1,14.795
0.211972486389549,0,16.405
0.581523949919362,0.005,14
0.990291565695471,1,13.4
0.34785608048629,0,11.03
0.452078706698667,0,10.245
0.98805407780491,1,23.135
0.621997393499055,0,21.46
0.988118405501031,1,24.28
0.967548269272667,0.995,28.61
0.57212155818614,0.005,20.99
0.988277266589715,0.995,14.615
0.547249892511474,0.025,63.75
0.985958791826711,1,27.845
0.977068057344386,0.995,10.965
0.977260395726862,1,16.84
0.986748649700362,1,35.57
0.571219155191223,0.02,69.84
0.983009794929859,1,33.465
0.427701508368944,0.005,22.495
0.396209594054187,0,29.585
0.507291341672302,0,24.36
0.382766880715023,0.005,22.725
0.515844929431107,0,25.91
0.400519407151463,0,13.805
0.319465815971832,0,17.355
0.985045302127773,1,19.11
0.16004902641403,0,42.01
0.980375638718986,0.995,16.61
0.437758077081993,0,22.635
0.987398350347785,1,12.835
0.990174884330408,0.995,18.415
0.987574552339146,1,9.025
0.382577083084231,0.005,11.63
0.296853966916708,0.005,7.88
0.205801630698334,0,13.045
0.198018718709097,0.005,4.035
0.462956803199491,0,73
0.983593721596179,1,3.27
0.9213323495394,1,47.575
0.974717111087513,0.995,53.065
0.285735350386278,0,33.055
0.223617659601591,0,51.67
0.236701181157396,0,29.585
0.428262145221738,0,22.05
0.400887463850506,0,30.12
0.336750254420453,0,89.665
0.317861162394699,0,86.305
0.930916373893156,1,74.92
0.582894061716312,0.005,66.475
0.971645423343744,1,67.235
0.966215272846627,1,68.08
0.923158835340327,1,64.995
0.975695090595985,0.995,36.46
0.471025374040003,0,40.61
0.378995566455115,0,52.28
0.38463972411977,0,45.43
0.926242109041329,1,55.245
0.98482439235623,1,47.66
0.243375536305256,0,40.715
0.987676811395932,1,27.245
0.967976571040694,1,31.795
0.983537080293477,1,47.13
0.618364967147968,0,36.365
0.168670947440941,0,36.035
0.165308938619941,0,35.26
0.535443751830261,0,43.03
0.97070419287755,1,41.415
0.155841118844933,0,31.23
0.979069330634995,1,40.355
0.623034184718478,0,33.205
0.907824752679328,1,50.04
0.907103026844548,1,48.205
0.429451429773011,0.005,51.71
0.242086962593045,0,49.25
0.450085504361856,0,56.73
0.981663943500506,1,16.86
0.492320795590613,0,21.4
0.929221235605188,1,11.17
0.336462264697771,0,12.695
0.985857351601472,1,10.515
0.965649028637122,1,15.42
0.915214850333025,0.995,15.24
0.550347353324736,0,21.575
0.98887447053908,0.995,15.205
0.983675659335188,1,9.075
0.963053793825192,1,19.97
0.984020361316248,1,12.875
0.991108260965589,0.995,15.885
0.515233873285616,0.01,25.975
0.519101240848439,0.005,23.055
0.541390560730017,0,21.31
0.438546846504577,0.015,14.085
0.983655302147688,1,31.65
0.986513630413313,0.995,32.665
0.627335704181007,0,24.995
0.97612626242313,1,24.585
0.500851288722708,0.01,13.47
0.981876483671449,1,46.33
0.983390359034989,1,38.875
0.98586150637484,1,34.66
0.970984575573582,1,56.425
0.988928168777667,1,25.33
0.961235197969436,1,43.12
0.333597447471148,0.005,24.66
0.159048961991581,0,42.85
0.893203303699543,0.985,23.69
0.98734582462692,1,15.93
0.983710259207772,1,27.905
0.39496782193386,0.005,11.39
0.98525002096059,1,28.145
0.366465629009032,0,6.37
0.479973384697985,0.005,4.585
0.463494397954432,0,72.72
0.985657863542346,1,41.9
0.979742379557136,1,39.52
0.461135142307458,0.005,68.68
0.43773331103093,0,24.135
0.302633851272795,0,45.495
0.305830063307625,0,38.725
0.219447361808332,0,39.45
0.312382789244288,0,34.925
0.986433934056182,0.995,32.94
0.965087113351478,0.995,57.935
0.51815653902092,0,61.3
0.97237888593373,1,70.475
0.3618512896671,0.005,43.915
0.983908094468427,1,89.145
0.35776591995571,0,63.645
0.150001051762298,0,79.215
0.973518059927602,1,64.395
0.303505021862147,0.005,50.485
0.565116149891561,0,67.92
0.461278241895119,0,41.82
0.973567961299435,1,65.135
0.443454747820472,0,35.25
0.462436203684201,0,42.7
0.957543456864317,0.995,52.74
0.543834487471896,0,38.855
0.251795039378735,0,26.03
0.986250301286305,1,56.745
0.639479679146692,0.005,35.02
0.297622976822715,0,52.3
0.478617133090245,0,37.31
0.373666038046503,0,52.36
0.951821957833632,1,45.27
0.965709351197892,1,44.785
0.971153280192127,0.995,46.835
0.908865097477563,1,48.115
0.984096153009152,1,45.79
0.157234256238645,0.005,41.84
0.473517190525883,0,35.59
0.983752297947296,0.99,46.045
0.48385913339704,0,30.615
0.964055248849816,1,35.865
0.983062114156475,1,23.525
0.191422401056106,0,21.635
0.976893558872186,0.995,13.795
0.987418817231989,1,15.625
0.987431093099126,1,24.205
0.977004629709325,1,25.82
0.990287589436855,0.995,22.32
0.169487512696122,0,19.525
0.984196627248404,0.995,14.435
0.510977168853626,0,30.815
0.969746346615753,1,20.86
0.365181843761691,0,15.665
0.983993843936423,1,10.935
0.917227396380961,1,17.11
0.989313287728897,1,13.87
0.982717436104256,0.995,5.905
0.988570075467803,0.99,16.94
0.496287581808935,0.005,13.105
0.566627977281405,0.005,28.8
0.988656717295205,1,25.205
0.586002749208573,0.01,16.665
0.317562480029561,0.01,12.495
0.462978143216405,0.005,15.055
0.50757719769396,0.01,49.555
0.980650697832561,1,61.785
0.971499531711755,0.995,23.135
0.981191286740523,1,37.56
0.314854222735113,0,16.875
0.986273820504001,0.995,38
0.987521213220257,1,33.75
0.882163344421997,0.995,12.795
0.976568088625159,1,25.775
0.94120421250835,0.995,19.08
0.98272686315503,0.995,10.275
0.365466064042867,0.005,17.37
0.44051754132688,0.005,20.12
0.898492654487132,1,7.07
0.983251871197132,0.995,8.545
0.98895024463733,0.99,20.285
0.988751369058728,1,23.045
0.390594631951344,0.005,6.345
0.50358959798507,0,7.245
0.580629249538348,0.01,1.59
0.980845108743364,0.995,2.4
0.587237837791737,0,85.725
0.909524309425114,0.985,52.455
0.987040350241437,1,32.405
0.974227391888129,1,33.01
0.987440510177933,0.995,55.1
0.458818602623948,0.005,72.835
0.489240729110296,0.015,61.015
0.507243014292697,0.015,60.21
0.983102690457655,1,46.44
0.982124206390001,1,44.49
0.543341566095789,0,31.675
0.907748289216676,0.995,49.01
0.99026134013638,1,21.275
0.989711155792311,1,19.96
0.600251984258897,0,22.11
0.396594356858062,0.005,16.265
0.580522903307735,0,16.04
0.988569407288618,0.995,16.18
0.43940677558965,0,15.425
0.989211796252927,1,16.83
0.581804808599425,0,15.995
0.991385648670654,1,15.64
0.549504521749128,0,25.14
0.966150212294816,1,19.605
0.990765446062892,1,15.68
0.974999938620841,0.995,20.62
0.983500417192459,1,22.125
0.571971334028049,0.005,13.42
0.921397860643305,1,20.71
0.922959525074524,1,16.595
0.402899348368617,0,14.505
0.903859803071521,1,12.855
0.988788630300438,1,16.815
0.634494582866875,0.01,31.34
0.56224506853375,0.01,45.495
0.983865865127266,1,37.98
0.984687948793406,0.995,74.325
0.987544939881332,1,25.565
0.978993027562326,1,15.21
0.571955056120842,0.01,10.465
0.449557073247235,0.015,16.99
0.975719183658896,0.995,19.435
0.476205772239648,0.01,9.85
0.98874453897294,1,20.32
0.400366736677352,0.005,14.51
0.371985451329558,0.005,14.305
0.988600769402366,1,19.295
0.444556913560595,0.005,21.46
0.504788039005784,0.005,6.9
0.984965747356227,0.995,12.09
0.480297122440144,0.005,12.16
0.435228724834738,0,3.25
0.231998659926197,0.035,3.075
0.969260462749808,1,48.37
0.328322062865037,0.005,40.53
0.975421627523231,0.995,45.265
0.952557144552234,0.99,44.785
0.986176013182578,1,36.505
0.360518027489022,0.005,40.175
0.986564289535429,0.995,45.3
0.507785686783045,0,18.42
0.990433220157169,1,19.315
0.982466529313283,1,32.005
0.901087314057814,1,16.505
0.988240889010489,1,13.015
0.563188850327708,0,11.59
0.918390663560303,1,18.625
0.449504037153202,0.005,22.88
0.991603331754696,1,16.665
0.476373742455614,0,10.46
0.585953936261693,0,21.485
0.988329265766125,1,20.74
0.979221663154235,1,15.86
0.978389040107166,1,8.74
0.575828946833376,0,15.555
0.990530712077474,1,19.645
0.988920263629182,0.995,16.72
0.964151809490712,1,27.025
0.905522937519145,0.985,25.355
0.974283951354466,1,15.67
0.982056754274075,0.995,28.38
0.328185245099701,0.005,10.25
0.527246109523059,0.005,13.755
0.986272400404571,1,29.195
0.988680501878907,1,24.915
0.898662684575176,1,34.01
0.897852990899034,1,33.855
0.99095837241699,1,24.905
0.611401015821114,0.01,63.275
0.990872695321909,1,32.565
0.988503206174118,1,6.83
0.428587215894664,0,15.065
0.888120461110849,1,25.305
0.440966967435249,0.005,23.29
0.981457576698371,0.995,34.86
0.978780982552393,0.985,22.415
0.991271638632792,1,17.865
0.430971690159935,0,23.555
0.985774479659258,1,32.245
0.576958076199801,0.005,32.87
0.99026094994021,0.995,18.76
0.991852984399573,1,20.725
0.991354315398408,1,7.845
0.484796782445906,0.005,3.135
0.490261778843241,0.005,1.29
0.971592261578828,0.995,2.17
0.467087234706869,0,73
0.512626596067942,0,7.005
0.988818982608325,1,42.935
0.37400614893699,0,18.02
0.352698361272566,0.005,45.16
0.283759450532251,0.01,13.245
0.530367966223179,0,40.485
0.974143302378987,1,35.42
0.941484212363228,0.99,80.005
0.329370628181934,0.005,34.11
0.602120252824775,0.02,63.64
0.927879381867032,1,60.04
0.968190375620431,1,71.245
0.139126299929929,0,78.78
0.4395817357094,0,66.285
0.573916274187852,0.005,74.54
0.906978669877793,1,60.62
0.220961230976728,0.005,83.005
0.956496080997094,1,78.765
0.969907535522067,1,63.505
0.149145813485,0,51.815
0.976381965917663,1,53.345
0.221605724758569,0,44.145
0.612798552659174,0.005,81.6
0.980521146092256,1,39.575
0.899168614086706,0.995,41.69
0.37741378178645,0,54.67
0.903009973507453,0.995,23.345
0.905485859384716,0.99,45.14
0.97330984553092,1,42.99
0.359262813925621,0,40.52
0.99170610194435,1,51.32
0.376161369071975,0,51.97
0.982041326446357,1,56.425
0.376835716200853,0,43.925
0.97681963368068,1,35.74
0.976634817375611,0.995,50.405
0.91885690158644,1,43.535
0.240877656404885,0,44.945
0.967098895986196,1,41.835
0.971685063656919,1,49.735
0.96915325473624,1,37.16
0.545078187959923,0,43.7
0.418846758320481,0,27.52
0.614374068958467,0,33.81
0.967109137073596,0.995,13.295
0.961008755178315,0.995,17.24
0.548211633706286,0.005,19.7
0.991680001566791,1,22.575
0.935736939739567,0.995,33.235
0.907000714723123,0.995,20.045
0.935989582093023,1,23.44
0.9335698594654,1,13.96
0.990622927008334,1,10.035
0.961633363318664,1,14.365
0.904972343372523,1,17.185
0.979673019856445,1,29.255
0.578846257945331,0,16.25
0.985698798971958,1,16.77
0.988919078499389,1,22.78
0.557769970092458,0,11.4
0.890375306665377,1,33.945
0.974092382099752,1,27.08
0.976706303978438,0.995,21.155
0.986519423271258,1,33.905
0.988572454656936,0.995,16.05
0.988734197616794,1,18.885
0.978040307725318,1,32.265
0.565337190525988,0.005,27.565
0.987767608971259,0.995,36.945
0.976096729539015,1,38.53
0.911986572136239,1,24.47
0.411885813535426,0,26.955
0.956342836736674,1,36.435
0.982376294126107,1,20.73
0.976578300109477,1,39.025
0.290935312701485,0.005,22.945
0.381176203459314,0,36.08
0.986583798170806,1,25.505
0.979870693809722,1,36.805
0.985946929085804,1,23.22
0.984889272631328,1,26.215
0.98974709923716,1,8.32
0.383737118622523,0,5.625
0.197413752689887,0.02,7.98
0.988389239192496,0.995,3.235
0.470262171647857,0,73
0.412451463860872,0,3.5
0.353768868093447,0,30.955
0.361995825593685,0,49.755
0.349533460658159,0,35.82
0.275099086298423,0,32.27
0.416073582757838,0,28.71
0.951633114085103,1,47.52
0.964845886191339,1,35.015
0.519172430024254,0,42.855
0.919978325890247,1,88.88
0.236606668346581,0,32.32
0.510653551754963,0,40.165
0.960237173451951,1,55.9
0.633894128595733,0,36.115
0.384224842321567,0.005,82.6
0.943883101505367,1,72.52
0.222186729954457,0,75.44
0.965833334366846,1,81.3
0.91701747826268,1,64.92
0.350602153769306,0.01,55.405
0.979142307083836,0.99,78.815
0.458035288516174,0.02,50.06
0.385496074907687,0.005,73.28
0.37984148188977,0,81.2
0.637110974159566,0,36.75
0.376893469815332,0.005,48.675
0.146410210220421,0.005,52.45
0.261135724540017,0,28.13
0.916769327215817,0.995,56.78
0.969976570805656,1,24.17
0.144656279277214,0,45.72
0.229823183364414,0,42.6
0.149655658498475,0,49.62
0.546092112485125,0,55.39
0.284034868199368,0,58.83
0.525368250257545,0.005,54.235
0.976197148594174,1,61.895
0.155151472481516,0,27.31
0.511583593519016,0,34.64
0.484271477491775,0,33.21
0.548344511862371,0,29.835
0.990168408960491,1,18.135
0.631415970061485,0,12.12
0.351635360419163,0,16.005
0.985948461538113,1,18.07
0.990364441634728,1,22.065
0.928358129999712,1,15.08
0.171379312905867,0,19.705
0.357533614984789,0.005,31.855
0.558351153270229,0,28.045
0.311766339836546,0.015,5.925
0.990070594450803,1,18.535
0.985738988857358,1,11.835
0.982958814599055,1,12.535
0.348604779162712,0.01,12.445
0.43406903375219,0,13.07
0.30916604793427,0.01,14.92
0.917989275138358,1,29.985
0.98611357337462,1,19.365
0.976520842009116,1,29.86
0.982472098988152,0.99,28.68
0.517209041674093,0,12.585
0.980847465101813,0.995,75.09
0.981301301666399,1,54.265
0.979893671578729,1,51.775
0.978346618375662,1,15.945
0.383893910510862,0.02,41.995
0.451817595567998,0,22.025
0.983045825689062,1,29.07
0.325180891586673,0,12.21
0.981662378771887,0.995,28.045
0.985833313385441,1,16.755
0.492417138200228,0.005,23.96
0.991299834991153,0.995,22.34
0.459790056191504,0.01,17.905
0.982970407370773,1,8.34
0.974511795733699,0.995,16.155
0.985883172743311,1,10.875
0.987412252977992,1,11.55
0.444612943780242,0,5.795
0.491373500381945,0.005,4.13
0.984135755867294,0.995,5.09
0.468399677809876,0.005,73
0.985270151634051,1,42.99
0.357251893841296,0,29.59
0.264707058306902,0,22.77
0.503377554180134,0.01,34.025
0.96305148858626,1,48.71
0.968768397140893,0.995,42.805
0.436928409090019,0,12.91
0.976884377358453,1,28.055
0.92588840914112,1,81.775
0.968745396275765,0.99,40.01
0.313422064106201,0,33.805
0.965678055987091,1,70.12
0.526872390242515,0,52.795
0.918696692683051,1,46.285
0.278819030825761,0,60.48
0.331028100106395,0,79.965
0.971374421849298,0.995,62.885
0.977432749846493,1,74.755
0.971331690399928,1,76.02
0.965129966815206,1,81.06
0.310693539700946,0,92.205
0.533856798515423,0.005,62.055
0.977386328089283,1,78.135
0.61259184364588,0,48.27
0.377869260591251,0,75.385
0.973754339883714,1,67.225
0.435840196201971,0,64.78
0.374075035378496,0,46.13
0.279520730913019,0,31.14
0.219707075478146,0,46.565
0.362534147702335,0,43.115
0.977688413666256,1,58.315
0.148962099818369,0,53.035
0.237261661396775,0,48.635
0.98365445904605,1,67.575
0.477736817703045,0,39.35
0.380978340782606,0.005,45.245
0.97132935488319,1,35.07
0.55244291244922,0,36.88
0.967180107828192,1,7.62
0.965583448615426,1,13.74
0.982157306822965,0.995,21.15
0.983418699443659,0.995,22.98
0.174895150008654,0,11.66
0.9672296816233,1,12.805
0.448774141733189,0,18.175
0.912450948234913,1,19.07
0.96278524372187,1,14.415
0.982920068970023,1,10.53
0.353020539882439,0,11.785
0.507619674408012,0,16.23
0.988719408398256,0.995,13.885
0.551732785306465,0,13.365
0.959345483581146,0.995,7.615
0.329037489327719,0,9.245
0.990526958898395,1,15.425
0.987538029274721,1,13.49
0.975083700905608,1,9.905
0.988220824943873,0.995,21.86
0.986020662612447,1,22.265
0.989095871478007,0.995,17.32
0.658747813333465,0,29.64
0.987719921508342,1,22.5
0.977645407494692,1,58.62
0.97229384544131,0.995,45.25
0.968229481225914,1,72.235
0.985461332499244,1,46.13
0.976759270825314,1,35.76
0.938014014494669,0.99,68.09
0.985150738722051,0.995,25.625
0.544417684997555,0.015,24.935
0.983966894024424,1,18.96
0.35848160507426,0,8.89
0.975320519087308,0.995,31.285
0.450689148586528,0.005,17.475
0.983896909835117,1,9.1
0.90172465220591,0.995,16.895
0.988251980902709,1,22.28
0.981462085737921,1,37.075
0.988420568573388,1,20.88
0.978598609201068,1,21.105
0.979502113183408,1,20.2
0.940298722359052,1,10.53
0.989111157289682,1,11.505
0.989399609919154,1,14.42
0.370023381423525,0,7.825
0.98790331873828,0.995,9.105
0.211868090982439,0,8.015
0.481467322949066,0.005,3.575
0.462956803199491,0,73
0.301033185597283,0,13.56
0.984975140844757,1,43.02
0.435395999042755,0,39.31
0.26939951525358,0,34.095
0.430622867588595,0,21.31
0.964055211973999,1,35.925
0.9213323495394,1,47.575
0.333772930717651,0,30.48
0.918606229908536,1,85.97
0.168888218467696,0,28.095
0.916881127026308,1,23.505
0.308439113643946,0,29.915
0.983836150645102,1,91.1
0.678373081861473,0,48.12
0.97127640790017,1,56.475
0.380513991840666,0.005,73.63
0.372655422113924,0,65.25
0.249444292611795,0,20
0.473350380769358,0,68.29
0.268184201319356,0,84.625
0.142967509580341,0,70.26
0.321126225164052,0,83.135
0.624903313280251,0,65.07
0.918493992915517,1,52.11
0.334617024002795,0,33.3
0.927176567385721,1,47.075
0.277140681691836,0.005,83.42
0.21659002699665,0,58.645
0.61913264437995,0,37.705
0.243386484039035,0,50.845
0.373157791297169,0,51.48
0.91544027796849,1,50.48
0.316489006131814,0,39.33
0.530498126719862,0,51.035
0.915242251137811,1,67.22
0.541058057057013,0,36.64
0.626319257672468,0,50.245
0.487132436718173,0,18.89
0.267970040692492,0,19.66
0.536096546483894,0,17.635
0.987226927664407,1,17.94
0.985982455225528,1,5.545
0.576799563234329,0.005,14.13
0.481641399574003,0,14.13
0.62013897998395,0,18.01
0.184948216927512,0,12.595
0.193489660892639,0,10.97
0.364816130795386,0,18.4
0.556672961634066,0.005,34.26
0.984518255223489,1,8.145
0.971425334506074,1,6.715
0.964154592997785,1,14.235
0.451200276576853,0.01,10.185
0.978281547907022,1,11.525
0.326087690552006,0.005,6.21
0.974780798074123,1,16.895
0.984826412146844,1,23.64
0.965822396338368,1,8.715
0.98139806949424,1,8.4
0.610928473848211,0.01,19.145
0.465612737677767,0,17.52
0.970211668386817,0.99,24.49
0.985974261422084,0.99,28.94
0.976954933803678,0.995,52.875
0.980685027305776,1,62.865
0.978100755973198,0.995,51.485
0.577307468603756,0.02,76.675
0.508737411784908,0,12.745
0.985113445225737,1,30.155
0.985852755671255,1,25.8
0.95005122634794,1,27.86
0.977186799666816,1,36.93
0.991138717593829,1,24.785
0.16143332443583,0,33.74
0.989550604889754,1,30.455
0.959089937709474,1,17.14
0.915822848134493,0.995,13.085
0.385593562632926,0.005,6.45
0.98623027014584,0.99,8.905
0.987128938045643,1,20.625
0.9897459927027,1,11.795
0.37575887217541,0,6.65
0.921244917437479,0.99,9.12
0.421009609060514,0,1.39
0.322145025682721,0,34.14
0.986255680906898,0.995,13.285
0.987078406630711,0.995,15.74
0.430088139952188,0,17.2
0.490168196114565,0,14.235
0.954692644168009,1,45.88
0.926934970227848,1,85.575
0.374776322746911,0,41.1
0.980672453634817,1,25.55
0.290124260805798,0,44.43
0.439203200036172,0.005,18.775
0.985387098806506,1,22.92
0.448706384677944,0,46.475
0.969363995000675,1,69.965
0.62676587248638,0,51.2
0.574132201193495,0,67.03
0.334930289188344,0,87.53
0.209203933666261,0,50.34
0.641459141877498,0,50.07
0.18741122774522,0,89.305
0.180359087825947,0,21.29
0.95405101297836,1,81.39
0.631375779575061,0,61.005
0.215912910686152,0,46.09
0.217827578334726,0,81.04
0.915657405625709,1,47.745
0.220441262611131,0,74.875
0.588943124305164,0.01,70.205
0.930230938817554,1,55.855
0.61157941099347,0,61.395
0.218849570725201,0,46.175
0.230550448648644,0.005,35.425
0.151341423669024,0,67.32
0.445964158530592,0,49.16
0.270533368002208,0,61.275
0.379259177611289,0.005,58.015
0.271646308185109,0,19.33
0.386619661722577,0,32.135
0.168025038888994,0,37.455
0.483781412378572,0,31.34
0.342856679128961,0,45.065
0.375514641896042,0,41.455
0.912043583492656,1,32.415
0.966830717599304,1,34.245
0.637430296901655,0,53.725
0.968667338107939,1,22.615
0.176591388393982,0,21.04
0.27377646868884,0,19.685
0.612842331920887,0.005,19.715
0.986256744253255,1,14.305
0.906105251321822,1,16.875
0.982930947583149,1,11.97
0.985579344364169,1,15.53
0.158888920058221,0,18.32
0.921744300174188,1,19.09
0.53356236607632,0.01,20.085
0.992436715149172,1,21.73
0.197973969428687,0,9.81
0.986062560802626,1,14.555
0.985848662016354,1,11.355
0.200536536537053,0,6.99
0.464972813124004,0.005,8.525
0.990061061907352,1,17.665
0.987835418301315,1,24.845
0.986577057122019,1,19.98
0.978656738178821,1,23.76
0.263383541737465,0.005,11.785
0.988412574419465,1,15.17
0.370131656862216,0.02,22.99
0.987545222330468,1,26.21
0.987000001794313,1,35.115
0.595814841232153,0.005,27.435
0.894470361227342,0.99,29.795
0.557746198231347,0.005,21.775
0.984978527995929,1,27.3
0.901100074375304,0.97,32.63
0.459730623135771,0.01,15.525
0.979228409633484,1,46.235
0.988077184968239,0.995,31.86
0.975991620798111,1,22.465
0.982150121924866,1,40.865
0.988250875569986,0.995,26.995
0.971404553467339,1,5.365
0.972535118302465,0.995,34.305
0.981632867931078,0.995,8.385
0.987103451763202,1,11.7
0.347866564845139,0.025,5.64
0.926643983524251,0.99,3.5
0.286304098901361,0,6.26
0.207005598442768,0.02,3.82
0.966715524503188,1,7.8
0.89932622232087,0.985,14.165
0.513168914775497,0,49.625
0.980844278029257,1,27.035
0.261110087301039,0,35.995
0.982554761551841,1,55.165
0.548234906297105,0,54.535
0.879897012382824,1,39.535
0.299244526507193,0,41.12
0.541993511137154,0.01,35.125
0.981854693031277,0.995,39.235
0.385386580783256,0,17.53
0.989484719748265,1,20.3
0.981413613178348,1,14.92
0.979362529284423,1,15.69
0.989001748209264,1,20.75
0.517832096133167,0,21.51
0.991191100965789,1,17.035
0.317617125012245,0,17.855
0.278515753766181,0,13.285
0.54713917199035,0,19.87
0.982750074154068,1,11.825
0.249547132338347,0,11.98
0.991112267522469,1,18.075
0.980321960749692,1,13.24
0.331811623161401,0,14.88
0.551003697877866,0,26.695
0.9733815273528,1,15.68
0.904021956600282,1,19.49
0.602732422630406,0,27.075
0.983797202054357,1,34.735
0.983753281642928,1,23.74
0.987434489468521,1,38.42
0.350261162948216,0,9.38
0.985220053844213,1,3.045
0.265883591639439,0,4.865
0.256731934290234,0,4.585
0.519285620561436,0.01,1.385
0.98427557611363,0.995,3.045
0.511307592012099,0,36.71
0.983607900917028,0.99,25.73
0.989036706229365,0.995,22.275
0.36322880544088,0.005,35.695
0.447491543772977,0.01,63.57
0.382718131551458,0.01,51.125
0.989004836779432,1,23.225
0.989542781688115,1,16.245
0.989126431066729,1,16.515
0.972071934178436,1,22.38
0.320875584811866,0.015,25.045
0.987110254585058,1,13.855
0.40342947421613,0,15.365
0.990030523986726,0.995,19.86
0.930927824363428,0.98,21.645
0.202861454528441,0.005,21.2
0.544114451767524,0.01,12.065
0.968436112924388,1,19.215
0.578198089888071,0,19.46
0.916959409122057,1,18.805
0.556253993187358,0.015,12.515
0.988521805378181,1,17.415
0.990077372355511,1,11.7
0.988091652731002,1,13.195
0.989450265746646,1,19.065
0.524536797451916,0,14.63
0.99008910525617,1,18.445
0.500465742190253,0,13.255
0.512716278905681,0,19.16
0.32482445355383,0.005,18.975
0.978541005730408,1,17.81
0.524495435515237,0.01,31.475
0.957150939568007,0.995,17.735
0.975617495682484,1,53.35
0.520696192742671,0.005,20.705
0.979093953869283,1,12.755
0.987640237413606,0.995,34.735
0.98544365453176,0.985,23.02
0.489526703664324,0,25.44
0.382826514987191,0.025,9.24
0.483364291856962,0.01,33.885
0.436016879744955,0,4.11
0.287162028432969,0,35.3
0.550493128439067,0.005,60.105
0.552045273271882,0,36.045
0.989357922334981,1,29.425
0.976290758980444,1,24.505
0.983119573196008,1,22.385
0.971501214141004,0.995,6.325
0.554468892948873,0.015,19.65
0.972273003514808,1,13.68
0.535240486074682,0.005,17.7
0.980868059159008,1,11.02
0.985321269316229,0.995,17.185
0.405825112702153,0,9.04
0.990152569840222,0.995,26.745
0.197704804306081,0,18.69
0.992119848655414,0.995,18.595
0.931769569342135,1,22.21
0.992162474543751,1,18.79
0.991557445103755,0.995,19.105
0.988018484310658,1,15.175
0.261505517053394,0.005,19.125
0.488013676076891,0.005,14
0.95421232770396,0.995,67.025
0.541985053065158,0.01,48.92
0.968589346258973,1,49.8
0.240070585255443,0,11.505
0.983970779972228,1,32.72
0.988076912685182,1,17.81
0.982260974287129,1,37.1
0.98570796509019,1,20.915
0.989759711365148,1,12.78
0.988427133739595,1,2.645
0.977929055438101,0.995,3.765
0.470768253123128,0,72.655
0.249978967894824,0.005,32.78
0.351452340142899,0,55.295
0.43786930946574,0,20.52
0.913370967285738,1,27.4
0.35576464716206,0,48.44
0.90732716970318,1,39.39
0.930400007722209,1,84.265
0.519237739394583,0,62.205
0.976907473009432,1,58.65
0.953365676364151,0.995,65.155
0.549425237839049,0,64.665
0.920089899508878,1,57.68
0.312417492780848,0,55.95
0.520938050929736,0,79.485
0.498511913862184,0.005,62.87
0.907750671190423,1,51.64
0.553581190001834,0,60.95
0.450434231706797,0.005,55.925
0.966805657809246,0.99,71.86
0.910046754957669,1,64.35
0.947679831633622,1,78.385
0.918337178912344,1,64.115
0.536248368664243,0,78.58
0.311035011081521,0,36.275
0.346145884939513,0,66.54
0.501773486874407,0,59.66
0.912193191656482,1,46.875
0.978603457517583,1,40.8
0.311925643357777,0,45.215
0.140534078032167,0,54.275
0.912222285934154,1,39.95
0.973366346527879,1,50.5
0.976692835264988,1,49.19
0.297449346623161,0,56.58
0.89708210594716,0.995,42.19
0.554004592657542,0,37.13
0.243328111628481,0,40.455
0.558170809757364,0.005,35.645
0.523112041195094,0,59.705
0.89658892786788,1,27.305
0.429768538690892,0,22.29
0.536060746577358,0,30.495
0.150838878623872,0.005,27.115
0.912421262733843,1,19.575
0.977692716595039,1,16.62
0.55814180292058,0,17.685
0.922547562744289,1,25.615
0.383517804254792,0,14.18
0.503935859958515,0.005,10.41
0.196269571740271,0.005,14.935
0.436556284332006,0,13.45
0.585006910914053,0.005,23.865
0.986588871009626,1,19.005
0.969178263716584,1,17.53
0.346363011617211,0,10
0.923964234690076,1,15.465
0.960644973595498,1,14.945
0.991246971805087,0.995,15.535
0.969555964682331,1,23.47
0.864337011817463,1,14.335
0.980225814658825,1,31.175
0.531395292476384,0.01,16.85
0.987229382370519,1,18.72
0.984463541865146,1,11.19
0.984351091042052,1,13.645
0.970001792836463,0.995,52.975
0.983327214488315,1,62.805
0.986974603422586,1,17.325
0.98012015666573,1,31.965
0.977698922035813,1,42.505
0.98377007720352,0.995,12.11
0.430389337361014,0,15.41
0.988202910029269,1,20.995
0.984968947024643,1,24.03
0.978690243846991,1,21.715
0.96611908516809,1,26.12
0.987011531904267,1,21.69
0.420512141190938,0,12.785
0.985338981124037,1,31.515
0.38115675163071,0.005,4.435
0.396075032137072,0.005,3.29
0.450961375652479,0,13.055
0.251687596251645,0,15.06
0.243097414561072,0,74.36
0.426183635349356,0,45.32
0.350698460575474,0,44.475
0.975526790385839,1,26.09
0.506047763203336,0,40.025
0.300412275647275,0,70.27
0.944236083613006,1,78.62
0.532774135340942,0,32.35
0.495659085971403,0,38.56
0.251696200261726,0.005,45.415
0.484678440360683,0.005,41.63
0.527998240208307,0.005,77.32
0.916989034264535,1,66.615
0.305530641243861,0.005,57.625
0.208668058698509,0,75.07
0.364378130745893,0,68.015
0.452126678145914,0.01,77.3
0.326062934762853,0,47.04
0.977189647088466,0.995,72.435
0.554775532141639,0,63.865
0.314452545448649,0,55.13
0.544922135457053,0,47.71
0.270094882229584,0,70.255
0.540584700378611,0,42.845
0.918069827663767,1,75.725
0.982178397064122,1,30.115
0.297545726306196,0,57.915
0.541119442986377,0,45.765
0.177978859931489,0,43.83
0.143628731544024,0,57.24
0.457183906447999,0,52.615
0.975408695573869,0.99,46.62
0.305000822793994,0,55.235
0.34918055207187,0,57.195
0.976874901635548,0.995,43.74
0.330124706289144,0.005,33.53
0.484624253532717,0,41.58
0.887575333195835,1,33.145
0.418280896790711,0,36.7
0.468569774151464,0,41.28
0.169386277026187,0,20.32
0.985579016043326,1,5.05
0.959750745353854,1,16.06
0.986924206269269,1,25.09
0.157988648437937,0,25.74
0.503457922204351,0,16.925
0.505087819556154,0,12.58
0.518933354429083,0,14.62
0.188689886541328,0.005,12.995
0.507826888885924,0.005,11.24
0.580271051542166,0,15.42
0.301341488748099,0,10.475
0.955911010144829,1,25.395
0.973944712488003,1,9.125
0.986731832559274,1,26.125
0.660772131567948,0,7.935
0.982551436628797,1,20.6
0.584207116526163,0,27.67
0.427313905745565,0.005,6.19
0.984896130380028,0.995,58.275
0.964970939519129,0.995,24.29
0.979303134812644,1,56.535
0.910562071927099,1,45.475
0.991363675974123,1,92.825
0.971988764020031,0.995,19.245
0.559405312776646,0,36.19
0.957698260558624,1,13.09
0.981940405820697,0.995,14.195
0.976725502165629,1,38.265
0.97883706936004,1,32.725
0.98824117067027,1,17.615
0.392617359981865,0,21.98
0.986108705590289,1,35.425
0.96875102102569,1,16.2
0.371574783561477,0.005,13.55
0.988435761061039,1,24.375
0.952079783435306,1,16.205
0.169975542208381,0,40.835
0.989205978619858,0.995,20.765
0.38156643786657,0,13.21
0.279290961303687,0.01,10.885
0.987150550327036,1,18.215
0.257689149532533,0.025,4.53
0.447136139562302,0,5.435
0.986197181247565,0.995,17.715
0.258066639622346,0,24.885
0.985178053007567,1,18.975
0.353695240547973,0,41.355
0.310774705314097,0,63.11
0.983972000445579,1,38.94
0.262249680987441,0,16.965
0.926749998012117,1,25.98
0.916211248508689,1,20.125
0.928373707930436,1,89
0.429843091028536,0,23.375
0.178662400027366,0.005,39.185
0.529549499220214,0.005,71.12
0.294194877229058,0,56.245
0.5451934161179,0,63.235
0.553502358177816,0,64.425
0.451382445630712,0,66.395
0.202999294274293,0,64.255
0.217525206744927,0,75.73
0.51576283100595,0,60.305
0.538060383101484,0,77.55
0.915205447109188,1,75.42
0.534428212284146,0,72.19
0.457548936225849,0.02,77.025
0.489081750490202,0,65.89
0.358870257099281,0,77.915
0.269100379037714,0,68.725
0.444910981685338,0,64.81
0.166597799923104,0.005,51.785
0.955275959728676,1,42.215
0.973265534494959,1,64.88
0.294194877229058,0,56.16
0.23741435542688,0,49.95
0.555811808832766,0,54.08
0.468139511555668,0,52.905
0.513812050971477,0,51.74
0.166751361009588,0,49.95
0.157351630768027,0,46.06
0.969314539934884,0.995,28.925
0.54277805666049,0.005,44.81
0.497721601447162,0,28.865
0.98400112318169,0.99,35.395
0.474968338679592,0,41.23
0.5472488498382,0,25.04
0.90178335306678,1,20.495
0.568821496571321,0,10.87
0.392421910089642,0,15.215
0.451726760687747,0,13.415
0.521985589811727,0,6.86
0.905878051984698,1,22.085
0.52156099069867,0,12.205
0.498220779367902,0,9.435
0.475300049095814,0.01,10.585
0.435936112121614,0,6.905
0.988585721345506,1,17.78
0.989832189303728,1,19.175
0.982496947928862,1,14.665
0.344459032407837,0.02,15.265
0.338258594384881,0.005,22.085
0.989151485729373,1,21.645
0.889419179573437,1,14.41
0.985446720547468,1,22.76
0.989042634357344,0.995,16.185
0.565839014398133,0,13.795
0.658147066109828,0,31.405
0.982533404470211,1,34.275
0.962003880784584,0.995,34.215
0.668729866699066,0.005,26.605
0.986829777250275,0.995,26.2
0.98672591131836,1,18.31
0.894366402483883,0.995,32.25
0.985314975971101,0.995,64.605
0.899027204381482,0.995,58.535
0.986052452640273,1,57.58
0.546050374896725,0.005,56.62
0.979421438053838,1,38.035
0.985998733565972,1,22.525
0.987606007283411,1,25.835
0.976029439599566,1,46.055
0.978616564761721,0.995,42.765
0.384703409350891,0,17.22
0.422995880321619,0.005,12.46
0.218004265538707,0.005,17.435
0.981323337959461,0.995,33.435
0.984806670079881,1,29.065
0.363475922366201,0.01,8.605
0.377056003739041,0.015,11.905
0.394237587364214,0.005,9.995
0.987631107818561,1,6.925
0.990583554191738,1,14.23
0.444382838740364,0,5.01
0.984630737113525,1,19.39
0.987156061043947,1,10.845
0.506600332031499,0,59.54
0.914550350609857,1,29.835
0.97007496072802,1,36.28
0.978258131037182,0.995,46.295
0.972578421589629,1,38.78
0.283837428583173,0,42.61
0.466917844422689,0,43.25
0.512128640321293,0,51.7
0.252129318849925,0,19.36
0.972109131652727,1,61.9
0.920698411259479,0.995,57.53
0.557025349825951,0,62.07
0.206283218686125,0,75.125
0.167085762524641,0,42.695
0.459650008501453,0,43.11
0.333155503529909,0,52.215
0.916635640545328,1,72.55
0.967131640583457,1,43.045
0.300058269030673,0,67.925
0.979869531576286,1,70.75
0.969301557120093,1,64.68
0.510072245139601,0,45.05
0.144134590967951,0,78.435
0.981756175838655,1,82.095
0.308993495445226,0,41.835
0.469596518969257,0.005,36.025
0.975384557003381,1,62.585
0.969098061370766,1,53.115
0.206493502597208,0,66.595
0.985828714478059,0.99,33.535
0.250447144663692,0,36.035
0.911222277638048,1,45.82
0.549816126402536,0.005,51.47
0.985391293851723,1,47.165
0.514328962067757,0.01,46.065
0.329300736186124,0,49.64
0.986569033777178,1,32.235
0.6451571631096,0.005,42.755
0.275825663863123,0,24.835
0.279854098173542,0,32.52
0.9419000274965,1,57.72
0.557471422768673,0,35.8
0.491369885944389,0,12.385
0.990004717708251,1,16.205
0.571463009773739,0.005,26.135
0.379709317392758,0.005,26.76
0.404542487371308,0,13.23
0.921016336252352,1,18.785
0.904119211554751,0.995,23.56
0.367908893269327,0.005,16.48
0.185281740167675,0.005,14.65
0.884740941435538,1,14.36
0.443774017044602,0,22.81
0.988479575310319,1,18.43
0.904180456686866,0.995,21.23
0.512643318561197,0,11.75
0.533829159968627,0,12.07
0.539812222544591,0.015,25.345
0.981944421602615,1,13.39
0.356070129319911,0.01,19.14
0.985002243481172,1,17
0.988982337580516,1,22.05
0.382897709994836,0,18.73
0.936279341910338,1,12.89
0.977241516861547,0.99,24.56
0.330213700458832,0.005,15.405
0.960963617442953,0.995,28.23
0.30369572620056,0,11.85
0.587241596442398,0.01,29.315
0.908381198993109,0.985,33.65
0.981520486433449,0.995,52.97
0.974799953155108,1,42.455
0.988271981030777,1,30.96
0.987274437528073,0.99,23.36
0.436664672272462,0.02,21.775
0.99097289552232,1,26.665
0.98966353438452,1,21.86
0.990279728875083,0.995,13.02
0.93373094510357,0.99,18.4
0.972168836991992,1,13.485
0.369136354592057,0.005,31.01
0.444169963711505,0.03,13.695
0.988233275635428,0.99,33.635
0.359814003056326,0.005,18.145
0.429476890370585,0,23.35
0.974386516525076,1,28.835
0.307423292477191,0,35.8
0.293381715976988,0,41.755
0.980137102657699,1,44.835
0.98166213432633,0.995,18.99
0.98777824828176,0.995,49.015
0.988224233501836,0.995,43.59
0.530212234085757,0,20.76
0.574395543064317,0,11.71
0.309173038080483,0,17.74
0.41635826281542,0,13.79
0.893661955426644,0.995,19.83
0.989222834548272,1,20.25
0.480065463466363,0,17.3
0.411801187659646,0,9.95
0.984888256592144,1,18.16
0.934227133183201,0.985,16.265
0.989101010533431,1,11.865
0.440355159314144,0,19.485
0.578632277222032,0,21.26
0.572114693493694,0.005,21.645
0.594157371806225,0,27.465
0.571550233758195,0.01,18.72
0.572634675154826,0,21.08
0.989164272569582,1,20.14
0.970865099377267,1,12.43
0.407990662243877,0,16.495
0.988340403004213,1,16.05
0.991488430321193,1,18.7
0.979823485056139,1,9.675
0.895572541442884,1,12.445
0.989051602363678,1,28.515
0.562871693921927,0.01,18.255
0.979059264097728,1,30.47
0.980091283224979,1,32.84
0.523888627168001,0,19.18
0.971500598218016,0.995,25.035
0.979339473216445,1,23.995
0.91599441440989,0.99,28.92
0.402300474171304,0,25.635
0.330257974311254,0.01,16.025
0.395137472895728,0,20.41
0.991433111962893,0.995,8.26
0.985752407094198,1,5.81
0.989575692546985,1,21.285
0.579149907654531,0,75.85
0.966008927773959,0.99,57.735
0.988581902858191,0.985,37.32
0.302137886542296,0,32.855
0.90627691370746,0.995,54.905
0.973216411941171,1,79.44
0.539488379110555,0.015,63.975
0.982593558360506,1,55.93
0.987492022725142,1,32.245
0.986457750307375,1,39.565
0.986561773352889,1,15.715
0.567008742002487,0,18.345
0.989064359976789,1,20.97
0.978248400353931,1,21.415
0.557203412682167,0,20.545
0.231518510589848,0.005,21.225
0.989792533271587,1,21.205
0.989725593852215,1,17.935
0.545591725823951,0,15.545
0.312771450869312,0,16.475
0.430341897177297,0,19.15
0.990044331422204,1,19.265
0.415039345987209,0.005,17.08
0.976428872076917,1,15.01
0.526834460573121,0,10.3
0.982482731242792,1,18.43
0.990456457914926,1,17.965
0.980381685014825,1,16.4
0.95702747881462,1,14.71
0.990140624245633,1,19.555
0.523589538648078,0.01,15.67
0.466430830908039,0,15.82
0.988461274472582,0.995,25.95
0.527409387121666,0.005,25.945
0.222848050305448,0,32.745
0.506453156448613,0.02,71.79
0.986821079184475,0.995,29.76
0.458129615872436,0.015,19.86
0.983633811711582,0.995,29.13
0.251940046841464,0,10.865
0.471162828330333,0,31.77
0.451025637360438,0.005,13.08
0.957404913566024,0.995,10.625
0.454062107807306,0.01,4.485
0.991165349216764,0.985,5.155
0.547666355503025,0,1.895
0.991159729978724,0.995,4.48
0.364934752594864,0,47.225
0.980345587801439,1,18.03
0.409085084753064,0,72.505
0.991413098073614,0.995,5.64
0.522543392900523,0.005,12.075
0.934204111907069,1,28.385
0.978754689496104,1,22.475
0.970251194651941,1,37.185
0.427768933974807,0,33.88
0.990566074724176,1,31.24
0.2918402958903,0,29.855
0.556473252466041,0.005,44.07
0.486263113751855,0,57.815
0.922266358734584,1,58.785
0.970940625793984,1,69.65
0.968666805307509,1,56.19
0.554340004640733,0,55.155
0.20463248763,0,58.375
0.952707624893327,1,62.505
0.97764617495019,1,44.08
0.294141962865356,0,49.37
0.530098595538523,0,71.655
0.48386215201229,0,61.925
0.931381910353613,1,82.26
0.377577967842243,0,74.44
0.959568051477718,1,77.04
0.98285486765321,0.99,80.83
0.941920613231768,1,80.835
0.914498155600682,1,44.315
0.976492544202198,1,66.015
0.559770589796516,0,41.28
0.977703515246693,1,45.455
0.155217271803715,0,65.7
0.410749579024639,0,57.905
0.974070690015749,1,48.46
0.300618838382335,0,52.335
0.980475850872793,1,33.885
0.537147642092839,0,43.755
0.990536640645928,0.995,28.39
0.45357690421674,0.005,46.32
0.176220925403963,0,11.315
0.896256840517535,1,35.525
0.982168428092604,0.995,26.89
0.447194114916183,0.005,20.725
0.913325529381526,1,18.03
0.903691465647298,1,23.11
0.157760921643574,0,20.265
0.962839935741478,1,25.66
0.992380818759937,0.995,20.71
0.577562633401845,0.005,7.235
0.990739237766683,0.995,20.315
0.939180777803521,1,22.42
0.551821296974602,0.005,16.465
0.965894029012928,1,14.74
0.359493919720087,0.005,25.435
0.168412741778541,0,15.965
0.945511023045734,0.99,21.525
0.975581464594718,1,33.815
0.19064292041312,0,13.785
0.92086423441908,1,19.64
0.396482840735211,0,12.025
0.338028315401977,0,7.7
0.911435437212956,1,17.31
0.338317773931776,0,7.1
0.969116605195047,1,13.54
0.992544838067436,0.99,18.125
0.988735358534887,1,20.74
0.988743392634122,1,24.595
0.986825732467354,1,30.5
0.980517512600895,1,14.75
0.244330590819069,0,30.06
0.904999261911029,1,44.83
0.985925553303985,0.995,20.855
0.98070408284671,1,82.755
0.943666728807785,1,55.57
0.305558580821957,0.005,51.875
0.983877885971286,1,21.05
0.981439791815143,1,10.06
0.53194953184336,0.005,37.02
0.987708569153193,1,15.535
0.989932974606655,1,21.695
0.98774052723021,1,15.015
0.222200811192705,0.005,2.765
0.194948255788951,0.005,3.475
0.472673516307798,0,73
0.365185483590511,0,26.695
0.295132345997835,0,37.005
0.974178900326082,1,18.38
0.395136513795015,0,72.075
0.921531294200808,0.995,14.69
0.972527122057568,1,24.565
0.969790376422598,1,38.175
0.944576507636812,0.995,75.175
0.953915158902542,1,36.31
0.42869806179214,0,29.96
0.320313151717032,0,29.095
0.216995909607114,0,42.445
0.308493801817119,0,39.415
0.177489233108232,0,18.105
0.541683306575548,0.005,48.415
0.545700277379451,0,72.705
0.460815720430991,0,53.99
0.931057983115702,1,76.4
0.204696311317752,0,67.1
0.96908281980261,1,56.15
0.144695107524029,0,53.035
0.266720808368945,0,74.5
0.217344023516619,0,74.58
0.542451808266149,0,58.625
0.297056930847835,0,60.04
0.538059615655552,0.015,52.365
0.340718889179553,0,51.065
0.293173159075232,0,60.265
0.968882728329626,1,70.83
0.297218653109421,0,49.11
0.983476289454955,1,65.355
0.553001255889544,0.005,47.8
0.322680623903944,0,63.845
0.327608568466446,0,46.79
0.380802957878456,0,37.335
0.976508969658772,1,49.415
0.242294875415407,0,36.31
0.461940149121848,0.005,43.94
0.140272144513098,0,51.68
0.980801670445716,1,29.24
0.981728267494149,1,39.2
0.343922553149907,0,45.58
0.150575272951451,0,33.6
0.981798671414192,1,29.325
0.911589247622646,1,43.75
0.970014964597134,1,27.305
0.95546302924276,0.99,13.58
0.495662718505002,0,19.95
0.520592860094599,0,24.085
0.480325009377094,0.005,20.165
0.9914637579323,1,16.405
0.929648424624789,1,8.91
0.525690016723792,0,16.355
0.16416570832288,0,16.86
0.574026363423204,0.005,8.01
0.18330182912161,0,12.845
0.379453343615928,0,14.88
0.506075642826112,0.005,22.655
0.173012579563372,0,8.32
0.307780724373081,0.005,16.74
0.500751234164223,0.005,11.47
0.497588102852925,0,20.635
0.491541019705536,0,10.345
0.925366446655279,1,15.66
0.979291360663011,1,14
0.333557481569022,0.005,11.535
0.986452755289377,0.995,10.42
0.378512527400735,0,14.085
0.971729243732269,0.995,9.48
0.361579654817971,0.005,13.025
0.987506951670736,1,11.77
0.984431308677652,1,28.865
0.860323182236665,1,15.11
0.986082915497946,1,21.81
0.975480976624096,1,33.98
0.982547161642836,1,23.95
0.985211178020571,1,23.81
0.975807061751157,1,44.59
0.985834468786304,1,43
0.986448089445159,0.995,25.945
0.9819286800494,0.995,47.235
0.985405009872714,1,40.025
0.46408255404198,0.015,19.69
0.984801944104032,1,20.655
0.447142810067646,0.005,23.08
0.393900358334369,0.005,24.755
0.987752001910643,1,9.19
0.440502183989409,0,16.385
0.575194288307757,0.005,22.54
0.91488883755668,1,27.105
0.357068598383756,0,12.245
0.988320640049122,1,26.72
0.983065274783414,1,17.41
0.911370740880609,1,14.225
0.9881580201423,1,23.68
0.414940905332202,0,14.59
0.447017870474872,0.01,2.785
0.537254399163747,0,1.685
0.471699762040899,0,73
0.986486163037623,1,42.57
0.345805416568726,0,64.945
0.449802617936223,0,67.1
0.946869135977957,1,8.11
0.290245579181881,0,26.265
0.243856105960187,0.005,45.92
0.249214474169843,0,37.535
0.927293946933299,1,89
0.457282407887526,0,54.375
0.976598383198075,0.995,64.235
0.932752649437897,1,80.115
0.217447964442493,0,70.53
0.959266440975082,1,56.69
0.465966932837444,0,73.09
0.305430585802323,0,65.54
0.979867613482984,1,71.35
0.303074044111372,0,58.235
0.151115153141574,0,82.925
0.306452562113601,0,77.825
0.251631638703064,0,65.485
0.402016793295533,0,55.675
0.256335835921042,0,62.005
0.493761792944907,0,48.73
0.319502292963285,0,63.4
0.246086503264111,0,63.63
0.898993519167755,1,66.695
0.964684038142341,1,75.75
0.145549941015949,0.005,53.17
0.919299189770949,1,62.865
0.338112721243293,0,31.055
0.296968344627628,0,62.31
0.239513013774875,0,39.145
0.294193855495676,0,49.43
0.305000822793994,0,54.07
0.459100738030452,0,45.285
0.98455106218579,0.995,34.74
0.307458823424629,0,44.285
0.142684837799616,0,52.96
0.886446151877325,0.995,45.83
0.907735436598304,1,48.855
0.2786491474587,0.005,14.4
0.554046848888182,0,57.555
0.431454484410284,0,35.825
0.491684617804147,0,42.34
0.167217454299364,0,32.1
0.345463030800258,0,18.58
0.390162516090537,0,11.61
0.985913478430233,1,9.35
0.161851653022838,0,19.68
0.989159540625922,1,22.575
0.985981895497665,1,5.26
0.515303959174196,0,15.815
0.947161580660951,0.995,15.48
0.988014198454804,1,15.5
0.987881711362738,1,15.45
0.986089736238379,1,17.32
0.524525705601139,0,15.66
0.98916015381392,0.995,17.05
0.564393267838536,0,21.98
0.922475371521572,1,65.805
0.581576946157211,0,25.75
0.528740651986698,0,30.91
0.979587948549723,0.99,30.445
0.991403195616758,1,92.825
0.510851000052092,0.01,52.73
0.982976522021783,0.995,32.07
0.950754669785114,1,10.68
0.34884056828657,0,24.58
0.97224754126172,0.995,19.075
0.98879589628222,1,23.31
0.983557453600821,0.995,27.28
0.417608909701314,0,14.56
0.985866013556444,1,36.51
0.376191418049369,0.01,16.235
0.987243594235311,1,13.53
0.376026319202187,0,11.305
0.193125687318673,0,4.84
0.464904053094709,0,73
0.989473485598093,1,16.7
0.228676373513651,0.005,33.185
0.358805523767241,0.005,15.25
0.924097220359489,1,15.835
0.162584500667219,0,60.81
0.333932933720187,0,33.575
0.29812275404712,0.015,8.96
0.934825201302127,1,87.76
0.308864582870445,0,35.605
0.963837611915601,1,56.49
0.965835711582374,1,61.245
0.964485800373419,1,51.54
0.530436521936869,0,60.575
0.969419919874944,1,74.29
0.46833477871172,0,73.01
0.161217232350883,0.005,53.885
0.979623500498644,1,73.9
0.989101515946783,1,38
0.547628110058545,0,65.43
0.251737815422814,0,66.03
0.217189338051339,0,73.08
0.161909339154165,0,61.57
0.217512374881927,0,74.73
0.44649857222694,0.01,79.94
0.227662288168408,0.005,34.85
0.301875239401896,0,79.445
0.539692074594478,0,61.335
0.291358564993328,0,63.08
0.531542950429057,0.01,73.135
0.142605344938761,0,65.62
0.971662314233186,1,62.21
0.14880388796055,0.005,54.9
0.454263961680542,0,41.085
0.336736702293723,0,52.765
0.916138850916558,1,40.735
0.26030670480692,0,52.12
0.385770162856812,0,62.56
0.972354665115206,1,43.685
0.974851818733823,0.995,32.35
0.434021232229582,0,19.125
0.475571556831226,0,19.305
0.476677348008515,0.005,20.11
0.473712562620841,0.005,25.605
0.936904535906197,0.99,22.28
0.949548271645441,1,7.78
0.559611241716473,0,22.565
0.370832876044254,0,24.71
0.437078776560538,0,18.025
0.37324338270421,0,34.745
0.922829277905562,1,13.85
0.989334676770729,1,19.2
0.562887633821492,0,19.69
0.267734914736823,0,11.515
0.990658558527142,1,17.27
0.930507389042456,1,17.545
0.980358310458645,1,12.695
0.983118745870279,1,34.25
0.634985106527953,0,27.485
0.971781506960042,1,14.77
0.976292530823227,1,42.04
0.986566437544782,1,31.61
0.989850679584138,1,89.995
0.985486811429073,1,11.615
0.595595291924833,0,19.675
0.985851748230018,0.995,58.96
0.950568775643415,1,23.535
0.986992202454245,1,27.395
0.971648543292621,0.99,26.17
0.348820483626844,0.01,22.16
0.339224945845332,0.005,6.56
0.985056830770004,1,34.965
0.986283706669832,1,33.795
0.989339623083344,1,19.105
0.990613859905347,1,26.6
0.988429227621116,1,17.405
0.989339623083344,1,18.315
0.423008049210435,0.005,16.6
0.919242497918622,0.985,21.25
0.266190061179243,0,10.37
0.984920229873193,1,11.515
0.98960309617789,1,20.005
0.396286475590499,0.01,12.54
0.416389837998536,0,3.82
0.984325582946509,0.995,3.775
0.985703505075065,1,1.955
0.348247893153736,0,21.74
0.98412849802421,0.995,13.555
0.368854229335939,0,19.985
0.985080901439923,1,33.85
0.390955274634267,0,14.05
0.347838479454395,0.005,42.745
0.249306742281189,0,49.535
0.42938629596732,0.005,34.02
0.215336867602358,0,76.28
0.289597669410236,0.005,33.6
0.365402781141075,0,30.815
0.244861304393568,0.005,45.985
0.926563832980618,1,83.245
0.934329688642871,1,57.095
0.192403221492408,0,66.415
0.964487666359215,0.995,67.925
0.206156869943749,0,66.415
0.544606444786647,0,64.78
0.218150661968095,0,66.93
0.892498192459612,1,77.605
0.514335519398666,0.005,56.6
0.975705908362559,1,69.99
0.299277366331955,0.005,71.705
0.980009302991513,1,79.365
0.184832100342025,0,57.675
0.531409216902465,0,77.195
0.218594264379224,0.005,64.21
0.37830697558601,0,35.31
0.14469756189327,0,69.155
0.350121029039631,0,69.335
0.334152043918873,0,48.925
0.983053161097526,1,27.885
0.14923622906454,0,50.09
0.456234592500709,0,29.565
0.503326952971961,0,30.105
0.972932342528781,1,47.78
0.234594876468313,0,47.415
0.894966446649975,1,43.38
0.898429961761908,0.995,63.03
0.566265834510041,0,37.97
0.971477604209151,1,46.175
0.43774801646773,0,22.715
0.474897467075319,0,20.13
0.315768070444636,0.01,18.67
0.559358386528974,0,26.605
0.983448240983734,1,13.725
0.293110170702991,0.005,20.055
0.284930252914535,0,15.73
0.483958693049565,0,15.445
0.554959727059108,0,18.55
0.98239301549278,1,15.26
0.42831009114245,0.005,23.335
0.462482495163855,0,21.545
0.324791704120659,0.005,8.79
0.976349122311996,1,15
0.989450949486392,1,19.755
0.38414064446541,0.01,14.575
0.445024846907286,0.015,7.8
0.344824028579523,0.015,18.485
0.97243919080919,1,25.07
0.966795755089352,0.985,21.615
0.967338607555382,1,30.155
0.560522366564456,0.005,23.39
0.608365884964497,0.005,10.9
0.416574377115983,0,16.85
0.496858273038766,0.01,11.715
0.467975458781495,0.005,26.065
0.985803261020199,0.995,23.085
0.990784811449167,1,19.23
0.98286950616214,1,14.705
0.959809057010759,0.995,51.135
0.960636098702088,0.995,34.455
0.594577812290958,0,25.835
0.446973502130526,0.02,46.51
0.98159540102283,1,29.61
0.980658901060334,0.995,23.87
0.988511958731368,1,17.38
0.981429375963524,0.995,11.885
0.431659365659057,0.015,31.01
0.983111132219234,1,10.795
0.97107308334073,1,5.11
0.988832857034399,0.99,20.815
0.983488947194749,0.995,15.52
0.195086085937432,0.005,8.47
0.985053127806667,0.995,10.09
0.35132497926879,0.01,13.97
0.989501894184043,1,14.98
0.985915914577566,1,3.395
0.554020859323073,0,3.98
0.455135562555663,0.01,4.01
0.98385987422965,1,3.74
0.985889510779871,0.995,34.15
0.969929832199481,1,55.11
0.357630243314978,0,27.285
0.908993399561806,1,59.94
0.387661472779652,0,47.99
0.983766926640468,1,61.375
0.97440616900912,1,48.355
0.976149127178809,1,46.18
0.977786125433627,1,40.9
0.54618800847604,0,40.07
0.48423603436583,0,30.695
0.893682533000029,0.995,42.14
0.986222892823428,1,35.605
0.990100489219706,0.995,22.625
0.489331812804233,0,16.565
0.441454136756731,0,15.58
0.193131782326202,0.005,11.795
0.383936040046364,0,12.775
0.988155095772364,1,19.895
0.564959443678536,0,19.31
0.990894496008015,1,21.685
0.549907493457809,0,17.51
0.973272127254783,1,17.39
0.989518110980739,1,21.94
0.974355259004946,1,12.99
0.575238401872451,0.005,19.175
0.989319688534478,1,20.785
0.569391473077264,0,17.74
0.301005300498327,0,18.15
0.989507554300403,1,16.31
0.470727389983717,0.005,18.675
0.966328692834007,1,11.335
0.388192423675294,0,8.215
0.986150332189596,1,11.34
0.980476570694177,0.995,12.46
0.98412207956403,1,19.095
0.988261786457044,1,26.805
0.483935156681595,0.01,18.28
0.984810429813214,1,74.905
0.984665083474407,0.995,23.865
0.446128781048755,0,34.39
0.975550829440095,0.995,13.285
0.962900435160023,1,16.22
0.982638770804848,1,30.605
0.255183660123476,0.005,15.385
0.39948398613664,0,32.505
0.365072386312001,0,15.36
0.201678539294732,0,13.695
0.855149899680353,0.985,2.4
0.594281827537737,0,83.81
0.985834457689699,0.985,40.405
0.98655517508078,1,52.885
0.959006493084264,1,28.16
0.979867071232362,1,42.69
0.979163467762842,1,49.96
0.333455824879639,0.005,34.01
0.924139907225326,0.995,36.48
0.569846957614869,0.005,32.685
0.955260851902532,0.985,33.365
0.557249465612301,0,18.635
0.571005283717912,0.005,21.725
0.50669753806946,0,17.51
0.568176366310376,0,16.03
0.550106892979372,0,20.115
0.990919086677623,1,16.915
0.988778531937031,0.995,26.785
0.582685456449245,0,24.25
0.99131309298981,1,17.565
0.985906017714491,0.995,18.515
0.979388931878302,1,16.895
0.981507137081609,1,16.69
0.523296054787522,0,17.965
0.544374886098533,0.015,14.17
0.899518317286596,0.98,15.485
0.986144323167061,1,11.48
0.459991140373846,0.005,20.845
0.98983243246993,1,21.31
0.98864456569772,1,14.405
0.961014847793716,0.995,23.05
0.985662477477277,0.99,19.445
0.602182762626671,0,26.39
0.985236955120238,1,14.99
0.980601699132119,0.995,10.625
0.550765786916005,0.015,26.92
0.966939244138938,1,23.81
0.569157318203322,0,29.405
0.98510567654844,1,43.605
0.981543631021659,1,66.635
0.980511062813759,1,35.515
0.973174997147487,1,22.885
0.414972910001544,0,17.365
0.902960178020718,1,25.535
0.974784248949842,0.995,26.195
0.962484288219734,1,15.165
0.373057950112384,0.005,18.715
0.43852713262859,0,32.26
0.438173469754181,0.015,19.37
0.978860788396717,1,4.71
0.985428876515801,0.99,4.97
0.964072140167138,1,4.33
0.466736219678937,0,73
0.370388008734277,0,18.025
0.988358475378824,1,40.275
0.476933869972831,0.005,67.945
0.35561071563588,0.005,44.56
0.352639009597611,0.005,27.96
0.511734829507521,0.005,26.545
0.300527267881769,0,6.625
0.953513925039978,1,76.485
0.936435608467666,1,30.8
0.536206290214953,0,13.235
0.217815963997326,0,43.475
0.985506337797301,1,7.1
0.534955688521435,0,37.465
0.45674173212891,0,60.465
0.307983412317324,0.005,72.34
0.545608300840119,0,49.725
0.302478929030078,0,71.82
0.96203604400007,1,74.055
0.555054782181596,0.005,59.755
0.547149275618967,0.005,58.63
0.552126852371956,0,63.885
0.901118420291347,1,79.54
0.179458319172626,0.005,69.955
0.36301295982171,0.005,84.585
0.953343199080172,1,67.005
0.304918529080874,0,66.605
0.547293923357693,0,45.84
0.504565251120292,0.005,64.855
0.97336992688331,1,64.91
0.297141371647731,0,47.61
0.518049707264709,0,65.54
0.550043649335257,0.005,49.475
0.252120227153146,0,53.34
0.151703405653108,0,69.85
0.1434902806981,0,50.365
0.464641663499037,0,44.33
0.970214065371981,1,34.375
0.981440025506707,1,30.74
0.274583380598463,0.005,33.14
0.505917005154329,0.005,63.73
0.486706258987045,0,50.335
0.335942231509991,0,12.085
0.968980664280265,1,7.365
0.975030861242381,1,15.87
0.553275792229778,0,20.825
0.935189434223573,1,20.29
0.555485263489133,0.01,22.88
0.991036696971967,1,14.7
0.405399993236868,0,15.41
0.19064292041312,0,13.23
0.983705280537503,1,12.15
0.905773834967892,1,12.145
0.165347546824546,0.005,18.08
0.963223980639475,1,13.795
0.947488182848,1,16.68
0.529669614931381,0.02,12.95
0.980421165106254,1,16.41
0.941404197021921,1,13.005
0.328336803764266,0.01,12.68
0.93746404191882,1,16.975
0.963937042663022,1,10.345
0.907202704221604,1,33.065
0.50872815705931,0.005,21.5
0.986491877005623,0.995,28.24
0.968677046416185,0.995,12.57
0.465108833894045,0,17.56
0.449802026165631,0,16.52
0.899257903808552,0.995,35.07
0.410046151682651,0.005,19.645
0.982505505210865,0.995,54.81
0.585928359872415,0.005,59.245
0.980347046377112,1,57.555
0.941520391243617,1,22.085
0.970475292963863,1,17.685
0.990967252505145,1,17.595
0.975854669185917,1,27.755
0.268020822402623,0.005,13.53
0.449159803802928,0.005,20.03
0.990845009222114,1,12.705
0.987921596391091,1,1.635
0.469744850798197,0,73
0.985577302765331,1,42.495
0.364545988024638,0,39.36
0.945324519309054,1,28.895
0.958119957058193,1,36.84
0.414630493031977,0.005,17.305
0.214497988433125,0,66.545
0.981804572683044,1,42.455
0.922452004942661,1,89
0.191762390833204,0,33.46
0.367268376207956,0.005,30.51
0.282102043705386,0,30.055
0.960987537528649,1,36.005
0.959959711643653,1,47.575
0.959877137271743,1,55.5
0.543064563352585,0,78.915
0.314207649637165,0,49.555
0.250021792421786,0,46.655
0.918745809353127,1,63.47
0.93589093188403,1,82.52
0.248722759640177,0,67.255
0.202681428478919,0,71.84
0.940755217450291,1,78.19
0.220191939088889,0,75.94
0.919942142753839,1,38.11
0.249366189023307,0,69.985
0.328164604810999,0,38.59
0.971418426676831,0.995,71.455
0.308242233567783,0,63.675
0.55329896594029,0.005,24.33
0.297552453124634,0,49.765
0.139528018415006,0,67.06
0.301667673865906,0,59.355
0.160892930562112,0,36.01
0.488826788229173,0,43.5
0.922410673944853,1,50.345
0.260702865112623,0,48.645
0.140710794014593,0.005,47.065
0.986353468563689,1,50.98
0.543570263621382,0,49.855
0.889791977383911,1,30.625
0.982793535118534,1,30.935
0.543797401813492,0,24.55
0.250914440988834,0,30.315
0.381419003151841,0,31.46
0.481471208795916,0.005,8.925
0.467890316423619,0,18.22
0.935605121369644,0.99,20.4
0.987867240666675,0.995,21.125
0.435271010172316,0,13.505
0.194319711602762,0,16.955
0.384297215622987,0,12.105
0.403280504521601,0,18.535
0.316818743436651,0,18.955
0.920283612271342,0.995,18.96
0.490249589765842,0,10.445
0.933977329677063,1,10.955
0.985448854850428,1,11.76
0.950907728278979,0.995,8.66
0.563588648147949,0.005,21.49
0.959456806838852,1,25.02
0.313122601717448,0,11.195
0.426719371514913,0.005,7.315
0.985321783066626,1,20.065
0.94363292196272,0.995,13.57
0.909685685869437,1,59.005
0.983645453756255,1,35.395
0.344490179794088,0,22.005
0.520394963570806,0.005,56.095
0.987315089487509,1,18.805
0.490980578384456,0,34.415
0.379815558816602,0.005,26.585
0.989029948227646,1,19.095
0.987784460618535,1,18.88
0.962409076256282,1,15.715
0.982683221933794,1,9.135
0.976829318660727,1,30.89
0.431882672266363,0,13.135
0.979884697591062,1,19.015
0.377844063740163,0,13.075
0.989416977113859,0.995,13.52
0.366088677304509,0.01,2.355
0.469012487676396,0,73
0.984241710414259,1,20.215
0.412078905060304,0,36.015
0.31841886477992,0,31.105
0.973056056351699,1,24.76
0.434239764583671,0.005,37.685
0.922760709275629,0.995,29.6
0.952366430278176,1,80.495
0.937016404603411,1,80.66
0.511249984886788,0,38.045
0.376468967823208,0,41.875
0.53748937520559,0,14.93
0.580103902646765,0.01,58.175
0.473067307341656,0,65.54
0.549202545734772,0,64.84
0.189789049536726,0,67.25
0.160406173372456,0,90.495
0.143530810175552,0,56.55
0.532164567441056,0,64.63
0.347388938681493,0,66.07
0.968803291989996,1,70.185
0.973822541533539,0.99,65.945
0.250134112035616,0,46.625
0.147139491881536,0,77.775
0.251024061342326,0,54.355
0.532473070452673,0,78.25
0.356887038744888,0,71.675
0.558901510211283,0,58.485
0.554551794647229,0,67.3
0.297409265793002,0,48.3
0.294278296295572,0,50.41
0.977019485264559,1,49.095
0.290775559363073,0,63.145
0.434856957249826,0,36.16
0.970637644376983,1,44.255
0.253401294175745,0,41.555
0.237585803186437,0,49.48
0.451636992689762,0,37.055
0.491454029501393,0,45.67
0.429059987590953,0,37.72
0.505373552176783,0,30.335
0.554433729062282,0,47.25
0.986870283986537,0.995,22.17
0.555148708633808,0,19.595
0.988909843701781,1,15.2
0.563683386348758,0.005,15.14
0.911814353136073,1,8.82
0.989958503075498,1,15.105
0.387922942041806,0.005,18.86
0.987115646469377,1,19.59
0.202297573866814,0.01,12.21
0.98389201908429,1,17.615
0.555267996260712,0.005,10.565
0.947775173888054,0.995,6.835
0.368439357707419,0,11.145
0.983994606969616,1,11.005
0.562560038154999,0.015,20.79
0.976967229803627,0.995,10.875
0.969305326249626,1,24.03
0.867503024882689,0.995,15.25
0.976873105617164,1,33.325
0.916423985582922,1,23.24
0.978693830161893,1,16.65
0.524022667879423,0,12.75
0.985774829917615,0.995,29.755
0.983116403919123,1,45.76
0.55730616764068,0.01,34.28
0.978929255706355,1,27.705
0.983047972079658,0.995,39.9
0.978243230502813,1,45.71
0.519280439574934,0,66
0.970956188713539,1,22.505
0.541692709309663,0.01,21.19
0.987793694308286,1,18.005
0.965881314466159,1,25.955
0.98795384139769,1,26.68
0.39136059736779,0.01,21.76
0.980025231942036,1,38.98
0.362502968580304,0,18.84
0.987520125633383,1,19.76
0.349662371361179,0,16.995
0.323494168858783,0.005,10.8
0.173118949411635,0,38.84
0.39478564447776,0,13.535
0.984406124313617,0.995,5.915
0.465985104067614,0,73
0.376922893357398,0,23.115
0.985100046420536,1,36.5
0.263948122178423,0,74.92
0.497320154111682,0,32.88
0.408344840903861,0.005,27.78
0.971093644888748,1,26.905
0.233803413041448,0,39.73
0.370482607455356,0,35.145
0.293201153329034,0,31.9
0.935585391890832,1,87.88
0.292213631013514,0,43.26
0.984203071183376,1,22.955
0.93352253819212,1,29.865
0.373052147345548,0.005,44.63
0.979284171708853,1,11.24
0.511397991141576,0,13
0.24230645362675,0,33.21
0.464177950589849,0,55.57
0.266077623078519,0,66.995
0.433405012092676,0,66.54
0.358009906818942,0.005,75.285
0.542539614568493,0,70.605
0.26857190985201,0,72.935
0.979400332487225,1,82.935
0.217525206744927,0,74.8
0.520173058089984,0,76.39
0.965025732201723,1,64.975
0.977406936100067,1,77.675
0.192001082018566,0,67.52
0.974104997754329,1,61.25
0.218827389932162,0,49.345
0.142216942695554,0,67.24
0.510511445201886,0,56.94
0.549058333974179,0,48.12
0.294643050448984,0,44.785
0.262172167212335,0,37.42
0.506220325717381,0,42.87
0.261974650129706,0,47.135
0.448164355386785,0,24.07
0.453552877618493,0,41.105
0.524843841044359,0,39.135
0.912773538699178,1,41.625
0.163832799511208,0.01,22.945
0.557255040992351,0.005,23.24
0.971932965853508,1,11.44
0.988971727904214,1,15.015
0.96589084721474,1,15.52
0.357360578962252,0,19.67
0.538788921278594,0,14.255
0.984905891746252,1,8.665
0.548440998865792,0,13.64
0.917539815809472,0.99,15.6
0.95594490744461,1,9.165
0.424618683288288,0.005,9.315
0.53917768702187,0.005,11.205
0.986021791597023,0.995,19.57
0.488705266861564,0,14.35
0.960337020460115,0.995,19.755
0.958586272661303,1,23.085
0.619525182664236,0,28.835
0.275621621278634,0.01,13.56
0.982541844584095,0.995,13.735
0.966031705791279,1,33.68
0.966472138126298,1,35.025
0.980054462537694,1,25.3
0.906660108550364,1,29.725
0.962780662487871,0.995,17.685
0.966999806697416,1,19.855
0.97724594785591,1,39.94
0.573116069947243,0,56.17
0.391454398772222,0.005,26.74
0.98442387886614,1,60.13
0.469298335542721,0.005,42.52
0.981193192461024,1,28.52
0.557807338579136,0,31.525
0.988802175883528,1,21.12
0.949285454086553,0.995,22.575
0.95640752787665,1,45.31
0.984984463797349,1,31.805
0.16916279534618,0,34.02
0.392783605452626,0.005,20.54
0.902143386696974,1,20.38
0.990822622362424,1,24.96
0.988687761893345,1,17.755
0.985066689186335,1,36.175
0.404383007606718,0,14.28
0.299209376712456,0.01,8.59
0.320155192228308,0,6
0.281236396035804,0.005,4.11
0.986295809737168,1,2.15
0.465558085838239,0.005,72.72
0.984455877315225,1,2.845
0.984549848501735,1,37.73
0.915010493562774,1,7.8
0.968947684452533,1,54.84
0.411052735057473,0.005,38.46
0.537885417276916,0,39.965
0.967062259449827,1,47.785
0.941006481158821,0.995,71.45
0.957189415575891,1,49.165
0.395409875669316,0,32.65
0.9872748383695,1,41.035
0.235673556496121,0,38.84
0.386284253860282,0,37.49
0.553513957217597,0,65.74
0.543445696126715,0.005,65.92
0.327948289778946,0,53.145
0.962501488048142,1,65.895
0.365252626742572,0,62.9
0.29783307654624,0,63.08
0.880086117505681,0.995,70.96
0.266854716814377,0,68.05
0.979477361753673,1,74.5
0.965006642758476,1,65.105
0.40630266173557,0,61.42
0.461191281104987,0,40.625
0.977365508204091,0.995,59.79
0.510288573647681,0,36.465
0.303121983738677,0,60.19
0.982002481790815,1,80.56
0.537531247603609,0,51.23
0.237148425847242,0,55.89
0.90483059293056,1,55.56
0.145961801910345,0,53.39
0.908532223043895,1,49.095
0.542535377085113,0.005,54.435
0.272985073706188,0,47.74
0.965991140314641,1,31.575
0.966900067830023,1,42.205
0.438467648098306,0,33.085
0.446959987250768,0,35.82
0.483298572600465,0.01,17.705
0.952314054446981,0.995,20.955
0.261369735237273,0,23.57
0.98851722614682,0.995,21
0.97957167267623,1,29.845
0.560918698149588,0.005,15.63
0.574341325348794,0.02,11.81
0.984568286631364,0.995,17.385
0.969835266359422,1,22.75
0.184157634799247,0,12.91
0.379965006621756,0.005,17.015
0.319786652061433,0,15.885
0.417955090760235,0,11.525
0.168795523466566,0,21.05
0.97722261335569,0.99,33.65
0.479637558852052,0,14.67
0.986181177454018,0.995,10.55
0.552463611970988,0.01,13.4
0.987534404667491,0.995,12.92
0.982129949899557,0.99,13.22
0.989902606039189,1,17.995
0.979243380117915,1,17
0.988974858640598,0.995,25.63
0.957439218004355,1,26.375
0.614128797185836,0,20.8
0.415448257221561,0.015,18.52
0.347323278222133,0.01,18.445
0.976281856851829,1,14.97
0.990704757659733,0.995,28.145
0.984345198541119,1,58.29
0.395583826149096,0.01,32.8
0.9880453623762,1,33.825
0.979601595389944,0.995,57.47
0.983440514551432,0.995,37.94
0.508076438262861,0,28
0.388543349174085,0.005,25.105
0.338566124996713,0,26.4
0.972343444475921,1,6.995
0.16546043842425,0,38.54
0.373566572402702,0,12.67
0.347287115725416,0,7.815
0.506532087658971,0,21.64
0.979958087725269,1,3.53
0.352473344123496,0.01,1.77
0.956550504154667,1,46.57
0.977740124309507,1,33.18
0.908144477973063,1,31.105
0.340349198445231,0,58.12
0.985486856489109,0.99,62.09
0.984382174749669,1,43.94
0.337743516301118,0,38.155
0.532788133126637,0,33.505
0.976307106190609,1,52.055
0.902854401588776,1,37.865
0.988474368235492,1,30.105
0.545180044464866,0.005,43.475
0.97570771201499,1,52.96
0.985072699570449,1,41.92
0.565782205567484,0.01,21.595
0.990331959518969,1,16.505
0.898035932790904,0.99,18.73
0.972481284745937,1,28.715
0.386044476510302,0,18.065
0.56644780748691,0,17.925
0.567654797968016,0,16.64
0.559424455337523,0.02,7.985
0.399535247299607,0,16.185
0.990318511529199,1,16.225
0.990343610047838,1,21.105
0.332732153854234,0,22.13
0.990640132373478,1,16.85
0.975032502869856,1,16.775
0.989643741176578,1,16.49
0.921212848770951,0.995,19.125
0.988641967400672,1,14.71
0.982968147218501,0.995,18.225
0.987642269369923,1,19.305
0.251532522187458,0,15.96
0.989448845621893,1,17.09
0.575300725293841,0,17.22
0.988481843918606,1,15.005
0.988874680942426,1,14.9
0.990321512971855,1,18.33
0.521158960170384,0,16.525
0.347546887722111,0.005,16.28
0.990388510430059,1,18.02
0.989532562024076,1,17.19
0.371415688832927,0,18.195
0.44344520567509,0.005,13.565
0.989679346642033,1,19.79
0.967254113764775,1,33.65
0.987481476446325,0.99,33.005
0.316819544515349,0.01,55.3
0.988692085905879,1,16.86
0.989576759104623,1,90.985
0.553266405082449,0,26.81
0.982396442427368,1,15.44
0.97595708619309,0.995,22.12
0.883303535841895,0.995,21.645
0.413434924282614,0.01,17.12
0.984906520573879,0.99,2.515
0.951704640510898,0.995,2.455
0.986565935171685,1,8.075
0.980956993286756,0.995,26.285
0.304918641867875,0,16.695
0.973602140381742,1,17.31
0.508613242758403,0,34.875
0.47380435804568,0.02,76.03
0.964124980806975,0.995,49.64
0.980975258209725,1,64.56
0.96744079670146,0.995,78.295
0.970370011833682,1,51.86
0.957148144216738,0.995,75.43
0.961769720950766,1,43.865
0.957857406250722,1,51.94
0.983463686785931,1,36.315
0.903120590391512,0.995,40.995
0.984387629628724,1,47.76
0.985517887534438,1,34.29
0.967607275879294,1,21.385
0.980216962520128,1,20.02
0.565976443898032,0.005,15.195
0.555757296113274,0,17.865
0.994883548168298,1,16.19
0.578762865217967,0,19.835
0.582800581473822,0.005,24.62
0.986961593867817,1,18.67
0.558027418964681,0.005,17.275
0.466608754834915,0.005,12.195
0.57337258245284,0.005,16.825
0.464568727281659,0,20.055
0.981391988628577,1,12.66
0.447696546126062,0.005,20.49
0.548225659235189,0,14.125
0.98964689584899,1,17.185
0.591376991893661,0,27.825
0.434919968097471,0.005,19.08
0.98408204210606,1,16.31
0.988723297854767,1,15.68
0.990622660985951,1,16.715
0.989143591892984,1,28.26
0.982359450176458,1,50.155
0.952311072784162,1,64.795
0.990947684468232,1,18.315
0.616742161702922,0.005,78.235
0.970580381457476,0.995,24.68
0.926496615285238,1,13.25
0.982757704349085,0.995,26.625
0.974977632145428,0.985,13.7
0.985612955885723,1,19.04
0.45011696574658,0,10.6
0.264709070954913,0,11.81
0.976155226541302,1,17.815
0.364227992848535,0,42.405
0.439553719701259,0,58.08
0.941114095703807,0.995,6.16
0.372346257836071,0,22.725
0.247643906582173,0,36.305
0.96311334471662,0.995,24.195
0.225152692890337,0,37.125
0.944856830309469,0.995,75.15
0.545442740863829,0.005,23.54
0.433743766860948,0,37.02
0.252543506733806,0,32.195
0.224481295797569,0,33.05
0.967356001285707,1,64.435
0.631089792984498,0.005,49.555
0.973064793980334,1,54.695
0.337074125621105,0,59.3
0.477000355070686,0,70.6
0.58395949503887,0.015,59.83
0.25224282281777,0,59.74
0.565627463430076,0,77.17
0.95536501495129,1,67.615
0.974257187687588,1,48.795
0.991797988622263,1,42.095
0.162969867566214,0,43.67
0.962264049816558,1,54.04
0.955282364809452,1,58.475
0.511992684302806,0,40.38
0.305930340526306,0,50.465
0.508909893450952,0,47.285
0.970407793664213,1,47.57
0.958221725921265,0.995,42.925
0.500198686276835,0,56.33
0.305515878357001,0,45.065
0.400958211141314,0,28.435
0.932535532243156,1,36.98
0.969782871189197,1,35.2
0.297745705834239,0,32.76
0.163549984473302,0.005,22.985
0.460316580776257,0,35.66
0.355635360400471,0,32.58
0.991544751257697,0.995,34.31
0.281348030035402,0,12.055
0.989586651495891,1,16.205
0.983738851549313,1,12.25
0.161037976839289,0,21.99
0.973793526535375,1,23.51
0.987529197978065,1,9.195
0.988372045040044,1,7.64
0.990114876191902,1,16.665
0.970942136177045,0.995,15.81
0.966060651417526,1,21.605
0.989767658098419,0.995,22.105
0.990060494004809,1,24.825
0.989046922441814,1,14.45
0.318984113322801,0.01,20.28
0.309524355872955,0,13.6
0.989010071230254,1,18.405
0.983744888315872,1,31.02
0.967875406947941,1,51.965
0.990523506999347,1,33.895
0.97287108340798,1,66.48
0.982276412386269,0.995,53
0.988174030175959,1,35.185
0.955367638824336,1,36.09
0.565638245281318,0.01,46.16
0.961660269211069,1,14.535
0.987962710294027,0.995,15.62
0.985686176650191,1,33.725
0.988079116592843,0.995,22.21
0.98041645967282,1,37.875
0.985010869229265,0.995,14.09
0.462068108410571,0,27.995
0.986287324942058,1,22.535
0.974162977491539,1,27.88
0.986947720761079,1,21.015
0.972690655449848,0.985,16.99
0.988961115770844,1,22.575
0.964982724601027,0.995,33.12
0.98782027146211,1,12.4
0.989867858475003,1,17.415
0.960769337310431,0.995,6.265
0.98723569037982,1,10.975
0.987348112188649,1,1.375
0.471223261836857,0,72.655
0.434316126796219,0,36.325
0.960501046481282,1,6.07
0.36517138303669,0,46.52
0.531284848325491,0,6.835
0.386195880887614,0,71.68
0.337137357016617,0,24.335
0.988695959449694,1,14
0.984141292550964,1,22.405
0.959425739270736,1,10.135
0.936882549127424,1,27.985
0.924313088005588,0.995,86.11
0.504624924059149,0.01,30.92
0.986547694586389,1,9.435
0.228890766376845,0,30.135
0.972168766865645,1,66.03
0.967072619506242,1,56.39
0.988396587185167,0.995,45.775
0.961651856431842,0.995,72.605
0.96786146447533,1,76.445
0.96810422849684,0.995,71.845
0.358569482539979,0,75.295
0.298891956514133,0,67.54
0.189285410909711,0,67.83
0.960477948087597,0.995,55.395
0.969557252087154,1,58.085
0.971961861592291,1,63.26
0.30034606203465,0,72.775
0.328136884170003,0,46.235
0.310775208324246,0,30.825
0.250021792421786,0,57.425
0.298648891712876,0,66.215
0.946231662248778,1,36.715
0.975852682277191,1,42.46
0.140567389265013,0,56.535
0.488872122849968,0,46.585
0.485906831392715,0,38.145
0.962109783355805,1,38.155
0.456635774855305,0,45.545
0.970075478695384,1,31.64
0.437546858962922,0,32.02
0.989293744789579,0.995,41.675
0.546670673647031,0.005,29.33
0.578211657950086,0,13.43
0.552803435804397,0.01,20.79
0.990132750072044,1,13.755
0.955771341270372,1,19.555
0.157177885972752,0.005,25.22
0.91593388586269,1,23.27
0.990561012540307,0.995,21.125
0.216578738815201,0,19.425
0.981925955768994,1,15.64
0.958620621349293,0.995,21.65
0.962283727184776,1,17.025
0.980625056481254,1,15.68
0.282768167586585,0,12.97
0.987660152766084,1,12.46
0.578284225458614,0.005,33.71
0.573178189201596,0,19.345
0.981236282224165,0.995,15.645
0.417211983295737,0.005,7.05
0.964688619280907,1,16.725
0.309643241854183,0,12.105
0.985122555925834,1,14.64
0.413952142167163,0,8.895
0.899912743351609,1,20.285
0.970244580325302,1,18.89
0.986973459164012,1,24.34
0.965496356104306,1,24.62
0.496314023470912,0.01,22.22
0.968348819298832,1,9.885
0.985454901640541,1,14.49
0.971841254167811,1,27.125
0.607597064400346,0.005,63.555
0.986461182566058,0.995,28.42
0.983191757939849,1,22.505
0.98832201626257,1,14.565
0.433912739111843,0,30.13
0.912670822873376,1,45.96
0.988555163497481,0.995,35.21
0.558397820270765,0.015,45.625
0.505941965449274,0,25.82
0.98420039392817,1,46.765
0.976403245256648,1,33.715
0.989822971354001,1,21.85
0.976912021288612,1,37.945
0.982959268675832,0.995,41.305
0.425040474423672,0,15.635
0.447414105869495,0,20.735
0.449403332700004,0,20.035
0.896684017389996,1,24.385
0.486190333874775,0.005,16.395
0.288904208602531,0.005,33.945
0.985769656852878,1,21.42
0.960509613141575,0.995,15.12
0.987622666003977,0.995,11.975
0.988708576164728,1,22.69
0.466390107859828,0,73
0.972828505949186,1,18.54
0.94532275566192,0.995,5.19
0.414765222243551,0,20.35
0.232492258272809,0.005,30.635
0.192239004551272,0,10.935
0.985404747640243,1,17.325
0.506340154632521,0.005,43.035
0.939051549596164,1,23.98
0.373281543072791,0.005,42.945
0.442908790156936,0,50.295
0.369928568061077,0,34.96
0.512267782716976,0,13.76
0.505244202559053,0,27.295
0.967346741557805,1,44.015
0.974821337176965,1,25.715
0.983929783057431,1,21.815
0.916356195090345,1,67.57
0.960073007268445,0.995,57.015
0.919555853773615,1,68.005
0.24165011661182,0,59.52
0.158856490191196,0,58.98
0.301718664436912,0,58.61
0.248527786360974,0,60.47
0.33891873661999,0.005,57.565
0.897677931725707,1,68.62
0.264603206521866,0,71.1
0.556909714322126,0,20.635
0.984452493902848,1,43.335
0.556413154750373,0,58.045
0.324214614475078,0,44.595
0.29833169967474,0,66.36
0.492810521670976,0,43.455
0.236894879657,0,42.275
0.971925500313495,1,39.05
0.142684837799616,0.005,54.82
0.897074260824658,0.995,50.475
0.308137690158293,0,42.19
0.536665625445497,0,45.43
0.529327646224193,0,41.37
0.969081272284319,1,26.45
0.546047619302437,0.01,47.275
0.311312277336008,0,48.915
0.462330172481167,0,30.825
0.939690189950623,1,26.745
0.967421645674119,1,17.235
0.157924522287118,0,19.18
0.564275185474389,0,19.315
0.433336314112279,0,15.825
0.526531002449372,0,7.525
0.49095693769613,0,16.105
0.435442776545613,0.005,5.495
0.98917965634351,1,23.21
0.974105299338636,1,22.88
0.977207287574487,1,21.745
0.546701902079895,0,19.945
0.965340729555977,1,33.365
0.204792381610587,0.01,20.465
0.574934085691433,0,17.705
0.564526061204729,0,20.815
0.975905972239833,1,25.84
0.979231124901651,1,7.945
0.989532242175389,0.995,18.035
0.562239591679209,0.005,13.595
0.983216032335778,1,28.125
0.971631627882476,1,26.65
0.504303377197061,0,11.26
0.451752886955258,0,24.905
0.977734824617487,0.995,14.84
0.985140385482307,1,12.86
0.986045740112566,1,52.98
0.558799489005659,0.01,50.785
0.984252791346375,0.99,79.45
0.521071526118612,0,65.655
0.975699316014049,1,48.36
0.49051165356829,0.03,30.4
0.965257215638256,1,27.945
0.988233105286835,1,30.255
0.419772246926552,0,19.845
0.170772745924171,0,32.075
0.966633731788959,1,24.17
0.985378199155446,0.995,22.52
0.988821953974981,1,32.96
0.387979667730102,0.01,13.24
0.986673583979458,1,9.18
0.405462202038635,0,3.34
0.193768778491341,0,3.075
0.987114790988263,1,1.735
0.439743617184377,0,8.115
0.371436423184823,0,38.09
0.229317937805778,0,69.345
0.320383814531122,0,34.26
0.959368195625954,1,21.035
0.940050140994302,1,85.26
0.243487820159007,0,39.08
0.963622355487638,1,62.78
0.291593439649919,0,16.365
0.637389950551928,0,54.08
0.346287317919635,0.005,69.095
0.365176064616683,0,81.67
0.30498776417368,0,60.895
0.509425349316768,0,75.97
0.142361181482354,0,60.545
0.456443794776375,0,74.35
0.539649494414868,0,45.66
0.502215845814002,0,43.33
0.513899470019019,0,68.13
0.977396198586647,1,72.46
0.972866863482292,0.995,66.21
0.164632047236804,0,37.035
0.45623451590225,0.005,75.59
0.358980761486719,0,65.225
0.337891950481579,0,44.645
0.301983951066828,0,51.85
0.978086647970656,1,61.855
0.977248079631811,1,44.7
0.306517134788165,0,58.42
0.960341149268289,1,45.53
0.970125133077012,0.995,30.795
0.979134126267099,1,22.965
0.29426217207307,0,48.005
0.954483754645273,1,44.045
0.464166519301104,0,45.205
0.409970664628552,0,60.545
0.952627296669129,0.995,46.24
0.947919353442919,0.99,34.62
0.969815957122731,1,47.115
0.986939134001445,1,40.71
0.152344771819263,0,50.305
0.461697949602231,0,36.645
0.982555740432663,1,28.62
0.966341752215123,0.995,34.995
0.479721761306094,0,30.305
0.907885130708371,1,14.195
0.989388993723126,1,18.335
0.986890842899001,1,11.91
0.178868356959611,0.005,16.7
0.988455207683966,1,19.1
0.533012819955544,0,11.26
0.979411657418767,1,18.855
0.391480699675627,0.01,5.185
0.983991353987819,0.985,12.64
0.985368539244715,1,20
0.508721639666896,0,14.685
0.976096191144045,1,19.37
0.541780851784868,0,9.955
0.981216425611595,0.995,13.025
0.984107193303968,1,32.455
0.982807084506727,1,33.76
0.979902294560096,1,20.985
0.977165189865001,1,28.495
0.985200842622046,0.995,19.865
0.574787513558673,0.02,46.865
0.974923503602407,1,60.88
0.597534144513891,0,38.75
0.542217676160245,0.015,35.945
0.956932995273699,1,29.015
0.396916344830315,0,22.95
0.983215987690403,0.99,35.74
0.39811476337766,0.005,26.655
0.41161096438442,0,26.54
0.278531096250502,0.005,6.54
0.989247685617666,1,32.045
0.510757954041498,0,14.5
0.170786853198548,0,32.05
0.961147383015197,1,22.95
0.409578787763636,0.02,21.555
0.989186311623055,1,19.34
0.386856291884523,0,12.225
0.984300635256668,1,35.81
0.569380466503203,0,6.26
0.92863247593047,1,1.24
0.448994470481435,0,7.175
0.986411263375391,1,38.04
0.97519612780762,0.995,16.015
0.981788015093819,0.995,23.145
0.427632286345804,0.005,7.44
0.269993847565863,0.01,19.285
0.988402837225396,1,15.72
0.506079201022926,0.01,31.59
0.24411998334013,0,51.8
0.956002961606958,1,40.205
0.978086848565451,1,34.39
0.970185452004126,0.995,39.73
0.230922211807809,0.005,28.12
0.426370691165229,0,41.17
0.966448160213617,1,59.48
0.599030853787782,0,79.55
0.552544500818479,0,67.3
0.151853594991469,0,66.09
0.517240264290966,0,76.74
0.145302799132675,0,64.085
0.536398913762008,0,64.255
0.474337941252317,0,44.45
0.969888474871566,0.995,72.375
0.296370877640613,0,60.165
0.957209679660745,0.985,57.055
0.322168746425805,0,58.345
0.519638874940353,0,42.025
0.974726316328942,1,50.135
0.297676192100822,0,49.125
0.969950283760429,0.99,66.53
0.439232282117121,0,49.1
0.903401297235938,0.995,52.19
0.97237999320893,1,80.99
0.271563932589143,0,48.53
0.492444619155453,0,40.785
0.559919596261648,0,42.29
0.479238298152828,0.005,48.895
0.982512196116961,1,46.65
0.981881786190137,1,54.72
0.447019177541818,0,28.85
0.980831142263151,0.995,62.795
0.901712630981206,1,41.07
0.980532955440989,1,48.37
0.914254354691306,0.995,29.685
0.563737700976581,0.015,19.705
0.990443542832662,1,19.975
0.305509994419982,0.005,12.695
0.175841910427186,0,15.005
0.50478741894371,0,14.505
0.542682437404722,0,11.31
0.503386303965013,0,16.03
0.972286917311442,0.995,16.655
0.968574407959167,1,20.835
0.3417964919585,0,18.88
0.985130504169615,1,18.88
0.57971636640715,0.01,17.305
0.991132387212356,1,16.3
0.988994864649695,1,18.125
0.30347636197459,0,15.875
0.338392914904383,0.015,20.715
0.986671852677183,1,13.345
0.991222665062072,0.99,17.445
0.985907817841589,1,11.86
0.955339768433137,1,11.43
0.958225398915646,0.985,26.605
0.981551963966661,0.995,33.465
0.640787084538177,0,33.4
0.636472850686501,0,16.81
0.487727439837303,0,24.42
0.960882296214606,1,57.985
0.986666315242547,1,27.64
0.116208594298193,0,42.135
0.477198918349171,0,10.8
0.979558284465124,1,5.965
0.418718447114451,0.005,17.71
0.512946077619717,0,20.47
0.987528991892374,1,22.63
0.454471572391517,0.01,2.485
0.378937608158868,0,19.01
0.950566211138761,0.995,9.86
0.975585879049653,1,65.495
0.313045763597485,0,31.485
0.963285251374149,1,31.365
0.364970613785973,0.005,48.715
0.900807399123286,0.995,15.47
0.98846482100311,1,22.835
0.973914800596769,0.995,22.165
0.569746549589582,0.005,17.675
0.987142382142096,0.995,23.425
0.973801003073141,0.995,14.15
0.569122919187221,0,16.85
0.978629436393498,1,10.485
0.989113143211895,1,15.07
0.981111382812439,0.995,17.895
0.357030381254061,0,14.29
0.390639641139899,0,22.695
0.989648681482663,0.99,20.46
0.584921166526056,0,23.235
0.991528942663182,1,16.11
0.972420403922804,0.995,25.245
0.592166199517098,0,20.91
0.560856533329677,0,19.915
0.42323318943441,0,22.225
0.979780206635371,1,13.39
0.983677699521703,1,9.285
0.98831315171008,1,14.615
0.952562547768124,0.995,9.555
0.987495494998267,1,13.085
0.991540526203673,1,17.87
0.511583806465053,0.01,16.025
0.991269382018588,1,19.73
0.926329517192058,0.99,17.345
0.979068698265761,1,26.905
0.98972144957795,0.995,21.475
0.989478444273911,1,24.495
0.990623992548166,0.995,19.555
0.983574974752272,1,28.83
0.98928543556583,1,19.245
0.911270977936346,0.995,31.975
0.358450561919863,0.005,25.56
0.987684821247821,0.995,30.105
0.992392909791644,1,24.9
0.988608023340491,0.995,17.415
0.495671885768163,0.005,33.08
0.231425983293732,0,11.615
0.384857191389185,0,3.12
0.515679041639431,0.01,2.025
0.987425234998894,1,19.115
0.515114949921519,0.005,15.225
0.987574173600912,0.99,31.775
0.970022541524004,0.995,72.005
0.981976187169427,1,50.555
0.988470941106426,1,31.855
0.892593495526067,0.995,42.315
0.986541927407968,1,34.18
0.553283449964423,0.005,30.25
0.987945881726195,1,30.705
0.959918090928794,1,19.71
0.987601911329924,1,15.365
0.989920308320239,0.995,20.03
0.988672517882223,1,20.575
0.55642330283555,0,17.03
0.989348191275007,1,20.895
0.990683288804716,0.995,19.585
0.458118480722422,0.01,27.86
0.555467980309402,0,19.705
0.561704844971803,0,22
0.545217547135379,0.005,10.685
0.320623574101513,0,19.91
0.47038337654942,0.005,19.43
0.989981771210735,1,19.385
0.987535902894155,1,15.57
0.990630398553877,1,19.8
0.96560924783994,1,16.42
0.98391635305354,1,14.605
0.985244907732732,1,13.895
0.393779045843818,0,16.835
0.633637669460263,0.005,25.81
0.322189718584656,0,13.6
0.977806149663424,1,32.62
0.575318962649459,0.02,14.36
0.949857952923713,0.99,22.5
0.672896035944352,0,33.085
0.476040610921407,0,17.545
0.894863353231602,1,33.745
0.537106263583519,0,24.34
0.984219153912427,1,11.12
0.602746188018783,0.005,21.78
0.97139097608981,0.99,41.115
0.987293425431137,0.995,30.295
0.932223332046527,0.98,16.56
0.940345757369468,0.98,11.455
0.988595843058697,1,10.365
0.972457113899595,0.995,13.47
0.43115840813213,0,3.195
0.699909121886763,0.01,2.59
0.4675645142404,0,73
0.485839072233692,0.005,6.13
0.98590357582905,1,41.09
0.316124562061762,0,17.94
0.683436543927062,0.015,23.095
0.491917779459591,0.01,60.215
0.939875020450847,1,23.32
0.420874520019664,0,20.89
0.366724493966087,0,35.01
0.410059506005187,0,24.91
0.96525929596946,1,36.965
0.982343147460022,1,19.115
0.245850693290085,0,17.36
0.891651277491932,1,26.175
0.481066680499539,0.01,39.25
0.240250596664859,0,27.1
0.182537784993044,0,58.97
0.975410971079561,1,38.75
0.946617671159719,1,84.73
0.446652261202165,0,62.07
0.207152290316744,0,57.055
0.543343804611305,0,43.11
0.216660922966001,0,68.53
0.136912791951024,0.005,67.925
0.972383863482411,1,45.745
0.289311361102391,0.005,69.73
0.975145668378291,1,70.585
0.92614975317617,0.995,59.09
0.335570701567818,0,47.36
0.948224470147131,1,73.975
0.439818664903279,0,45.59
0.939932623509151,1,56.22
0.455118414136688,0,48.51
0.27910801033752,0.005,40.91
0.517076519517784,0,33.635
0.571900653159489,0.005,17.82
0.983545527033394,1,30.6
0.891039880128574,1,16.205
0.283285679153418,0,32.02
0.470492371077178,0,40.855
0.422389672311851,0,41.59
0.424421082163365,0,33.67
0.325663371155567,0,30.425
0.96859210295305,1,26.745
0.279111153291226,0,39.975
0.991103579212888,1,27.595
0.435469741726084,0,20.355
0.580402962435843,0,7.915
0.569108437209871,0,12.725
0.984804991233563,1,17.725
0.991259733744327,1,22.45
0.985238769101839,1,6.305
0.962528640647278,1,11.285
0.613075490757871,0,32.25
0.980433392678601,1,18.235
0.99149084246428,1,18.155
0.990582850159795,0.99,18.525
0.192568628188034,0,11.455
0.51566141854227,0.005,10.995
0.533943011984392,0,7.165
0.961529038810282,1,14.79
0.971853241000604,0.995,17.27
0.380597566095312,0.005,14.63
0.991623444961937,1,20.375
0.98811236501986,0.99,13.815
0.480359603724054,0.015,13.87
0.990895912757552,0.995,25.935
0.923521313515483,1,21.455
0.527725929847541,0.005,10.745
0.983297582637474,1,27.78
0.972496014997112,1,26.49
0.986914660237692,1,30.565
0.987778588830316,1,60.675
0.957822069561472,0.995,35.955
0.980047668559819,1,78.83
0.983342874907678,1,52.96
0.976500105459566,1,6.66
0.98911112006378,1,18.2
0.59899708610958,0,21.69
0.37802897034627,0,14.965
0.168892091848548,0.005,42.475
0.979015837674545,1,17.985
0.37258538209257,0.02,17.935
0.989734949402287,1,20.435
0.392366545031172,0.01,14.2
0.98437917325225,1,35.85
0.36641785709959,0,4.79
0.988739576816037,1,1.98
0.988301135605098,1,1.43
0.466767578511335,0,73
0.928442034435819,1,12.025
0.321321701251893,0,58.075
0.43072518030605,0,27.59
0.934065595402447,1,23.46
0.342768766022148,0,48.845
0.511689904329279,0.015,39.63
0.245808510369581,0.005,15.55
0.256401259624411,0,17.905
0.922482954774822,1,89
0.975463563371738,1,40.345
0.485784379923692,0,22.15
0.978552399652154,1,28.705
0.239971766172726,0,41.365
0.221766370729248,0,60.07
0.558043059016534,0,57.44
0.955532871502406,0.995,76.225
0.972159341765057,1,50.745
0.97186818796156,0.995,74.465
0.959696744884028,1,72.035
0.536061243591854,0.005,59.625
0.542270484573334,0,64.44
0.317458850669059,0,53.245
0.490981061630987,0,59.44
0.277499725889354,0,45.41
0.218422843130252,0,64.375
0.244662790054045,0.01,87.165
0.553853337934931,0,43.145
0.466054464961952,0,44.27
0.140001348179322,0,51.77
0.278806942334999,0,34.85
0.515376262329947,0,39.765
0.976247850025676,1,53.525
0.283733051171149,0,39.995
0.464078221988716,0,47.205
0.140721081810685,0,44.82
0.224017082569412,0,54.5
0.545456731815383,0,41.44
0.989732897775728,0.995,42.56
0.987052560329063,1,41.185
0.546061605505847,0,29.88
0.921460124701866,1,36.52
0.241994721575176,0.005,36.805
0.419923617451367,0,25.135
0.335509883464986,0,18.475
0.482885977715556,0,11.455
0.990348518670487,1,14.61
0.965951206670972,1,23.27
0.163695863918828,0,19.52
0.5614860019299,0.005,19.475
0.515685769408616,0,10.97
0.271861526046204,0,8.56
0.360565930547131,0.005,33.26
0.981120323016999,1,12.31
0.52505687062937,0,10.79
0.969352017016603,1,7.805
0.987263869626909,1,20.455
0.981468573373234,1,13.245
0.634104990679849,0.01,24.73
0.971367302390958,1,15.025
0.953516319500348,1,12.775
0.584670724551321,0.01,11.725
0.988068712745227,1,20.17
0.963328929536794,1,22.025
0.96264607597691,1,31.335
0.508173533387014,0,11.53
0.611388846495109,0.01,33.51
0.919303373858874,1,29.16
0.980790877319119,1,41.675
0.569857465465113,0.005,59.13
0.981947886553877,1,62.345
0.988777889769107,1,82.855
0.973188314001234,0.995,29.335
0.983403523206704,1,24.54
0.425699534044581,0.005,22.615
0.436211042020154,0,20.875
0.988119475348555,1,22.685
0.499619756841957,0.015,19.89
0.980504475934874,1,15.915
0.975841453252369,1,13.975
0.987914635655139,1,21.7
0.165995120524472,0,14.96
0.434933328537901,0.005,15.885
0.987495911625036,1,31.11
0.989493717568672,1,14.915
0.171109612708451,0,32.64
0.411181470165185,0.005,18.48
0.932695744810001,0.995,14.315
0.98594168220546,1,7.77
0.393683674978877,0.01,13.345
0.987106849057364,1,4.73
0.383268945238559,0.005,5.055
0.985321090792831,1,2.475
0.464714302583097,0,73
0.983822046566065,1,13.14
0.335229390937769,0,13.625
0.270947783602959,0,61.805
0.511903485336085,0.005,18.03
0.42988389647549,0,22.565
0.233805164778949,0,46.23
0.947291426314848,0.995,75.78
0.338180612272161,0,38.34
0.492174098870077,0,34.53
0.978984131096292,1,71.76
0.39591563979711,0,64.83
0.545101513766539,0,55.305
0.973511336172534,1,59.355
0.18776509170239,0,66.845
0.140346186666862,0,63.065
0.977363321107603,0.99,69.41
0.139419852316442,0.005,66.505
0.240432640487212,0,68.225
0.255104115610762,0,68.8
0.538449049971423,0,52.35
0.963240791658218,0.985,76.33
0.55234847944894,0,57.85
0.288862010305966,0,72.6
0.978009276636059,1,68.03
0.275184500129526,0,47.58
0.322760896927077,0,61.43
0.484230268337534,0,38.905
0.563241803921366,0,57.115
0.275254510041942,0,39.165
0.397265476851585,0,49.69
0.275102545655231,0,44.175
0.275158178991486,0,46.26
0.52220710145476,0,51.35
0.234716043968295,0,46.89
0.425819297976759,0,32.57
0.986379606709003,1,35.46
0.544954364172056,0,53.11
0.405054210912673,0,34.185
0.27519293428469,0,26.86
0.275358138816011,0,31.825
0.275535340640025,0,31.45
0.548174777648528,0,31.935
0.554700130824155,0,42.205
0.57176450988092,0,35.425
0.241988774939384,0,25.865
0.404602010623906,0,21.255
0.976864628429421,1,19.91
0.551795835509776,0,15.495
0.584304569575339,0,22.95
0.980531195084084,1,18.47
0.371450900990908,0.005,33.405
0.56199520355651,0,20.3
0.519342864487379,0,12.895
0.586462155589566,0,17.725
0.986409034836978,1,16.19
0.988351499661336,1,14.93
0.899808000287891,1,21.105
0.534981535213886,0.005,13.8
0.644255525515082,0.01,10.81
0.980871119374947,0.995,18.145
0.981644088951788,0.995,32.97
0.96930572622611,0.995,19.48
0.37566238125077,0,14.015
0.979492208359729,1,26.42
0.978218001732067,0.995,30.48
0.474922211093284,0.01,29.975
0.561249402357191,0,25.43
0.984021723308603,0.99,37.98
0.975428101558102,1,28.96
0.572914210135721,0.01,76.59
0.952871172643922,1,36.79
0.983454915080705,1,44.62
0.974230303240186,1,43.335
0.592888339129151,0,35.61
0.98796913237746,0.995,17.49
0.580919696742855,0.01,65.995
0.968046994139887,1,26.67
0.986837761990163,1,23.775
0.98851615021216,0.99,23.605
0.980761754374064,1,35.605
0.252067280006554,0,6.08
0.983542515350708,1,27.52
0.974198893225097,0.99,22.615
0.170226345405257,0,36.34
0.98295615037248,0.995,37.445
0.989107670140103,0.995,28.265
0.984795085104286,0.99,19.475
0.903512764084805,1,17.415
0.197840208422938,0,5.145
0.462116768480764,0,73
0.885197075920483,1,7.755
0.983874212972171,1,36.305
0.193224630748431,0,10.36
0.256412860767754,0.01,25.3
0.960580711187233,1,18.57
0.312016687421241,0,23.37
0.516726625707481,0,36.98
0.340510215279205,0,31.69
0.2680487053146,0,16.67
0.324621203925734,0,29.68
0.375822418240063,0.01,72.745
0.365656198277915,0,35.955
0.234450058239835,0,27.94
0.279969020772585,0,20.035
0.237129899033699,0,59.08
0.301490552372948,0,51.56
0.556152174673989,0,52.265
0.470941377988185,0.005,72.41
0.139649131639316,0,67.915
0.27727284969087,0,50.55
0.53262429111421,0.005,63.345
0.922275876200418,1,66.445
0.285888699600045,0,73.455
0.483299424757753,0,62.595
0.275437025692757,0,44.995
0.219412343171956,0,50.91
0.918264620161231,1,66.615
0.254064312856195,0,36.495
0.431239506652584,0,49.045
0.551504782861688,0,56.005
0.275566789451196,0,38.805
0.476319093402237,0,78.275
0.523393901531661,0,46.8
0.972758370057792,1,38.49
0.917287074684013,1,55.03
0.305716671826553,0,43.695
0.258386196621643,0.005,52.415
0.275491979006699,0,42.64
0.418948052489136,0,39.595
0.292736789053353,0,40.65
0.292449363866567,0,38.9
0.406812195594532,0,36.425
0.552032682190532,0,49.85
0.544295714971715,0,40.415
0.958976232090928,1,18.355
0.980767000718643,1,17.03
0.560892076784418,0,9.69
0.161263196611173,0.005,27.075
0.990524597273735,1,16.7
0.49892617415959,0,18.335
0.941156480436817,1,11.17
0.204979183164639,0.005,28.59
0.986805156916238,1,11.845
0.559371798558348,0,17.44
0.971037516353733,1,16.225
0.595710706283187,0,7.38
0.59410924440408,0.005,26.215
0.972972616849533,1,11.465
0.388893131267411,0.005,9.93
0.986168584523114,1,15.125
0.931448608478014,1,9.595
0.951624253497107,0.98,34.005
0.94076923332964,1,15.585
0.984894591198262,1,29.825
0.924633919207438,0.99,26.01
0.410410999043275,0,13.525
0.47316844244992,0.005,28.535
0.967120683873938,0.995,16.31
0.985621204931358,0.99,39.275
0.980263039522694,1,64.57
0.385344052650629,0,19.36
0.967616041228112,1,52.915
0.974229672776977,0.995,48.555
0.981701283823974,0.99,39.815
0.967872599895962,0.995,17.67
0.992009578448373,1,47.57
0.986813757817668,1,19.845
0.961884817920235,0.995,10.32
0.96705321976542,0.995,29.295
0.377114513802676,0.005,38.37
0.981788440821979,0.985,30.075
0.476997755150155,0.005,28.67
0.393621069856288,0,24.49
0.187769270707956,0.01,13.4
0.380153302474431,0,9.18
0.98837334388553,1,15.32
0.460844640234986,0,72.72
0.305215494804257,0,2.505
0.499389351014942,0,4.615
0.424073500802407,0,8.225
0.235201888340978,0.005,20.575
0.983991425747651,1,42.795
0.945885894815937,1,18.785
0.241431021361283,0,49.895
0.953254724683294,1,22.88
0.403946718228704,0,28.765
0.375423499841016,0,48.58
0.234213860516541,0.005,35.97
0.227243255046445,0,29.3
0.581004744734127,0.015,73.28
0.978821458827269,0.995,71.445
0.285882849966868,0,50.405
0.213727789891063,0,70.215
0.949619329494994,0.995,77.275
0.965638095659628,1,64.755
0.956351167694328,1,82.965
0.464277833389295,0,88.705
0.305111384966861,0,48.605
0.973256246815496,0.995,47.17
0.970019462604663,0.995,66.54
0.444666259589073,0,63.625
0.333422072692114,0,36.745
0.530180425481026,0,58.17
0.183475245926464,0,69.74
0.146655728632784,0,51.985
0.251550602237993,0.005,67.215
0.289732455802554,0,36.445
0.538869221043553,0,44.195
0.416815863379294,0,34.275
0.279304875399365,0,36.42
0.9817865910941,1,47.71
0.234216380902883,0.01,57.165
0.430940146326417,0,38.53
0.423291882029003,0,28.77
0.267095792965303,0,41.51
0.396174988145557,0,20.825
0.554564296272176,0,17.925
0.419111168850486,0,31.72
0.25747459542756,0.005,26.425
0.39614419156783,0,23.53
0.897806415454014,1,14.9
0.980119518575885,1,14.81
0.967854379031324,1,20.56
0.387217426037972,0,20.48
0.559511504467407,0.005,20.14
0.456791322544941,0.005,32.94
0.985944282524356,0.995,7.115
0.990087072074217,1,17.875
0.483344626511405,0.005,16.165
0.423787579546365,0,19.425
0.60303789893852,0,16.37
0.982339765560634,1,9.73
0.977711802199365,1,8.79
0.989848323916669,1,22.55
0.596737146801383,0.005,19.46
0.976059972179421,1,33.025
0.980445629988957,0.99,21.675
0.979979639912745,1,80.145
0.960796744409403,0.985,14.805
0.430133344171698,0.005,28.115
0.911794494501321,0.99,20.775
0.486532338167649,0.005,27.92
0.967410921884099,0.995,4.865
0.977569977723509,1,7.115
0.990023050215179,1,21.995
0.986593554385816,0.985,33.63
0.169179645996412,0.01,18.42
0.376307859379909,0.015,19.95
0.37520021232025,0.01,2.525
0.933285661425874,1,40.81
0.975135336638166,1,62.235
0.988412805158474,1,9.085
0.350854952356344,0,33.97
0.986872736018772,0.995,26.97
0.972765213457379,0.995,39.235
0.980668041639514,1,65.505
0.531634160664033,0,51.725
0.323795500536936,0.005,35.675
0.360942254063507,0,46.98
0.911999904139598,0.99,48.105
0.985607274566551,1,37.845
0.598046336170097,0.005,31.815
0.911496544554067,1,16.105
0.978353270940092,0.995,7.765
0.991007383320019,1,17.275
0.967851715740865,0.995,21.675
0.981842271236304,1,18.08
0.466876380578371,0.005,17.655
0.264638818373156,0.005,21.915
0.987735083043534,1,16.39
0.993127817769744,1,11.5
0.989342223044752,1,15.07
0.988999971839426,1,11.29
0.544115111072408,0,19.28
0.967647358775755,0.995,18.65
0.435014062353338,0,19.39
0.984004782161124,0.995,18.9
0.987468047440101,1,17.055
0.980616855384483,1,13.645
0.989542422129324,1,19.65
0.963911323825341,0.995,15.02
0.596876083674649,0.005,16.53
0.982001296984492,1,8.1
0.991324088770927,1,17.025
0.563547444989757,0.005,13.855
0.968351892194972,0.99,16.4
0.407879425519859,0.005,15.36
0.967801596465777,0.99,21.795
0.324294461731088,0.01,19.545
0.927004899683374,0.995,13.14
0.989703435088105,1,22.84
0.98699083173657,1,21.41
0.988709081099449,1,26.595
0.974477593699323,0.995,20.26
0.994046044235612,0.99,24.805
0.501199878116875,0.01,24.835
0.986133433799854,1,31.5
0.915492647709059,0.985,29.45
0.930436262560563,0.995,23.15
0.976759072541114,1,39.22
0.459827221060068,0.04,22.17
0.290407949092766,0.015,31.88
0.977988219402528,0.99,33.53
0.413721103001676,0.01,33.695
0.321860514258586,0,16.8
0.988468113815078,0.995,21.93
0.986687010290769,1,24.885
0.970487423946456,0.995,19.09
0.354273570596107,0.005,6.08
0.986509731730361,0.995,11.305
0.983907922164466,0.995,6.35
0.256037767386325,0.005,4.65
0.563246847020326,0,77.305
0.505509617680386,0,34.03
0.984865898455812,0.995,62.34
0.977467722595038,0.995,48.365
0.359180398314081,0,56.885
0.983320286055898,1,50.69
0.903550482969983,1,31.655
0.982779347191555,0.99,46.41
0.515147578848414,0,38.34
0.465814244679128,0.005,22.235
0.982404872810072,1,14.675
0.983508342316259,1,14.635
0.986180862844084,1,12.72
0.548953733741987,0,20.265
0.89615649190916,1,21.585
0.987906577174332,1,12.575
0.978834050448105,0.995,19.46
0.404385526565938,0.005,19.22
0.99071597634677,0.995,18.435
0.990200039641553,1,16.695
0.86427352804709,1,19.465
0.496729773968806,0,11.565
0.989731583581436,0.99,8.515
0.990325727932206,0.995,15.4
0.991518290308288,0.995,19.48
0.983549460041787,0.995,16.645
0.994152483179837,1,13.74
0.376830251376251,0.01,7.575
0.59683135196795,0.01,24.735
0.98449610809937,0.995,22.71
0.608208143711173,0,25.605
0.520192904295612,0,35.24
0.984800957045396,1,12.725
0.900031649817005,1,33.16
0.907934300376682,1,32.455
0.983637576030667,1,21.85
0.991109631459454,0.995,16.92
0.986241968769459,1,36.025
0.959246948646266,1,36.465
0.992577820017428,1,13.21
0.989600292103773,1,13.62
0.573735869581768,0.005,17.835
0.991558527339942,1,12.835
0.989377995862184,0.99,5.885
0.426357447173724,0,3.765
0.971787070867942,0.995,3.76
0.463963703094655,0,73
0.987425002971913,1,43.02
0.260630969007409,0,11.52
0.430547913847979,0.01,39.785
0.312486672953856,0,15.37
0.904409792354889,1,21.31
0.940440311612056,1,19.775
0.927158642899033,1,25.175
0.932861206979717,0.995,84.73
0.256759526938231,0,25.88
0.54942853895659,0.01,21.725
0.9397505376289,0.99,77.33
0.286508184517131,0,66.795
0.442330573298474,0,53.815
0.137189367282251,0,68.255
0.392200427681466,0,54.75
0.965516814368527,0.995,71.115
0.219132076221166,0,61.55
0.968172659181462,0.995,59.04
0.416890051488969,0,64.26
0.429389908185868,0,56.14
0.459846019557801,0.005,81.935
0.209571823965948,0,54.275
0.946724412327542,1,42.91
0.29868946125182,0,77.42
0.27982193985511,0.005,34.325
0.944023640422343,1,54.695
0.286799534117042,0,50.025
0.215800440046202,0.01,78.535
0.894994555023931,1,35.515
0.155727606584219,0,28.465
0.980976434191563,1,38.805
0.557421183819416,0,44.83
0.954931658206611,1,45.61
0.544116812380894,0,29.235
0.278778812003108,0,27.005
0.458673121351498,0,45.95
0.554692860106289,0,28.035
0.43527690715693,0,33.16
0.427832464866846,0,20.88
0.509644712136346,0,14.605
0.262085965418763,0,18.17
0.963666196162679,1,31.995
0.928430626105697,0.995,10.485
0.990938852891318,1,17.89
0.362060217887778,0,19.565
0.423296631128982,0,14.75
0.960327024601259,0.99,18.34
0.966418934842115,1,17.425
0.158570517506054,0.005,33.21
0.415193617755456,0,20.71
0.590514856575931,0,19.22
0.985673615464116,1,9.31
0.294978293468293,0,7.555
0.950582202935972,0.995,17.105
0.501019954550953,0.015,18.4
0.99058640148103,1,25.06
0.984253652379213,1,19.56
0.985042721338048,1,14.18
0.461349345775613,0.005,17.71
0.513190790729041,0.005,30.405
0.980246651646013,1,26.85
0.92622768059949,1,64.42
0.982297769932585,1,55.815
0.975737549898815,1,64.59
0.98009546581231,0.995,39.785
0.552272841789085,0,28.08
0.987254599683942,1,17.745
0.986363403582357,0.99,16.43
0.98504180045351,1,23.375
0.987385918238243,1,11.95
0.923551571019609,0.995,14.895
0.983507005170844,1,20.525
0.174954826901871,0.005,24.185
0.418494795408022,0,14.775
0.987435697571259,0.995,13.845
0.310804696175525,0,2.54
0.452253025507112,0,67.075
0.282528086984572,0,7.66
0.499783976206177,0,4.015
0.935463299307763,0.985,3.705
0.433460221521898,0,24.21
0.277892172217729,0,62.615
0.450142448178888,0,70.505
0.410110107243999,0,13.18
0.928766688929767,1,23.635
0.241422995919082,0,43.815
0.922469861198411,1,89
0.235527184214845,0,36.635
0.908810979779755,1,27.76
0.440998430711424,0,46.755
0.280013134580062,0,32.93
0.269575270280672,0,34.66
0.544439966768977,0,29.02
0.136254264241913,0.01,64.785
0.966881644920683,1,73.7
0.402989088138638,0,57.135
0.535082891271858,0.02,51.75
0.3207641896976,0,49.38
0.536900784505994,0,67.255
0.508781951120952,0,35.97
0.142109866471201,0,53.485
0.285543294457929,0,60.3
0.291073628683684,0.005,60.815
0.297591332869805,0,65.2
0.522768235812621,0,64.705
0.55306447766142,0,62.2
0.9748842781387,1,59.835
0.949129783350886,0.995,79.985
0.93253717468876,1,36.49
0.895538762350912,1,76.05
0.478879201787405,0,49.63
0.306535499319745,0,47.5
0.953956888762408,0.995,46.245
0.520287063373819,0,50.51
0.544434199281104,0,35.48
0.31683555177583,0,43.455
0.921460124701866,1,36.52
0.372012838918114,0,33.495
0.951719445040805,1,18.36
0.153933696913187,0,22.29
0.174026607350009,0,10.645
0.558248262632324,0,16.49
0.9745417351763,1,18.125
0.945696617096227,1,18.02
0.97915944830073,1,18.345
0.162230260319102,0,21.315
0.35066875823633,0,20.895
0.970708354490617,1,31.905
0.978384778340686,1,15.58
0.315253977834246,0.005,8.62
0.45632358083291,0,6.91
0.294857683144055,0,14.295
0.304316789162352,0.005,16.685
0.972530385625829,1,11.345
0.951028222605074,1,16.42
0.58471982519766,0.01,18.675
0.983236374755579,1,32.545
0.981899622321381,1,33.495
0.98188983262729,1,33.74
0.987136245465958,1,25.895
0.978402229274978,1,29.975
0.957172337973201,1,24.545
0.424666510250397,0,20.025
0.980540436251103,0.99,45.695
0.976616292954233,1,64.9
0.982192392440963,1,34.655
0.969216841683026,1,17.03
0.981058423360181,1,36.13
0.983357176425111,1,55.31
0.970089917032695,1,62.44
0.979310073701198,1,41.925
0.478219630682426,0,28.125
0.545445345344824,0.02,23.135
0.985529082523487,1,13.46
0.170779858619145,0,32.635
0.966876910533142,0.995,23.865
0.438324214704528,0,23.985
0.429503151663899,0,28.7
0.363859175047108,0.015,6.92
0.599527213338482,0,4.495
0.508970303514448,0.005,57.28
0.333267272259101,0,13.86
0.93942537641889,0.995,34.515
0.917269413824284,1,32.225
0.431864913439196,0,24.19
0.958885633536751,1,15.18
0.930480820510908,1,83.555
0.367449362677864,0,17.755
0.344720442402807,0,80.505
0.609948617325428,0.015,63.815
0.27517323558996,0,40.065
0.500244763175966,0,34.77
0.215205510625826,0.005,32.585
0.979948658364183,0.995,73.75
0.321216967106594,0.005,27.575
0.960419667525321,0.985,80.15
0.418176285713501,0,55.555
0.932788673040551,1,78.38
0.16462134128867,0,47.235
0.940876312063768,1,66.95
0.547447439004539,0,56.17
0.52910970476232,0,67.75
0.322633602848368,0,43.355
0.275103225677544,0,59.355
0.410133695183933,0,84.205
0.944959790132662,0.995,90.035
0.935490155285096,0.995,65.845
0.238565720821241,0,68.43
0.435311753920859,0,54.035
0.432694015007023,0,53.505
0.909091713997098,1,50.035
0.278600410401441,0,34.8
0.984383404833606,1,60.905
0.916016267417479,0.995,64.945
0.350576606177064,0,69.68
0.977124527852401,1,83.855
0.202963005143356,0,66.65
0.274850020092,0,38.925
0.447011382994084,0,39.905
0.542188916543842,0,37.02
0.973580354063011,1,46.4
0.440553056877397,0,42.405
0.502930696971445,0,35.47
0.341750440457633,0,23.07
0.978729911491351,1,17.24
0.972709786453081,1,18.67
0.568721737263005,0,16.04
0.980351890269608,1,16.345
0.476959443680248,0,15.14
0.440287750920898,0,17.055
0.236737794428209,0,11.605
0.979935690921021,1,14.89
0.948712909319629,1,10.145
0.341927667922331,0.005,13.095
0.412883352900942,0,15.075
0.969777024858942,1,29.46
0.942354847002784,1,17.565
0.98922964450024,1,10.57
0.568551306343628,0.005,31.04
0.920133603715437,1,19.885
0.984268659640065,1,79.33
0.983149296370792,1,17.09
0.391174049302485,0.005,17.67
0.988529548690852,0.995,22.865
0.558743965715772,0.02,48.215
0.599436722995659,0.015,46.785
0.979737134149521,1,48.56
0.978655535530971,0.995,49.475
0.985291787785692,0.99,15.195
0.966706906109092,0.995,22.65
0.476379690930691,0.005,22.7
0.571032541503842,0.015,10.405
0.935995984528256,1,11.345
0.396062790077157,0,16.235
0.952572740302813,1,8.815
0.963404470442564,1,36.77
0.229577959086729,0,17.24
0.343274374811401,0,13.07
0.987839728978036,0.995,22.16
0.244792201499844,0,7.73
0.204564810770829,0,5.365
0.461522546474508,0,73
0.506097441577763,0,7.215
0.982998691377931,1,41.925
0.957187212588918,0.975,37.595
0.240961870551643,0.01,24.585
0.247401432084203,0.01,26.43
0.471590130754403,0,41.49
0.324085694580706,0,35.97
0.431297475623746,0,24.34
0.342708598438817,0,47.325
0.972074193628003,0.995,41.41
0.431316233112589,0,41.085
0.346670421199217,0.005,10.04
0.292286967985882,0,61.5
0.975209383454072,0.99,60.695
0.546466382266081,0.01,67.58
0.979152159532543,1,68.29
0.207013576354496,0,80.715
0.340102740268368,0,65.135
0.541726450656405,0,55.355
0.539380676351849,0,67
0.972840348571498,1,61.07
0.275103225677544,0,54.69
0.400778075229051,0,56.51
0.440404858603412,0,50.93
0.257260289012925,0,30.49
0.455925290551851,0,93.03
0.257149509610221,0,65.19
0.533531328615733,0.005,62.505
0.237069565096159,0,43.025
0.275202197718325,0,40.615
0.548405428650883,0,54.31
0.140199608052789,0,46.575
0.450416207341285,0,37.82
0.974743062941527,0.99,53.77
0.147977632569087,0,53.305
0.456940740890113,0,58.875
0.976956391463523,1,42.645
0.199269250686357,0,56.5
0.287273822688135,0,37.73
0.307031556720783,0,45.62
0.416887138289886,0,21.425
0.394348538386551,0,17.375
0.516469783240951,0.005,32.065
0.399004300506502,0,15.905
0.398655154494455,0,15.02
0.990712073522885,1,12.725
0.892635547970497,1,11.68
0.961957073817941,1,17.4
0.464599103079634,0,15.435
0.596417096117013,0.005,18.12
0.987582976879107,1,18.625
0.989096045023346,1,16.03
0.256487647978359,0,18.05
0.618683072713853,0.005,17.94
0.987683480826889,1,22.33
0.497069654939559,0,16.235
0.989757759738329,1,15.755
0.522842876857651,0.005,34.725
0.899506525159406,1,28.05
0.908903369406427,1,32.45
0.412792635754081,0.005,17.285
0.981495180774722,1,33.79
0.447379857704277,0.005,27.445
0.965551121626965,0.995,15.86
0.982136187709463,1,31.605
0.537831327145282,0.015,47.33
0.50683872287039,0,27.825
0.979892988210797,0.995,78.075
0.908482968259653,0.995,35.015
0.435473975712805,0.01,32.145
0.987782818305757,1,14.385
0.985070512049972,1,19.3
0.37822907190627,0.005,38.21
0.556463570926283,0.005,16.67
0.916156083356608,1,19.83
0.968701813928185,1,29.39
0.988986011157498,1,29.115
0.982866434686701,1,10.82
0.227199273675155,0.01,10.165
0.986105952042153,1,8.815
0.892546044481847,1,3.785
0.347652974679992,0,15.45
0.982973276939309,1,12.94
0.983673026029093,1,41.09
0.511877182266698,0,15.19
0.955407417759887,0.975,33.44
0.942472245059448,1,22.075
0.399379953889411,0,48.35
0.475568663395441,0,28.885
0.951314510598998,0.99,24.885
0.968853354992857,1,40.04
0.986436521882502,1,23.46
0.53216337300392,0,34.525
0.548548624125111,0,44.975
0.287815639202629,0,83.19
0.440067640171536,0,50.1
0.973611208636487,0.995,56.085
0.536541862794918,0,67.925
0.555080029491488,0,45.795
0.411471277059945,0,79.395
0.207328425722254,0,69.68
0.550356994735357,0,54.825
0.978760956233518,1,75.64
0.326548846127687,0,57.32
0.939564087887708,1,69.295
0.454328107119236,0,63.64
0.551475159619943,0.005,63.95
0.438973132280193,0,47.14
0.519974883779262,0,65.47
0.298941509871305,0,37.115
0.316886930001937,0,49.42
0.28384671642369,0,66.465
0.970851495017808,0.995,51.195
0.410908072563688,0,34.76
0.311171981840537,0,39.105
0.310139116774525,0,28.6
0.532809888274802,0,45.14
0.973693200725496,0.995,40.285
0.441965715243165,0,42.865
0.285827713957207,0,36.8
0.974802426550181,0.995,39.56
0.409634401335639,0,18.41
0.23828302885642,0.005,25.94
0.975365626548839,0.99,32.805
0.563134061736538,0,16.65
0.991898099375951,1,12.18
0.889674325623287,1,14.825
0.499927765696826,0,18.665
0.348412149044808,0,10.14
0.982234844426179,1,8.945
0.599552971916522,0,18.31
0.960497874935913,1,11.54
0.615723418628563,0.02,14.915
0.573671249571084,0.005,14.535
0.580175499202145,0.025,21.085
0.515244533014964,0.005,31.38
0.985856273409996,1,30.175
0.439156396360189,0.01,21.37
0.984294210631156,0.995,59.085
0.388637563393723,0.005,14.775
0.459141649120135,0.02,46.8
0.9843736751582,0.97,31.265
0.979751806110035,0.995,67.58
0.982284532283432,0.99,27.805
0.414079973389841,0,14.71
0.96274515142845,1,7.36
0.989808596359885,1,15.695
0.505571310864279,0,19.35
0.121477689366753,0,42.45
0.169897731893817,0.005,35.28
0.981856996250418,1,6.845
0.960957715625862,0.98,13.465
0.365527429303015,0,9.17
0.983440907644531,0.995,1.955
0.349659764763415,0,3.265
0.974549380551029,0.995,66.2
0.378054942197665,0,45.085
0.409466639927182,0,32.355
0.979015086636724,0.995,71.235
0.975984149585557,0.995,49.275
0.24992219913219,0,72.16
0.981805522290465,1,60.735
0.988524169425843,0.995,48.88
0.916150648810193,1,40.33
0.980257287560669,1,35.78
0.359218821578245,0,49.365
0.985855045678663,1,33.3
0.981554077408065,0.995,18.715
0.986933699758195,0.995,26.505
0.545244358814928,0.015,19.235
0.285770828038412,0,20.33
0.970476712305613,0.995,20.29
0.984428522309533,1,17.095
0.423031416474999,0,20.015
0.45280612541749,0,21.56
0.420107892478699,0.005,21.21
0.97228668920931,1,20.26
0.425767468598099,0,21.47
0.990091116171969,0.995,19.065
0.409153470347749,0,10.495
0.979665660379702,0.995,10.835
0.950983268612031,1,14.915
0.981677599645266,0.985,12.675
0.494418521278028,0.015,10.98
0.976052493122592,0.99,7.56
0.446299310482949,0.01,11.305
0.97955478695415,1,10.435
0.991251782510933,1,20.55
0.475911973440723,0.005,17.105
0.989195057520881,1,21.77
0.987078656135259,1,16.195
0.549912553633745,0.01,26.565
0.88613964010357,1,24.675
0.980124345750435,1,87.065
0.545021634613344,0,32.745
0.421544101481051,0.005,24.505
0.218994755148101,0.005,12.125
0.470365388350314,0,2.15
0.420127135365085,0.005,35.535
0.971843447164634,0.995,38.38
0.904328769348116,0.99,28.815
0.559211823958423,0,48.965
0.980799228226641,1,58.66
0.984177283757859,1,41.71
0.579611850240939,0,30.29
0.973679847808985,1,33.33
0.984492596067956,1,20.675
0.989759604209191,1,15.965
0.895418882234138,1,22.77
0.989621168049911,1,20.585
0.987067132068338,1,16.82
0.981047400907597,0.99,13.405
0.989926861278753,1,16.43
0.15330944175788,0.005,14.915
0.512696361148711,0,8.085
0.587695413097729,0.005,26.7
0.58168470258945,0.015,26.495
0.624143399770614,0,26.85
0.981221000497275,0.995,11.97
0.980673327955238,0.995,17.955
0.512986000472488,0,18.945
0.975197977841898,1,33.385
0.974334706094882,0.995,15.365
0.987048783144674,1,13.525
0.513488109608005,0,12.665
0.989245216490829,0.99,7.31
0.273509457083361,0.005,10.525
0.989672877679989,1,18.985
0.374609659678035,0,19.25
0.541146945275979,0.005,7.145
0.919122309447779,1,22.145
0.988077167509066,1,26.365
0.586018976501483,0.01,16.58
0.312534830982667,0.005,13.495
0.519512602526247,0.005,20
0.985042904502863,1,10.58
0.990666714579478,1,22.02
0.979164363482222,1,25.915
0.252026648598658,0.015,17.02
0.98143333496248,1,41.285
0.979473448590101,1,16.91
0.989090860617532,0.995,34.785
0.987577883598923,1,16.47
0.409842851207758,0,11.945
0.447588727065756,0.005,12.63
0.988820351082779,0.995,10.305
0.970656495521844,1,3.475
0.265729263036395,0,3.885
0.462599196874784,0,73
0.908545672856888,1,7.19
0.440249299850676,0,70.615
0.369950412072991,0,13.8
0.355449104882735,0.005,10.285
0.948683459069548,1,41.295
0.183601256586649,0,13.045
0.43279641196452,0,42.16
0.93999688005283,1,22.36
0.92816628673239,1,25.195
0.246916069876598,0,19.77
0.941388100023786,0.995,18.255
0.283887376344945,0,34.55
0.970401331400412,0.995,44.505
0.234722866786739,0,28.765
0.456522928970299,0.005,81.77
0.55661580859507,0,58.84
0.416412378930213,0.005,75.735
0.61185787815005,0.005,60.875
0.976009959433378,1,45.775
0.883249567299817,1,29.605
0.280204262298705,0,35.745
0.95914499290262,0.99,82.96
0.558486982955057,0,37.765
0.143558315213471,0,48.895
0.285915031278631,0,67.89
0.409417926457023,0,85.935
0.956292193009543,1,59.535
0.928457289627411,1,65.74
0.560328812033821,0.005,30.19
0.440099768423741,0,44.82
0.27285501478617,0,47.01
0.248286772509193,0.005,75.66
0.916873472880983,1,35.005
0.937221052292531,1,58.885
0.989255821622072,1,32.83
0.40692758768438,0,34.965
0.245208396833484,0,61.795
0.903352722432515,1,37.69
0.263904797262477,0,30.435
0.57707174137152,0.01,30.71
0.138372142881839,0,50.4
0.478466682893588,0,27.25
0.594674789700266,0,7.55
0.976640710089751,0.99,32.495
0.57914354330985,0,22.215
0.518944659079715,0.01,10.55
0.548872862618891,0.005,16.35
0.593524583860212,0.005,26.14
0.963118144385499,1,21.32
0.910042293956542,1,20.465
0.390941937081254,0,14.475
0.554005699001168,0.01,13.395
0.95546838299967,1,12.21
0.677378301219741,0,31.815
0.564261505413489,0.01,22.975
0.982637783458686,1,37.225
0.599515569639347,0.01,28.66
0.600341191923123,0.005,28.2
0.274827164649048,0.005,11.305
0.984698784572335,1,25.865
0.356670968907065,0,17.48
0.969238298177278,0.99,35.17
0.453469592111768,0.005,43.385
0.509036124037469,0.005,40.72
0.491340277221345,0.01,30.005
0.440966713521351,0,26.525
0.420146768145713,0,14.47
0.338748517114265,0.005,11.905
0.949607959221368,0.985,35.48
0.976310807572217,1,20.455
0.985720753295662,0.995,19.475
0.46349170193188,0,73
0.426228336610342,0,2.935
0.28125017210314,0,34.195
0.495965562153296,0,25.575
0.957327042744617,1,10.91
0.919026656445045,1,19.66
0.923017111181232,1,89
0.265854672410746,0,31.14
0.435631296548417,0,44.53
0.519420098481121,0.005,41.74
0.505993648122918,0,39.88
0.164856964110602,0,28.76
0.272142702100486,0,29.22
0.218422843130252,0,63.095
0.220289601674287,0.01,85.33
0.282904690848437,0,49.725
0.517384391137016,0.005,71.84
0.487146072604258,0.005,42.945
0.202108989776417,0,67.785
0.45516396414185,0,39.55
0.479217766918744,0,60.95
0.277663831805369,0,43.48
0.336504546728353,0,71.94
0.389365753219793,0,63.935
0.277663831805369,0,43.195
0.143356124423134,0,49.495
0.318275227251325,0,43.045
0.533456709655174,0,48.6
0.553853337934931,0,42.395
0.30225743147766,0.005,58.455
0.55330562014917,0,44.465
0.27752868801772,0,42.685
0.319197961228745,0,42.515
0.248830854525309,0,40.17
0.417498094996086,0,28.145
0.500810995448657,0,17.265
0.950515793630675,1,20
0.408525666740619,0,20.04
0.473556924939114,0,14.215
0.551861028283688,0.02,21.015
0.584822688084625,0.01,22.83
0.175847974839983,0,5.855
0.970589934961923,0.99,28.535
0.574000749619817,0,19.955
0.318127800782913,0,11.015
0.979361137001395,1,14.71
0.978011907111202,1,18.405
0.582374216368328,0.005,12.215
0.582953310672585,0,16.855
0.990074137328491,0.995,16.95
0.984730764421371,1,10.885
0.990888959577502,1,17.055
0.974096567160469,1,11.095
0.617698910731554,0,16.75
0.988424278700893,1,19.26
0.618837418222524,0,19.03
0.980284364860164,1,23.37
0.986520841674646,1,25.525
0.943533013546613,1,13.51
0.980771634204199,1,25.21
0.957979633226381,1,20.275
0.917248437330874,1,29.275
0.492073578744728,0,27.43
0.976548735675776,1,42.73
0.470385638788601,0.01,39.82
0.982275508651767,1,69.81
0.982594370269351,0.995,46.99
0.417624689980547,0.005,19.215
0.984997135679651,1,13.13
0.411635248879834,0,20.6
0.980361463174706,1,41.875
0.937152477134217,0.99,15.755
0.981175126310889,0.995,23.87
0.166712551049111,0,40.56
0.98628837850091,0.995,18.325
0.980925372068617,1,26.28
0.38556893520752,0.01,21.905
0.985276831230518,1,4.925
0.463934943908433,0,73
0.883272003520809,1,7.695
0.983721720055767,1,3.82
0.4373558748886,0,65.645
0.921285024419386,0.995,16.095
0.924826728937112,1,10.515
0.303421388686648,0,28.755
0.905819796093948,1,23.16
0.958486953338277,0.995,10.745
0.41963396018681,0.005,38.025
0.240759334885391,0,36.87
0.975757430735825,1,40.715
0.374517300503418,0,48.635
0.946023184749355,1,13.595
0.976352574604974,1,88.165
0.4500207642936,0,75.38
0.144321584143702,0,65.725
0.476234814469418,0.005,69.65
0.139198259499056,0.005,59.62
0.216041624266322,0,77.025
0.559869327639987,0,48.735
0.414430192577249,0,54.27
0.491012246588295,0,59.985
0.4410979647206,0,66.655
0.276682757271488,0,73.78
0.284988025236886,0,52.625
0.972056968371026,1,48.45
0.235443725333802,0,57.13
0.219224098324081,0,52.29
0.442180637715248,0,67.235
0.560529737013558,0,27.1
0.520455312558152,0,49.46
0.943485339369483,1,34.7
0.503448055227769,0,50.165
0.250550141577754,0.005,28.11
0.956697521941032,0.995,35.41
0.275844136052233,0,21.395
0.146004947956147,0,49.995
0.919364426010613,1,45.145
0.925706320272257,1,47.855
0.973739356347801,1,38.035
0.970514709060643,1,40.015
0.988321727807158,1,16.03
0.418531501219928,0,23.58
0.988676503866523,1,15.675
0.984493489677661,0.995,13.535
0.453304842056294,0,9.905
0.986636674144351,1,11.06
0.397268695480839,0,14.705
0.968707721920939,1,17.705
0.364734350327228,0,17.855
0.506383264872115,0,12.785
0.439317941889566,0.005,32.025
0.350448398524906,0,15.01
0.457265087130297,0,15.55
0.58673178660615,0,16.74
0.978419134052755,1,14.19
0.986974571766848,1,13.595
0.973558869389487,1,18.945
0.979953051179999,1,9.695
0.985794830906849,1,25.67
0.559609638558403,0.005,12.545
0.988198220821371,1,17.885
0.979661141952155,1,24.06
0.979412892042941,0.995,32.29
0.251798459120816,0.005,29.785
0.984238405023332,1,83.765
0.398376558329679,0,8.01
0.984294423969049,1,58.735
0.983957931867426,1,62.975
0.966151955890774,1,43.385
0.969822556446378,0.99,50.71
0.558607286570762,0,24.98
0.960889128662364,0.995,25.615
0.978899128268806,1,37.275
0.397310963928937,0.005,13.695
0.987496226053372,1,19.575
0.379291296750173,0.005,2.625
0.288604354551804,0,4.145
0.540055442953496,0,3.025
0.41371349661328,0,9.715
0.238433637260413,0,9.48
0.957252275515604,1,21.605
0.413686148638604,0,37.25
0.235121913053022,0,18.545
0.383715547805827,0.005,68.965
0.366342576740533,0,35.255
0.495540498789168,0,34.295
0.476627194022364,0,41.755
0.274996033765946,0,57.13
0.969601649048628,1,66.46
0.287291780233551,0,66.83
0.533640405519482,0,61.01
0.472340638863653,0,48.93
0.232104799441517,0,36.72
0.401928760926856,0,63.8
0.216828210643845,0,72.72
0.474917915767732,0.005,77.295
0.544161813333944,0,47.27
0.9814283430281,0.995,53.705
0.959789209142642,1,81.63
0.275329833781159,0,46.205
0.408811095436258,0,42.23
0.28591657049833,0,76.655
0.547389943846162,0,59.83
0.248575571324215,0,73.32
0.331283553182975,0,53.75
0.97928366456297,1,42.485
0.280018713032206,0,60.31
0.446040526197694,0,37.77
0.275376804517589,0,27.85
0.917655292494047,1,54.945
0.14547462854971,0,59.515
0.444167776040832,0,38.75
0.227953528468723,0,54
0.98936819367341,1,44.64
0.979294061007188,1,31.25
0.140156062652011,0,55.72
0.152340887432737,0,35.43
0.977043890598773,1,38.58
0.571943298227098,0,46.975
0.444640590288056,0,41.415
0.505703552090582,0,15.43
0.401329021148082,0,19.195
0.558603847812082,0,15.79
0.983597504135731,1,17.75
0.56346799985967,0,10.95
0.574377502277005,0,8.485
0.981286795872344,0.995,17.765
0.530484288621316,0,7.91
0.573115054069638,0,20.415
0.277551382713025,0,9.235
0.342001519820735,0.01,9.13
0.974913905993214,1,31.08
0.985499450466494,1,24.19
0.979802133469853,1,15.915
0.525001065810478,0,24.005
0.983179506323944,1,6.675
0.979427048631618,1,21.685
0.91400415586467,1,29.5
0.455615193050348,0,15.185
0.474051437466715,0.005,20.52
0.589424556047145,0.005,32.775
0.592182310768212,0.005,24.125
0.988507743746938,1,91.015
0.985990307087071,0.995,47.655
0.984709882100226,1,28.72
0.985747079781261,1,13.075
0.984908890202366,1,26.5
0.457345875679818,0.005,36.53
0.165764309551401,0,39.805
0.401513129069998,0,24.87
0.985512496421145,1,7.815
0.985525989959294,1,6.29
0.351182228333129,0,5.525
0.384509290046043,0,2.93
0.925558866034355,1,1.885
0.308913267137468,0.005,4.36
0.457816358470202,0,71.045
0.975420799475632,1,15
0.915338729676942,1,16.465
0.511230147225487,0,15.19
0.239774877095368,0,8.195
0.957356156451114,1,20.585
0.229991873789177,0,41.715
0.974309899751961,1,49.185
0.947850959749143,1,23.01
0.383778783445212,0,37.96
0.984849773297615,1,13.14
0.272922221281474,0,39.825
0.229389874176203,0,30.75
0.943861511604452,1,13.64
0.97427396219506,1,44.56
0.9217470543389,1,80.775
0.149342160710351,0,65.815
0.96893666286976,0.995,59.735
0.279227339476308,0,42.115
0.974188836574683,1,46.485
0.534710937672719,0,48.63
0.366931302962628,0,54.245
0.429278571772516,0.005,53.37
0.147334926915864,0,75.445
0.1486009101134,0,62.86
0.267821183577603,0.005,77.79
0.447659264488059,0,42.31
0.286016358778984,0,80.04
0.279372673127942,0,44.85
0.962212481414106,0.995,76.77
0.938862807232627,0.995,76.25
0.419123575745258,0.005,66.17
0.984813331687342,0.99,65.085
0.239297759483417,0.005,52.315
0.906562234271773,1,31.15
0.296022597094709,0,34.6
0.43666230964309,0,43.755
0.977927748416296,1,49.405
0.510393851008536,0,37.825
0.149350013643743,0,46.755
0.399584187066339,0,30.285
0.474129516425508,0,48.345
0.312049502024811,0,30.45
0.910549385501095,1,54.025
0.424124296825099,0,22.08
0.413975109275232,0,15.47
0.550221712459698,0,14.8
0.551764535487791,0,22.635
0.972971805314731,0.99,17.36
0.203311689590118,0.005,13.77
0.983784995338086,0.995,6.375
0.989352580804391,1,18.945
0.944192354364763,0.995,16.08
0.982093327371921,1,29.11
0.986293193049547,0.995,31.785
0.960719699652334,0.99,9.105
0.56167999097036,0.005,12.045
0.983173553970107,1,35.25
0.971357469572241,1,23.725
0.49069734377566,0.005,31.59
0.984475494438942,0.985,28.31
0.981105884736065,1,52.355
0.356356773543146,0.015,12.74
0.979956536130845,0.99,66.61
0.93921156170169,1,76.705
0.545657096734908,0.005,52.305
0.493354676814941,0,30.54
0.986334900804638,0.985,29.39
0.334718661887181,0.005,33.88
0.89494505338134,0.995,24.77
0.966394751545579,0.995,7.015
0.988353001144557,0.99,36.66
0.340519311452132,0,31.815
0.389303593590701,0.01,17.435
0.210484112360621,0,4.77
0.401373940008176,0.01,3.005
0.957462639572503,0.99,14.875
0.373449001682233,0,37.485
0.306363605807554,0,41.535
0.244341555827653,0.015,39.255
0.914690523127264,1,40.045
0.976282266392339,1,47.48
0.907041121655914,0.995,44.38
0.988241214698411,1,16.405
0.987621120241549,1,17.7
0.98348712580532,1,16.155
0.419556763379044,0,20.55
0.56628119894251,0,19.8
0.956308289147833,0.995,13.185
0.988627212120886,1,23.15
0.968348688044986,1,20.935
0.56413205940262,0,18.42
0.572424018706178,0.01,20.33
0.983899264815953,0.995,11.52
0.521505318767811,0,9.585
0.978565137220155,1,14.135
0.562649110399189,0.005,27.865
0.501281440378302,0,10.81
0.978009307468926,0.995,20.4
0.518985854565395,0,23.245
0.627659555524574,0.01,20.785
0.893222889160006,0.995,25.765
0.901026710628576,1,34.905
0.630727587010328,0.01,26.42
0.467212064860381,0,13.365
0.508108373501858,0.085,29.745
0.526960472276962,0,19.52
0.982169017591014,1,18.49
0.980124859278779,0.995,7.05
0.243508045028298,0.015,6.245
0.208967623932734,0,5.3
0.272726783117298,0,5.34
0.98080984552396,0.99,5.225
0.9756958836635,1,32.805
0.525966004491751,0.01,47.645
0.987376353114641,1,20.63
0.55850490075154,0,20.58
0.989273277817309,0.995,19.765
0.98858760845932,1,24.185
0.563681094173431,0,21.135
0.94446633357843,1,17.33
0.41706592679786,0.005,17.84
0.559532326236249,0,14.825
0.98167856631939,1,15.23
0.988913814410183,1,11.415
0.573164329067014,0.005,14.05
0.477842546381191,0,21.855
0.545147178011151,0.005,10.28
0.383882208933963,0.005,17.46
0.57579304408861,0,17.205
0.99104961203752,1,17.87
0.974299026026961,0.995,13.435
0.978441917706885,0.995,22.295
0.989588640939105,0.99,7.62
0.96206010878253,0.99,15.2
0.960644883981194,1,12.955
0.923119701337119,1,16.68
0.990998469335292,1,16.565
0.984741674291323,0.995,14.71
0.987813524356731,1,14.005
0.977312531543982,0.995,17.08
0.989349407514791,1,10
0.985440129336856,1,25.705
0.563808690281094,0,8.195
0.486435734088014,0,17.63
0.527831079907937,0,15.995
0.981187761813894,1,20.21
0.353133161277038,0,14.37
0.984364967458043,0.995,12.87
0.980562796295336,1,66.635
0.990842201309919,1,15.485
0.552038943014398,0,26.12
0.967393462104006,1,62.38
0.915989717894045,1,27.865
0.989872000408185,1,21.735
0.419111335423509,0,17.51
0.189017366479892,0,36.14
0.424216059174335,0.005,17.215
0.605501480685949,0,19.785
0.986010143840695,0.995,9.715
0.98019073467097,1,4.5
0.447137786799008,0,8.065
0.933442533215337,1,7.825
0.989057013132343,1,24.7
0.312607208390959,0,15.52
0.968848024830948,1,13.965
0.948640861928868,1,18.22
0.955011448988473,1,42.985
0.48622559301445,0.01,30.625
0.91540932055935,0.995,16.885
0.922841813089644,1,24.735
0.919029083253643,1,22.375
0.279958400368303,0,36.465
0.96659606311268,1,68.99
0.527374772985735,0,58.705
0.953923397123629,1,65.16
0.953575763859683,1,77.235
0.94493444205372,1,50.54
0.54784350427435,0,62.645
0.505726690875792,0,65.04
0.943465271316261,1,35.025
0.36888220484909,0,68.96
0.942773914795153,1,65.815
0.238381192674705,0,66.55
0.278938209675518,0.005,45.2
0.970808698532792,0.995,54.18
0.290957028997784,0,70.38
0.945235522871816,1,42.495
0.933567085798662,1,41.745
0.272941334811385,0,46.755
0.96242732332987,1,75.625
0.380923641079093,0,57.045
0.399910091503836,0,39.18
0.974010337181901,1,28.325
0.419588329281967,0,52.36
0.965258897124206,0.995,33.175
0.941684760605537,1,31.68
0.446878066638733,0,49.46
0.412341775365287,0,23.78
0.895387099743521,1,41.54
0.249530166713426,0,25.94
0.250674293994693,0,29.04
0.941952239586157,0.995,59.325
0.140188658420126,0,45.38
0.195103912124601,0,36.33
0.435997821031719,0,37.625
0.516062474639656,0,15.39
0.496071058406083,0,20.41
0.418738891580216,0,26.22
0.937027042453679,0.995,25.835
0.990318168188315,0.995,20.795
0.990316997257243,1,26.88
0.395952966963337,0.005,12.8
0.987504430751027,0.995,15.105
0.579916820757273,0,23.665
0.977514431079303,1,16.305
0.942967497812956,1,6.4
0.972832684315989,1,30.73
0.950904135332815,1,22.65
0.98414994937648,0.995,16.05
0.973026370871107,1,29.56
0.977782382294605,0.995,17.75
0.955593382745629,1,13.585
0.464963436034859,0.01,22.415
0.582626265400033,0.005,14.395
0.932231708061405,1,13.395
0.526604341239971,0,16.75
0.412743153942595,0,30.25
0.497382722970428,0.005,23.72
0.981415578217831,1,31.905
0.966790105820293,1,68.46
0.986175700616287,1,30.28
0.988811676750028,1,63.945
0.979664360034392,1,85.2
0.97881782019023,1,47.87
0.970536069912274,0.995,11.2
0.980526718542611,1,27.675
0.464233651368536,0,20.7
0.558055146279784,0.005,13.47
0.915781403192873,0.975,16.47
0.169120574982224,0.005,41.705
0.971559713777798,1,15.455
0.987008610836135,1,17.03
0.206349550673055,0,3.995
0.378471206019722,0,6.345
0.454419262128039,0,68.065
0.987656161627103,1,3.145
0.902681394550708,1,18.85
0.525718246481401,0,23.46
0.414343839913795,0,35.595
0.949995832131536,1,17.45
0.924659383915273,1,88.72
0.48292630035749,0.005,39.63
0.494708391769239,0,32.845
0.218062957394719,0,58.89
0.236471988795652,0,58.9
0.141062873814105,0,64.575
0.974478362121372,1,50.06
0.341998424357527,0,73.9
0.255265554549126,0,38.85
0.403765566269923,0,65.845
0.537524175458305,0,67.845
0.334429474378597,0,55.05
0.289609160964518,0,65.67
0.294731749138254,0,36.965
0.344993446075314,0.01,76.985
0.415827612957419,0,60.59
0.368873518030667,0.005,76.88
0.287107768300582,0.005,79.45
0.277833525904567,0,43.635
0.519014124439143,0,60.43
0.517323044289047,0,53.105
0.277852191606145,0,43.58
0.91602203333959,1,40.575
0.554637233841346,0,51.895
0.441962880035031,0,48.75
0.970257535499289,1,40.05
0.142858004370198,0,58.67
0.289391186660226,0,44.24
0.547074357705877,0,46.17
0.138184832641035,0,51.635
0.30984092040696,0,34.27
0.98772320584977,1,36.83
0.431034513890253,0,36.765
0.469199449356927,0,47.44
0.925306121280472,0.995,45.265
0.278430426805376,0,32.665
0.922670818860849,0.995,14.855
0.95579975642975,1,12.49
0.193027066737478,0,22.99
0.358078858775952,0,26.605
0.990022958924141,0.995,19.59
0.971927499771243,1,33.135
0.482253783043003,0,10.42
0.97338648287843,1,9.17
0.194479979269033,0,12.985
0.500304886793256,0,9.995
0.52074969188879,0,10.49
0.32632185479787,0,10.56
0.97380063412515,1,10.095
0.631064450974785,0,19.39
0.592670490611079,0,19.395
0.574331618164742,0.005,17.25
0.98403830056717,1,24.25
0.279668764510816,0,23.48
0.942247998616214,1,29.34
0.988405756461208,1,14.61
0.983197503196324,1,56.385
0.253899578325242,0.005,9.915
0.985843917918643,1,17.69
0.9812062010297,0.995,36.565
0.985358243720494,1,17.03
0.989089848580669,0.99,20.97
0.950058852898144,1,24.765
0.514437934723646,0.025,55.59
0.383056739706518,0.005,8.46
0.975588590221617,1,28.895
0.925889206506611,0.995,15.905
0.891878497938606,0.995,23.52
0.983524768636552,0.995,35.73
0.483245327365925,0.005,42.26
0.978289016377777,1,31.73
0.918705031463569,0.995,19.19
0.986824916162134,1,23.225
0.303321905400183,0.005,7.63
0.315387736526418,0.04,7.32
0.98345348565916,1,6.475
0.987160403344104,1,4.005
0.535378612962002,0,3.92
0.441179736221976,0,7.785
0.981752429667372,1,3.8
0.319670727528205,0,7.365
0.362063255728281,0,62.635
0.347302865558576,0,24.41
0.41321226510093,0,29
0.363307547856937,0,36.77
0.982390457481663,1,41.545
0.928967984785683,1,88.64
0.233083231265383,0,33.94
0.521757702965683,0,36.545
0.912951585027602,1,24.84
0.943543870071429,0.995,77.45
0.972622226537088,1,38.67
0.935468150808569,1,33.13
0.27517323558996,0,40.165
0.96783078510056,1,64.855
0.468711050131708,0,56.925
0.438518549921744,0,67.335
0.445909497770079,0,46.475
0.144321584143702,0,63.43
0.941652603783665,0.995,82.25
0.216274443806021,0,80.12
0.471088669388533,0.005,66.415
0.221003512804369,0,83.475
0.320789703658749,0,72.34
0.922040345322601,1,21.84
0.562770146917116,0,59.035
0.317571518950845,0,26.495
0.268248305783801,0,54.78
0.525152102304764,0,81.64
0.445425330430566,0,44.175
0.97042145801057,0.99,65.905
0.980215216562235,1,66.89
0.44140843556135,0,59.14
0.926026871127276,1,55.115
0.554066688819555,0,50.595
0.429423955031392,0,36.38
0.23554683767806,0,47.875
0.154000368900677,0,46.09
0.152892703318572,0,49.855
0.261873828619104,0,40.725
0.469265038451443,0.005,57.85
0.513596306008212,0,53.59
0.536915942225736,0,47.665
0.432212284221449,0,41.555
0.509028648282202,0,14.675
0.413763744567173,0,30.72
0.151582053373549,0,27.665
0.55766288074841,0,16.835
0.973738078335996,0.995,22.64
0.44563410669344,0,23.84
0.272314397821534,0,19.87
0.358154055042919,0,21.15
0.993604897845891,1,13.19
0.183334790104088,0.005,12.595
0.549251169298419,0,17.91
0.983308310129725,1,10.835
0.973509752147997,0.995,13.76
0.986019352381048,0.99,14.735
0.977154416557614,0.985,16.645
0.98816720803222,1,21.075
0.987980500630649,1,20.19
0.923696612425034,1,20.505
0.446464111597159,0,12.985
0.504912900293489,0.01,30.205
0.530157405629699,0.01,24.035
0.164480709913818,0.01,13.88
0.977747812630772,0.99,63.995
0.980961513152105,1,59.805
0.596296383290877,0.01,48.42
0.977244281557411,1,49.06
0.332074818137353,0,17.125
0.977897491496584,1,31.045
0.377055587079512,0,25.825
0.286993483971558,0.005,4.375
0.967678006613512,0.99,26.265
0.221828546641225,0.01,24.495
0.912554121042884,1,24.44
0.522508358447956,0.005,16.655
0.983839366851,0.995,21.045
0.988181866949692,0.98,30.905
0.983587530743523,1,22.455
0.30281075103108,0.015,9.225
0.984968607275279,0.995,16.11
0.203791389123919,0,5.56
0.411403910011719,0,3.11
0.985442455585528,1,4.515
0.372012045507928,0,61.495
0.284364912820197,0,19.68
0.926511217409903,1,8.115
0.476933011652913,0,42.18
0.265288079960797,0,27.44
0.269843000075387,0,31.26
0.234298057475349,0,17.245
0.434269709098394,0,35.645
0.936131017155763,0.995,87.78
0.553918262864236,0.01,44.395
0.320908237153603,0,33.335
0.505939325629312,0,25.985
0.235334261356175,0,29.6
0.980277544727124,0.99,68.5
0.50159831474695,0,39.015
0.217688693563643,0,67.515
0.96428131226758,1,78.245
0.364384170842158,0,69.915
0.510196007012282,0,63.93
0.247120468240599,0,62.065
0.144451580860857,0,67.155
0.144034261604904,0,66.285
0.969261266981791,1,53.595
0.464526683427527,0.005,76.335
0.294275450509981,0,64.645
0.974405595876974,1,46
0.328617718635277,0,56.93
0.282724592137962,0,46
0.981869579662108,1,48.825
0.27614897393908,0,26.33
0.367564206153546,0,28.825
0.517897647409546,0,69.405
0.282974129883749,0,52.195
0.547465940682691,0,56.965
0.462541342684006,0,48.14
0.98636865655531,0.995,27.565
0.970178549084079,1,37.22
0.985918466751501,0.99,51.25
0.973847598274253,1,47.295
0.901726968692409,1,39.805
0.548266594357138,0,39.725
0.952491790198989,1,26.79
0.260956077255721,0,50.99
0.965052151941675,1,29.88
0.980100524593409,1,20.47
0.560869293652674,0,11.795
0.385905192574551,0,15.635
0.364217485534894,0,25.305
0.383558019953404,0,19.695
0.542588241303891,0.005,14.35
0.975023796757171,0.995,21.095
0.298821041991086,0.005,16.815
0.19650313111123,0,10.055
0.987623341318257,0.995,14.925
0.391272461518866,0.015,10.215
0.974175688124529,1,22.075
0.477013932821639,0,23.325
0.323680254568094,0,14.235
0.988710590023378,0.99,25.44
0.952050667609166,1,16.025
0.918015858856975,1,23.845
0.979659270366168,1,33.63
0.980400751200889,1,67.48
0.548220610024364,0,52.33
0.981240619243776,0.99,73.9
0.531483627055583,0.015,46.365
0.453537363855782,0.02,28.87
0.942037592544774,0.995,17.185
0.986159906305672,1,24.14
0.988113335028382,1,24.95
0.985681116499322,0.995,13.82
0.340911501643794,0,8.04
0.891165269785674,1,25.125
0.18775419647667,0.005,28.045
0.980884942334949,0.99,34.47
0.217192493615786,0,11.195
0.980323854587649,1,12.02
0.422820125313663,0.005,3.455
0.435080976331575,0,58.815
0.235600351446629,0.005,17.395
0.317184750799905,0.005,9.105
0.914691507524873,1,9.405
0.942932808320895,1,7.215
0.448408879657172,0,19.36
0.289097750432573,0,19.69
0.938012753672061,1,82.83
0.931956326746601,1,29.63
0.267386330574082,0,45.605
0.430261695916078,0.005,35.85
0.975891868228324,0.985,23.535
0.26898947863323,0,38.365
0.168574914977064,0,58.86
0.971473200611384,1,71.125
0.941012573217591,1,66.175
0.191159895804041,0,66.575
0.962073104427604,0.995,90.865
0.475615961107467,0,54.64
0.530597996254905,0.005,77.24
0.523643406118044,0,57.245
0.5326702170654,0,56.595
0.14806754316399,0,56.625
0.296185882392811,0,54.73
0.565118336350493,0,83.585
0.959397485172998,1,76.805
0.279112682181051,0,42.21
0.288326867531279,0,30.045
0.279038873112729,0,48.09
0.142280277643424,0,69.04
0.48461221799885,0,48.855
0.279038873112729,0,56.68
0.314593828519905,0,43.075
0.906419367268817,0.995,43.555
0.905805113868822,1,43.365
0.986620023932379,1,28.795
0.927711797078806,1,47.075
0.436225816363517,0,36.035
0.404921097157187,0,60.68
0.97409027504464,1,25.5
0.973963023462711,1,28.77
0.904584683998703,1,46.75
0.161278145657443,0,39.45
0.527624236340431,0,32.905
0.574521064811074,0,23.295
0.415537789232083,0,18.36
0.406171286932,0,17.71
0.38483855593472,0,15.835
0.166496724936178,0,19.785
0.208927048517321,0,16.56
0.972613999362365,1,18.925
0.576161011544801,0,16.85
0.510581236022847,0,18.91
0.517867443244353,0.005,6.85
0.969432240693495,1,19.985
0.961481957276781,1,13.08
0.533698234843782,0.005,11.405
0.293630788593502,0,19.085
0.279319082157199,0.005,10.15
0.325949244699999,0.005,8.05
0.949783735003266,0.995,10.66
0.369195820372359,0.01,14.1
0.475529410461277,0,16.71
0.620411025149144,0.01,26.055
0.979579878531009,1,34.745
0.631162811862772,0,21.45
0.52867967704822,0.005,19.275
0.43372066500646,0.005,15.865
0.920971730142862,1,51.145
0.899734403001707,0.99,21.97
0.977323800804443,0.985,36.665
0.537683767354888,0,31.315
0.328259970100765,0.005,34.575
0.990434375859918,0.995,16.145
0.980993562659309,1,29.405
0.990280990186381,0.995,30.69
0.122853281395159,0,41.955
0.159916987197956,0.005,20.915
0.991145041411229,0.995,16.96
0.984512692654502,1,18.625
0.351234539861961,0,11.805
0.386183044527198,0,21.21
0.984993044004907,0.995,5.69
0.404575266508173,0.005,2.155
0.985042699779427,1,1.645
0.52712822601199,0.015,1.665
0.980182744429026,1,20.09
0.982022311581606,1,29.44
0.374300662444935,0,65.765
0.986985537232126,1,12.165
0.976003888694547,0.995,43.625
0.551440552171187,0,52.26
0.431550820722547,0.015,20.26
0.367628275368984,0,62.5
0.572792286472909,0,30.065
0.320763205210902,0,40.345
0.536891219395969,0,32.335
0.329219669690491,0,39.935
0.989115726253869,1,20.77
0.975907523085788,1,29.23
0.990364677489964,1,18.265
0.282809169694379,0.005,22.16
0.574233386941029,0.005,16.995
0.987460001257785,0.985,15.375
0.347301962024584,0,17.675
0.97815414907579,1,20.86
0.535806337940718,0,14.63
0.874781484394026,1,13.345
0.41887794696375,0,20.565
0.38939622773917,0,16.13
0.575890334370341,0.005,21.995
0.45596316564711,0.01,13.88
0.984298921409973,1,13.49
0.981977410267023,1,9.16
0.990237912072781,1,17.745
0.978654030431852,1,9.94
0.9310612709954,1,15.415
0.983730697122701,0.985,37.55
0.987642060236032,0.995,30.655
0.959125503019723,1,77.28
0.518173411941344,0.01,20.82
0.370997056867256,0.005,33.705
0.43474034644306,0,10.295
0.981239274768198,0.975,8.745
0.983576220327377,0.99,3.365
0.984933245752306,0.995,3.49
0.981353551842319,0.995,5.89
0.260183319593662,0.005,5.825
0.942564984477339,0.985,2.42
0.446017015486286,0,15.505
0.493937910822884,0,34.885
0.321498047130009,0,24.415
0.557190596764076,0,28.42
0.951889446922924,1,84.615
0.913686082205795,0.995,35.71
0.920867897536086,1,29.24
0.980555344751401,1,32.15
0.987692706161551,1,23.75
0.98968329817082,1,16.105
0.986066362337224,0.995,18.925
0.983099006437447,1,21.315
0.584759689538523,0.005,9.965
0.97054583056653,0.995,21.405
0.972976144791916,0.995,22.095
0.985367692639147,0.99,32.565
0.898237557455769,1,14.65
0.963062637829223,0.995,16.71
0.973764824427929,1,14.165
0.389285984624431,0,16.37
0.499481519200182,0,8.515
0.581823257956662,0.005,28.39
0.995199164274923,1,15.895
0.981351990371749,1,20.06
0.915515511539426,0.995,20.275
0.318334007645757,0,14.115
0.988226367465505,1,18.315
0.478110829133831,0.005,11.57
0.892235278252261,1,22.38
0.991378806760492,1,15.115
0.513615870879349,0,12.88
0.580158792294077,0,17.74
0.989828000942224,1,27.42
0.629800473446085,0.005,26.385
0.987653898631875,1,22.33
0.984242333354469,1,18.02
0.986212470767774,1,31.755
0.986743274201004,1,20.775
0.97996364943801,1,13.355
0.932423397564153,0.995,17.97
0.98131485910016,0.995,81.37
0.506370937308814,0.005,50.35
0.968131337291989,0.995,41.07
0.989038037389,0.995,25.465
0.990578533129074,1,21.15
0.44528557429043,0.01,18.05
0.990258488153684,1,13.2
0.52342746869967,0.01,21.94
0.985445687816972,1,4.385
0.979629091691916,1,16.615
0.21372738075116,0.005,5.775
0.257606983421814,0,61.795
0.983861394941248,1,17.75
0.34075168402279,0,62.07
0.393807806830302,0,14.03
0.99114304376926,1,26.675
0.936356092670815,1,23.985
0.556577294476156,0.01,43.825
0.950566515293195,0.995,62.745
0.291715856114211,0,22.89
0.969946627484591,1,36.195
0.488606099512437,0.005,28.41
0.525273016420798,0,37.015
0.543890519293693,0.01,81.91
0.291028979049105,0,59.92
0.932514826233518,1,74.525
0.968075298240933,1,47.76
0.218810486643311,0,57.735
0.970706392786008,1,68.11
0.585838321657821,0,71.405
0.931955571907958,0.995,75.77
0.956305947852284,1,78.52
0.54327901321038,0.005,65.165
0.369627397835279,0,36.31
0.481309829420995,0,54.705
0.146712442689775,0,83.075
0.444112010686019,0,62.84
0.557757150263642,0,44.53
0.245645713085951,0,75.15
0.357070102429873,0.005,73.465
0.460698613498761,0,46.165
0.896651669686577,1,28.165
0.248746149974654,0,83.505
0.142750769926462,0,49.69
0.985483470802829,0.995,46.475
0.94665161401784,1,61.905
0.958725199032178,0.995,76.465
0.45168073620323,0,37.655
0.975050739331049,1,43.825
0.915205922120054,1,35.645
0.240669884944101,0,36.575
0.320371750262258,0,37.525
0.991633682957518,1,45.095
0.405261328849589,0.005,60.44
0.297516324720726,0,30.735
0.280756794256313,0,24.185
0.40280404559494,0,28.18
0.398133685750441,0,32.93
0.293191566653652,0,15.48
0.974951978400432,1,22.355
0.907035558992365,1,24.235
0.969792943003053,0.99,11
0.971195734018516,0.995,19.635
0.399185195739703,0.005,16.695
0.989266958899932,1,10.215
0.568193861149517,0,18.41
0.30037087018655,0.01,12.955
0.959727865483311,0.995,13.83
0.989219471517634,0.995,14.06
0.973313377075544,1,11.985
0.983297378243855,1,8.295
0.961022396341806,1,18.245
0.96880917102269,0.985,13.135
0.976983000042041,1,32.375
0.554836202930337,0,13.43
0.923473927857553,1,18.435
0.93240930309217,1,7.955
0.920396988407887,1,18.27
0.656099106024341,0,24.195
0.56264926545347,0,31.7
0.981368473307457,1,32.365
0.983309876632087,1,36.31
0.98379232074877,1,22.1
0.922787850303159,1,80.44
0.986664323044419,1,71.455
0.977930845924619,1,50.245
0.922307912770171,1,70.59
0.358984531893863,0.005,24.025
0.984311777489337,1,20.885
0.451969630732876,0,13.815
0.974090012224926,1,10.095
0.272754542068249,0,10.27
0.166909037871149,0,41.925
0.982116893823675,0.99,25.51
0.989099934534828,1,22.925
0.984010747621966,1,23.325
0.276845224941532,0.005,5.35
0.99072448211939,1,13.31
0.950053967496382,0.995,3.385
0.259670958673249,0,16.16
0.235971587019953,0,56.39
0.367935909884223,0,18.44
0.408188256913437,0,20.135
0.503603543005049,0,24.39
0.339766006916151,0,47.425
0.927990301795374,0.995,88.72
0.97166953279226,1,27.82
0.976886306641739,1,38.4
0.463907860931223,0.015,79.995
0.515545573040167,0,34.79
0.322859123166577,0,57.2
0.163936857515242,0,51.08
0.441441561587656,0,60.02
0.476208029669638,0,67.765
0.377078399079019,0,42.605
0.391774015855557,0,56.18
0.410081138023283,0.005,84.395
0.271186765189045,0,34.27
0.965418866110465,1,67.205
0.938326142375211,1,76.595
0.305051477661363,0,27.56
0.546508106955604,0,60.94
0.941717944583076,0.995,66.545
0.481633833702092,0,59.03
0.462126830012901,0,42.695
0.375406585255334,0,26.83
0.927876467039268,0.995,80.89
0.315800187017875,0,47.2
0.278025936855434,0,27.575
0.146719980409287,0,46.375
0.920371052156787,1,38.655
0.138052022149833,0,58.5
0.223039039599155,0,46.87
0.422871394250449,0,40.04
0.520828929693886,0,46.645
0.247741641408729,0,49.96
0.574743875715308,0,48.005
0.142418944058035,0,56.615
0.916162629355299,1,40.22
0.435712794425,0,30.54
0.530665491107595,0,21.485
0.381140063829027,0,16.77
0.157710073791919,0,21.25
0.49612236549376,0,20.355
0.538562167218118,0,21.24
0.454681581870966,0,17.41
0.511634302665554,0,5.56
0.982551868672437,1,15.195
0.581941791273346,0,10.295
0.972322839410145,1,13.035
0.984645016545582,1,8.465
0.945671272955033,1,18.735
0.968363013076762,1,11.185
0.978356443196335,1,13.655
0.219450676147255,0,20.19
0.54209580893684,0.015,25.235
0.985887507671039,1,28.81
0.984366256591124,1,27.635
0.975562795028861,0.995,41.15
0.281202691106296,0.005,7.74
0.98322906659253,1,40.585
0.567041473327141,0.015,60.645
0.391978188329331,0,15.12
0.985420854274,1,33.4
0.989427135622696,1,78.02
0.982318151488545,1,14.315
0.971513694347853,1,23.33
0.470886226973945,0,34.42
0.48427345752344,0,29.28
0.57287695494248,0.005,31.04
0.425708816232368,0.005,14.19
0.983496005653568,0.995,27.735
0.981253557600664,0.995,24.455
0.427724152093483,0,14.545
0.988641027474158,1,22.325
0.270178777440639,0,18.44
0.98457462352936,1,12.655
0.288659214959182,0.005,7.845
0.986035466137567,1,12.405
0.989945849370895,1,11.99
0.282742332265565,0.01,3.58
0.529373326659438,0,6.78
0.982344317491081,1,2.145
0.231676873472034,0,4.155
0.983302837586201,1,34.84
0.269128271723239,0,16.805
0.977636951378113,1,13.66
0.978928535789081,1,18.06
0.514471547292905,0.005,17.98
0.979254540271772,1,19.19
0.952109336026406,1,70.24
0.976531219153637,1,38.685
0.984370425727196,1,34.27
0.972200613633042,1,40.85
0.983509304875501,0.995,65.07
0.971859067820681,1,48.45
0.585009145238709,0.01,75.12
0.318019959224727,0,40.43
0.452241507067513,0,80.51
0.255381812117058,0.01,56.395
0.394194934700661,0,42.845
0.971884949885077,0.99,75.165
0.236708682956468,0,45.655
0.144364944681569,0,63.865
0.968208464115452,1,76.275
0.972461420211189,1,31.14
0.171687529208003,0,63.285
0.157820932319629,0,88.285
0.341449706043644,0,71.975
0.973323566666919,1,41.935
0.936410417434518,0.985,82.8
0.227536222755276,0,38.76
0.98023202352033,1,40.87
0.984130439630053,1,29.125
0.579542496794597,0.005,41.82
0.305449862995116,0,51.315
0.974338938709765,1,38.77
0.970204141345797,1,36.595
0.943600002061829,1,36.54
0.254679711979604,0,41.34
0.97837831784612,1,34.235
0.252519473462159,0.005,30.695
0.249494075872206,0,28.655
0.977836009096922,1,11.75
0.3922408951043,0,13.87
0.407300138082169,0,10.905
0.401795043934063,0,15.27
0.385796592300953,0,21.145
0.979247783850223,1,10.475
0.33835332001893,0.005,14.745
0.989354996543538,0.995,19.78
0.916687981286931,0.995,8.28
0.323813046847656,0.01,16.115
0.425036310387883,0.005,11.335
0.973773740761584,1,25.61
0.449220671009656,0,10.915
0.983796004006822,1,11.75
0.438302438956594,0.015,13.715
0.978973544180019,1,13.02
0.449285517074348,0,14.065
0.958994528297514,1,32.35
0.975211070794962,0.995,33.395
0.560214114388877,0.005,40.145
0.570067138926472,0,45.485
0.557509053958739,0.02,74.28
0.583374983189629,0,47.01
0.578915140595835,0.01,42.6
0.298867516179876,0,16.84
0.595511027743261,0.01,59.79
0.418955092852759,0.01,13.055
0.351415930575507,0,18.055
0.464174218999667,0,22.775
0.972503333165176,0.995,18.815
0.541498343521434,0,38.86
0.408346460752308,0,18.745
0.463456475761063,0,15.955
0.417106835576781,0.005,29.25
0.462074129240868,0.005,30.535
0.978264683640282,0.995,26.39
0.402883110007784,0.025,19.725
0.34837211799508,0.025,22.39
0.376131181157337,0.01,12.625
0.384821733239136,0.005,12.115
0.365655334597853,0,7.77
0.36001653996505,0,8.72
0.975217045326923,0.98,12.875
0.965636541903989,1,4.945
0.295994587178675,0.015,7.09
0.970534455582974,0.99,2.71
0.941604076963302,0.99,4.325
0.984631732060881,0.995,39.28
0.260601339094156,0.005,67.51
0.986717536656377,0.995,45.33
0.93792512522685,1,41.225
0.498642516133129,0.005,21.155
0.405582614778997,0,35.385
0.497749874674467,0,15.11
0.945180834803276,1,71.8
0.928493073652383,0.995,36.23
0.267368614164077,0,29.535
0.94758296481196,1,55.47
0.28607549423003,0,74.255
0.375492134322555,0.005,64.685
0.981631825675515,0.985,57.48
0.160737565577661,0.005,84.84
0.979297394527617,0.995,78.815
0.919652875941152,1,46.535
0.397555954025308,0.005,81.74
0.48320243044415,0,69.27
0.895055791874399,1,32.81
0.982121180309964,0.99,63.31
0.304151932847977,0,58.63
0.936067939338297,1,46.555
0.933866298242835,1,50.4
0.967667695455405,0.995,45.095
0.96583085031103,1,44.345
0.273615068179303,0,48.96
0.957537104892526,1,46.955
0.309254021392333,0,52.635
0.921617667366681,0.995,43.505
0.348569683384268,0,49.5
0.259732239140353,0.005,41.105
0.25229925290456,0.005,17.885
0.415775672217658,0,32.565
0.448655582228893,0.005,13.51
0.319715955545497,0,19.925
0.427110878310807,0,14.47
0.978313353885309,0.99,15.155
0.396464941018968,0,14.675
0.211507132516699,0,20.43
0.370288681725637,0,20
0.39884449517053,0,15.63
0.96312940245747,0.99,6.64
0.526514760597902,0,13.15
0.28709879013509,0.005,12.58
0.377382530155842,0,10.245
0.509342942428153,0.015,5.72
0.355091060528249,0.01,10.395
0.469751989146024,0.025,10.46
0.909942331896728,1,14.39
0.919951683977167,0.985,21.255
0.969226486178926,1,21.7
0.359733378255866,0.04,29.37
0.980018991004706,0.99,19.51
0.339739996634542,0.005,12.805
0.268626259629806,0.02,17.84
0.965396116169155,0.995,17.19
0.434827618734268,0,36.755
0.434456599407555,0.01,34.63
0.171247771934513,0.01,31.705
0.961465623012663,0.98,11.595
0.979521475451156,1,40.45
0.477417063177048,0.005,27.83
0.977283460017655,1,32.615
0.987425467653376,0.995,43.25
0.233114020000865,0,65.48
0.961532383624183,1,56.08
0.536109603191903,0,68.01
0.408805336901655,0,50.855
0.314231862739264,0,46.51
0.301098737420444,0.005,45.89
0.235931923797219,0,58.02
0.473185046967063,0,68.96
0.284617527749251,0,68.21
0.277278156746494,0,83.12
0.391074170895922,0,84.69
0.365363933039961,0,52.675
0.283919280532,0,47.965
0.959018852295082,1,26.83
0.23550585193539,0,55.715
0.437520928915227,0,31.78
0.372852196951302,0,43.11
0.326789673839676,0,34.63
0.144884607826688,0,45.57
0.920282171787119,1,33.685
0.36803625636799,0.005,43.1
0.323646381604019,0,22.415
0.96135835756379,1,24.105
0.359919096542651,0,30.82
0.961619159158788,1,21.385
0.163140184453155,0,20.49
0.357002312998333,0,14.235
0.966477837668864,0.99,11.415
0.983908249948997,1,16.685
0.450411230401598,0.005,17.845
0.35896057539979,0,13.21
0.93199523965453,0.995,20.065
0.208246085215795,0,14.15
0.961675642011647,0.995,10.955
0.307662937639896,0.015,16.435
0.960034012110676,1,16.875
0.982082304587602,1,11.665
0.341141752621388,0,11.005
0.384227195096086,0.035,24.225
0.551440247857271,0.01,25.455
0.512531044474639,0.015,29.96
0.440522159433991,0.01,34.69
0.118680571995147,0.005,42.065
0.477480187868379,0,11.995
0.478704213710522,0.01,34.215
0.992910902635862,0.98,34.3
0.36097913150237,0.005,44.605
0.346790764847265,0,31.77
0.242879651607828,0.01,21.55
0.391105344078005,0,14.09
0.574246231480931,0,18.355
0.340864552843166,0,26.63
0.418139761408155,0,16.525
0.423303714972513,0.005,16.56
0.525895429495459,0,19.325
0.39536953081529,0.005,11.23
0.395052602404667,0,10.46
0.444285062500359,0.005,9.79
0.353785677145797,0,10.76
0.461075672288623,0,6.4
0.363735499352364,0,11.73
0.481771708620993,0,15.035
0.346831194399923,0.04,25.31
0.451651705221032,0,1.5
0.351567805291963,0.005,42.31
0.643589874856687,0,36.23
0.989308889207641,1,18.93
0.397038704109646,0,21.63
0.425479709751754,0,18.16
0.423101603793145,0,16.87
0.382802117397101,0.005,17.76
0.548784045357977,0.005,19.82
0.995006565048915,1,21.155
0.337766931148765,0.015,12.28
0.37770980068138,0,11.145
0.404204231490429,0.005,24.01
0.512589460746124,0.01,13.235
0.903185071490824,0.975,68.245
0.589143271688156,0.01,31.925
0.978193707787213,0.97,23.99
0.50104383447686,0.005,36.54
0.908518887070707,0.985,43.675
0.545833244790476,0.01,32.11
0.861159800617905,0.99,22.825
0.273265529699004,0.005,9.785
0.380539125509573,0.005,10.085
0.942375210686378,0.995,33.835
0.52861374683171,0.005,23.18
0.269363192808325,0,35.14
0.989187801279815,1,36.975
0.983453381594967,0.995,34.28
0.966801943047464,0.995,73.64
0.584147240014787,0.015,58.3
0.445194909810792,0,65.505
0.279374563197277,0,36.425
0.961775973782031,1,33.485
0.937128020928449,0.995,40.48
0.636909703095556,0.01,51.805
0.517188246616135,0,33.54
0.926698820759037,1,39.65
0.623439041093172,0.01,55.63
0.489749484218245,0,33.5
0.505660246527447,0,34.51
0.445185826699135,0,36.89
0.365874381889905,0,44.205
0.263511904292898,0,38.87
0.923175836806436,0.995,31.165
0.954619351172856,0.985,47.345
0.248403663092933,0,56.48
0.143689949995159,0.005,55.6
0.339623984259191,0.005,51.41
0.312892416422471,0,42.005
0.286999705546846,0,23.375
0.973419072197552,0.995,12.285
0.209729621975303,0,15.225
0.293981022835532,0,24.92
0.249503917974331,0,22.595
0.482955424571854,0.01,16.425
0.450197565875851,0,17.01
0.441863741868739,0,17.43
0.367636135613094,0,10.61
0.472696954312156,0,17.155
0.154160909368516,0,21.73
0.624990760366042,0.025,19.825
0.414662992381959,0.005,7.55
0.36177909142006,0,10.975
0.336747617004329,0,17.96
0.162448481136837,0.005,20.485
0.345371845576602,0,22.67
0.363434843384734,0,16.22
0.353900924686226,0,20.82
0.568177445640997,0.005,10.125
0.567241298446719,0.03,11.11
0.949844520039413,0.98,13.63
0.37100194804934,0.025,19.71
0.426835188954955,0.005,28.375
0.957809506430136,0.995,32.555
0.40583022761571,0.005,15.785
0.393778602894426,0,8.065
0.433669304411996,0.045,24.05
0.34723698991777,0,19.845
0.447353403678337,0.025,31.315
0.980380430344655,0.995,16.485
0.428348602590851,0.01,11.03
0.421003231656775,0,16.2
0.430273643089998,0,19.585
0.987134524184273,0.995,6.945
0.204579422018962,0,3.42
0.941367689967938,1,10.595
0.37590553768679,0,49.02
0.26417424947161,0,35.93
0.541119551679567,0,81.33
0.977460615614356,0.995,82.695
0.526718654096715,0,67
0.281113256527672,0,41.6
0.321412901262631,0.005,53.195
0.532666195186312,0.015,48.295
0.640077633490213,0.005,39.45
0.974231808772742,1,43.565
0.275798107778512,0,32.7
0.39664480350906,0,31.955
0.143267074251147,0,59.29
0.91393233858485,0.995,54.67
0.970231874064293,0.995,34.625
0.422612843550603,0.005,52.065
0.239385613832238,0,58.57
0.277190968502533,0,37.74
0.402253257088061,0,39.915
0.261903369385823,0,46.98
0.969859483325148,0.995,37.87
0.368843916043899,0,55.405
0.896810631115319,1,39.14
0.481726077919538,0,14.68
0.434047705630592,0,17.96
0.279073597022285,0,22.265
0.435345422841728,0,20.565
0.31997715093697,0,23.285
0.364166896351979,0.005,14.465
0.259753744021685,0,22.345
0.293094738348174,0,16.855
0.922041134967412,1,10.185
0.437573262655182,0,6.785
0.49397601957356,0.005,14.67
0.947394856421652,1,10.385
0.402894470575892,0.005,11.515
0.967579974008386,1,5.355
0.326167184360421,0,8.73
0.194867800012623,0,23.44
0.571266377503889,0,11.655
0.382174190701548,0,17.475
0.358876396601861,0,18.51
0.236809565036069,0.015,21.61
0.978533325212929,1,16
0.53202398447282,0,12.02
0.96813231904575,0.995,8.735
0.248990310532717,0,11.72
0.952220562443907,1,31.305
0.972821583491693,1,20.545
0.391060669026437,0,22.03
0.984421549309139,1,27.645
0.459265159995857,0.01,24.63
0.97948352933941,1,18.715
0.930801890280263,0.985,13.48
0.66980575636908,0,18.84
0.495842190490788,0,35.775
0.239581599781238,0,42.63
0.509212016827148,0.005,68.14
0.423075642074599,0,57.31
0.358078153395946,0.005,58.81
0.378189581932782,0.005,58.165
0.973005377998693,0.99,55.3
0.299210320760499,0,49.15
0.387342814019865,0,44.48
0.274639253706249,0,32.27
0.413475091661794,0,58.695
0.313229372202752,0,51.63
0.304986309227502,0,33.99
0.571486088891439,0.015,44.71
0.236025681736807,0,73.11
0.238864546116803,0,44.46
0.416336492535964,0,33.205
0.254583065948219,0,49.085
0.215760930371647,0,21.24
0.239803792065663,0.005,35.63
0.152650817538846,0,21.13
0.279355328096044,0,33.005
0.400736971423101,0,21.375
0.241554330857171,0.005,33.955
0.416367018797489,0,17.1
0.946731288010661,0.995,11.75
0.599659053097754,0.01,14.08
0.355129526027278,0,16.28
0.441744626208017,0,11.87
0.210500271715178,0,12.075
0.358202420396674,0,14.95
0.382532201252063,0,18.485
0.592287958049589,0,9.74
0.429245868260465,0,6.825
0.432062547891043,0,6.46
0.941568881268562,1,11.07
0.41402954744747,0,12.73
0.986565323964266,0.99,29.4
0.968498808305211,1,25.245
0.928566198472749,0.995,23.585
0.343627515376163,0.01,31.265
0.407870896816263,0,15.345
0.924513316826633,0.99,3.87
0.978637018149832,1,2.81
0.510105338926229,0,7.655
0.977142659862665,0.995,40.415
0.987348659047662,0.995,36.82
0.491150289037243,0,30.855
0.463177556079316,0,38.71
0.963523694745999,1,77.58
0.274288440814775,0,43.115
0.935849408968898,0.985,81.99
0.151975215249202,0,73.285
0.216552974306641,0,66.74
0.505543672806495,0,62.365
0.273759049666646,0,59.005
0.36479602950962,0,50.315
0.940863931546061,1,39.045
0.404515708941449,0,48.005
0.600403154273317,0.005,49.355
0.274991453943582,0,28.52
0.38971048864366,0,42.5
0.356911288036023,0,47.45
0.938448447622821,1,61.095
0.41192884108755,0,37.635
0.309154590547273,0.005,39.11
0.304557189487723,0,35.445
0.146255046749069,0,46.405
0.965860839299846,1,44.205
0.970185145053131,1,38.23
0.474468286175883,0,29.02
0.433704574024343,0,17.375
0.400773189819311,0,17.51
0.40366265244096,0,29.935
0.378198668823425,0,33.61
0.293976642149116,0,20.5
0.957469557781696,0.99,12.635
0.343735234331715,0,15.815
0.180481548765291,0.005,9.665
0.379195116107979,0,13.745
0.401341513416073,0,14.74
0.972209843169845,0.995,7.045
0.944059209577452,0.995,16
0.226733219408007,0,14.05
0.436969781826308,0,6.38
0.433817468764325,0.005,9.8
0.587515395013116,0.015,9.255
0.921367755920743,0.975,12.645
0.948930311491334,1,15.855
0.347821738859999,0.005,13.1
0.438276074798138,0,14.145
0.434908875902352,0.015,28.51
0.418853192296058,0.02,16.505
0.943326385677704,0.985,29.025
0.94968036141894,0.985,33.385
0.942926125083707,0.985,19.32
0.403359731324056,0,16.25
0.381741388948503,0.01,4.265
0.982823410263862,1,28.835
0.448353531069492,0,45.285
0.45649248538701,0.005,77.22
0.544212166986522,0.01,81.46
0.925414080670249,0.995,79.805
0.217149582404043,0,64.985
0.278694527208198,0,45.465
0.92873976388978,1,51.705
0.347590153594025,0.005,66.81
0.363947743513541,0,44.94
0.31932696017774,0,56.225
0.278732095676685,0,33.02
0.405204129705525,0,51.95
0.979801936415055,1,45.495
0.459270013690625,0,45.06
0.442849597246008,0.01,43.855
0.440789040308328,0.005,44.77
0.327955406154471,0,32.455
0.96479414219154,1,32.4
0.156660336429144,0,33.245
0.365801729397853,0.005,55.75
0.242481757003996,0,68.95
0.146548170231833,0,56.085
0.890577570637675,0.99,19.165
0.291930182194651,0,22.665
0.254733520032139,0,19.68
0.365606283445915,0,31.51
0.317318170757608,0,18.515
0.22364327514008,0.005,16.275
0.27478814276826,0,26.05
0.459040943544634,0,16.065
0.307682722845335,0,31.465
0.938199072825959,1,29.2
0.937491601743716,1,14.235
0.941994539471935,0.985,13.62
0.981234378903802,0.99,10.045
0.257383819917721,0.01,17.655
0.656347626976422,0.005,7.565
0.484483443368801,0,5.27
0.34555288640063,0.01,11.6
0.468573395251566,0,8.32
0.408071814185145,0,11.64
0.975084396604701,0.995,15.025
0.982317195944927,1,24.76
0.457874132618979,0.01,19.4
0.966947495061179,0.99,26.975
0.504605997360249,0.02,26.945
0.989383019040841,0.985,19.305
0.990448578946589,0.98,31.215
0.33333461920032,0.005,7.73
0.992515761440729,0.975,22.53
0.287473393738105,0.005,3.49
0.901233393187027,0.975,3.575
0.957420569267675,0.99,51.375
0.492183659982141,0,66.91
0.381727388870707,0,23.685
0.362167766035253,0.005,21.355
0.980914398360004,1,24.105
0.511354187833848,0,10.655
0.979818571032027,0.975,12.945
0.966289022190383,0.995,15.81
0.959412400475672,1,12.045
0.417295452341804,0,17.805
0.58732315521026,0,15.22
0.438540356218118,0,16.02
0.407599705198571,0,23.675
0.987229482869892,1,15.64
0.988524238158088,1,18.355
0.419815174375094,0.005,17.1
0.986410571139674,0.99,14.745
0.414386601770352,0.005,17.685
0.971884449254657,0.98,15.25
0.913490893941742,0.985,14.51
0.987187466260111,1,10.16
0.326401107974057,0.035,18.03
0.517221683576098,0.04,21.39
0.571132249624123,0.02,26.68
0.562553923915454,0.04,24.465
0.41531998056136,0.005,16.61
0.984114417994917,0.995,21.54
0.390190937066968,0,8.135
0.46268544111642,0,5.335
0.996059478645612,0.98,7.055
0.499686251085358,0,34.435
0.990244934128273,0.995,33.2
0.981978304335414,0.995,14.33
0.977700284418124,0.995,14.01
0.548090259748863,0,13.805
0.378916394023662,0,19.95
0.395922632452613,0.01,16.745
0.448451798431126,0,11.79
0.970241470072164,1,20.24
0.32938703810907,0.015,19.48
0.973963228100144,0.995,19.565
0.481139623553985,0,26.375
0.945759533545717,0.985,28.675
0.932548640644235,0.99,42.91
0.983004063181976,0.995,3.565
0.532365976065611,0.005,2.365
0.98910530731672,1,37.225
0.334910195991321,0.005,31.73
0.345316958143342,0.005,38.645
0.919713835150741,0.985,79.93
0.940493104241716,1,48.265
0.938493328875858,0.995,77.4
0.350631710326661,0,49.885
0.243870160188736,0,30.895
0.347791985786438,0,60.855
0.956745077258716,1,33.565
0.483165569988682,0,29.27
0.360255468434282,0,53.715
0.237585228612773,0,40.645
0.149535995161111,0,29.565
0.328271638325288,0,37.005
0.416272457483781,0,32.52
0.252230058902762,0,43.14
0.435541138122977,0,37.235
0.44584490871493,0,30.67
0.236909160105299,0,51.53
0.882351554652142,1,26.385
0.279804864206039,0,24.945
0.893008433717831,1,23.89
0.239176344181752,0,35.18
0.358567644992417,0,14.05
0.284705144351011,0.005,16.885
0.449926957273877,0,18.11
0.233991541495366,0,26.97
0.399746175276622,0,19.42
0.976397262853037,0.99,10.2
0.218523010535279,0,12.19
0.363807006841054,0,17.025
0.296188497302177,0.005,9.14
0.430284833209553,0,10.92
0.25009574994699,0,8.09
0.317464954229425,0,10.78
0.305271723149764,0.01,8.24
0.294206530331454,0,9.71
0.958740221672315,0.995,15.755
0.35812096594472,0.03,8.95
0.89230839289038,0.995,10.34
0.961319227469079,0.985,11.405
0.971407060135377,0.99,19.085
0.96192956148743,0.995,28.225
0.972704075170603,1,19.095
0.941103521310222,0.965,45.585
0.967926677371015,0.99,37.065
0.388396038493767,0.01,20.605
0.21824008967926,0.005,3.325
0.357319406207648,0.005,3.98
0.371345651745369,0.005,34.45
0.961100139196355,1,30
0.365732676871866,0,46.735
0.970693641365842,1,69.545
0.301247139906927,0,55.535
0.942219105351188,0.98,81.635
0.948402638774528,0.99,77.79
0.910403693402104,0.995,81.865
0.303438620360301,0.005,53.2
0.222634339776983,0,45.21
0.276118760302711,0,31.97
0.278171692564542,0,34.33
0.376677365314961,0,30.065
0.409109492162686,0.005,52.095
0.386715538518339,0,44.255
0.408825953964018,0,32.39
0.954910884581108,0.995,41.13
0.954179777605358,0.995,52.1
0.366194122415652,0.005,57.245
0.185587549533669,0,13.605
0.240710539006153,0,24.55
0.293736520979512,0,25.53
0.976595142706482,1,18.9
0.93914813423009,1,21.065
0.431863037947749,0,16.51
0.915227544336222,1,18.665
0.942398939785967,1,32.8
0.283756885028863,0,31.32
0.680160409631322,0.005,32.595
0.403073526507869,0,9.775
0.930896640194328,1,15.025
0.960712896698463,0.995,10.86
0.354811101988635,0,15.275
0.428560665001395,0,20.79
0.924365262537089,0.995,19.335
0.358303282545422,0,18.24
0.171801408214218,0,18.375
0.98451786919734,0.995,15.92
0.266895244974102,0.005,8.015
0.50502896832618,0.01,7.455
0.9885382510336,1,22.705
0.9486872694009,1,34.785
0.50342340887299,0.02,24.59
0.51817168354809,0,31.17
0.548878213997602,0.01,28.38
0.983083344520526,0.985,79.1
0.982684279289218,1,62.8
0.542109726685448,0.005,31.32
0.483455692988906,0,21.3
0.989203361239058,0.985,37.835
0.913494605492235,1,30.245
0.390598751591557,0,13.465
0.968682317658216,0.995,15.84
0.983300473356367,0.995,7.02
0.44474318160992,0.01,1.7
0.34780048383879,0,4.48
0.967427665844828,1,76.225
0.477824388681135,0,37.795
0.505330239170396,0,37.795
0.274001180518133,0,44.755
0.311592145228759,0,72.285
0.440193488348285,0,49.165
0.326965744365212,0.01,77.925
0.273925010709904,0,46.1
0.351504936764379,0,54.725
0.96296472611615,1,33.905
0.923336449384581,1,41.555
0.3688104459455,0,31.465
0.358437165705137,0,42.24
0.257201479693479,0.01,46.08
0.351196572817488,0,53.57
0.954890820353541,1,36.64
0.142615055640977,0.005,52.235
0.97025731424593,0.995,37.165
0.337373197039293,0,59.685
0.363938002996717,0,51.555
0.26953823706699,0,16.195
0.38359919873735,0,34.64
0.427829963645669,0,28.78
0.310500253431936,0,21.085
0.617766118434267,0.005,12.025
0.566569026401147,0.01,16.505
0.313139521638616,0,28.08
0.292989301909257,0.005,24.77
0.902775016980046,1,19.55
0.430608197959829,0,12.96
0.981348897216261,1,12.18
0.423253247422219,0,15.875
0.38216031839586,0,12.86
0.352097403572232,0.005,15.885
0.336202542566119,0,23.655
0.354410201789229,0,17.445
0.982965928396351,0.99,17.31
0.947748826209341,0.995,16.21
0.203346226483989,0,13.185
0.370516117282133,0,14.38
0.95768952343111,1,10.495
0.914238714223007,1,7.63
0.945157339890844,0.99,16.515
0.987708387450531,1,64.665
0.967885641035799,0.995,50.85
0.920268356253068,0.98,21.615
0.300891160394331,0.015,19.255
0.399210759913619,0,14.4
0.210473321695016,0,12.71
0.311013908527066,0.005,3.105
0.913270029985499,0.995,30.055
0.987282800562482,0.99,43.135
0.473508556536068,0,35.41
0.364050700289772,0,60.09
0.432534582828572,0,78.165
0.571968904367126,0.015,74.63
0.274207166362793,0,48.995
0.967575251535735,0.995,69.07
0.372079873773147,0,30.72
0.310387189909294,0,58.665
0.970870424847184,0.985,54.205
0.348468746499803,0,52.405
0.947954196054502,1,46.615
0.294332274142534,0,42.025
0.417577000084398,0,51.305
0.274972788242005,0,33.55
0.474204105336706,0,32.35
0.144243661240705,0,45.545
0.357830628822474,0,53.83
0.275149990066018,0,32.64
0.432814184706958,0.01,43.425
0.395069630385805,0,40.69
0.259378349874927,0,47.91
0.380833420439981,0,35.555
0.285955519810129,0,29.28
0.971907898712256,0.985,39.225
0.348188280906952,0,46.225
0.247364354371263,0,46.75
0.40170811810069,0.005,18.08
0.461434955753182,0.005,14.55
0.317100032168857,0.005,20.07
0.360029094606867,0,18.415
0.454986387325533,0,13.88
0.38392313781802,0,28.58
0.262914290974117,0.025,26.17
0.923227102775259,1,12.43
0.456818672991643,0,11.115
0.475852746562071,0.005,11.9
0.613618323946694,0.015,12.905
0.368614405799629,0,13.765
0.155535969152171,0,25.875
0.598347232931694,0,8.34
0.382580928085768,0,13.235
0.521040470598169,0.01,12.455
0.270258236264187,0,16.03
0.455181432342636,0,17.835
0.984467032305336,0.995,23.56
0.97491348635727,0.99,26.815
0.970968996951506,0.99,28.23
0.906121634815109,0.995,26.87
0.940633382100006,1,9.325
0.969624264024593,0.975,21.365
0.336980473952448,0.005,17.055
0.970079729978101,0.97,22.54
0.971011047055295,0.995,20.52
0.985768818360197,0.99,19.38
0.364282201864458,0.005,12.465
0.232192999747671,0.005,7.54
0.396426741577358,0,16.81
0.524494633598512,0,1.84
0.374523581084467,0,66.73
0.96024383064582,0.99,81.115
0.385305865705878,0,73.935
0.281805781442914,0,58.2
0.419185639701152,0,55.96
0.348496034997948,0.015,59.705
0.402697089840631,0.005,71.375
0.394239683756172,0,84.17
0.360909023517898,0,64.875
0.903245844041172,1,47.17
0.279625118726918,0,37.275
0.33759836747846,0,47.825
0.316837201179103,0,35.285
0.315698408897658,0,40.49
0.2799741886407,0,38.645
0.460632897630544,0.005,43.9
0.442054698122366,0,31.885
0.150958037400108,0,50.91
0.982906177477226,1,49.11
0.146951180393334,0,48.47
0.273981108535527,0,56.16
0.366985753475959,0.005,54.005
0.289670613487598,0,36.615
0.266964220438449,0,63.68
0.576248056894407,0,21.195
0.192195913747466,0,16.83
0.493301496004623,0,15.855
0.250289844534645,0,18.79
0.306882701276324,0,26.995
0.328922870388321,0,15.46
0.39558571748307,0,14.215
0.425143922108469,0.01,15.1
0.978032798144042,1,16.835
0.361270214532758,0.005,21.37
0.463675360169146,0,8.505
0.490068914701401,0.005,11.23
0.953009505911899,0.99,15.58
0.38124181945256,0,17.53
0.257823762968635,0.01,16.565
0.22654383874372,0,10.285
0.338084354505367,0,15.005
0.511415223344788,0,5.795
0.371335027953762,0.01,9.74
0.972573085513993,1,14.52
0.248627584782363,0,16.88
0.352914801961715,0.005,11.475
0.964406651484508,0.985,25.99
0.941895905606833,0.975,15.02
0.971515199055846,0.945,37.2
0.35107015397651,0.005,11.065
0.522189025811239,0.005,21.02
0.991752883945639,0.995,16.9
0.970096581540122,0.99,11.325
0.264023467638467,0.005,3.075
0.370043263264854,0.01,2.025
0.405915507244546,0,18.175
0.956086292231366,1,24.635
0.988908358772649,1,18.535
0.974481382411394,1,23.775
0.972287773468398,1,16.61
0.980961119496677,1,11.81
0.968254616399458,1,13.74
0.963501143249048,1,20.11
0.972855820211306,1,15.3
0.541974783525559,0.015,25.855
0.562653414213561,0.01,22.4
0.403272108530219,0,5.41
0.994953945965753,1,14.09
0.441641305100591,0,4.145
0.439164752568654,0,1.745
0.588600380304274,0,56.58
0.985691721484443,0.995,47.35
0.975816438003175,0.995,17.445
0.357394037182058,0,21.685
0.326545883888827,0.005,16.565
0.988394827752087,0.98,15.39
0.986341351379065,0.995,22.52
0.547941506582219,0.005,19.595
0.975044147114064,0.99,17.63
0.380653225975751,0.005,14.62
0.380609553838264,0,19.175
0.571318322611733,0.005,19.445
0.41133891438295,0.02,14.535
0.979495432154142,0.995,14.59
0.60039058858628,0.005,9.025
0.233113115989618,0.015,20.315
0.911968082855495,1,10.15
0.974457816416629,1,31.83
0.535812720582884,0.005,28.4
0.384786440144952,0.005,12.26
0.905597227282413,1,9.785
0.471140892101327,0.005,17.72
0.622422876324741,0.04,26.61
0.971406053166712,0.995,32.39
0.452580629597613,0.03,27.645
0.400907110682988,0.02,20.71
0.964362100463841,0.985,20.61
0.426374733480425,0,14.1
0.969452832286375,1,22.155
0.455627022920698,0.01,5.085
0.954349589946435,1,28.52
0.911156761501448,0.995,32.48
0.529002129206512,0,35.26
0.419725229890567,0,57.36
0.432186014731668,0.005,53.16
0.924925326046811,0.995,73.97
0.278179664257396,0.005,44.865
0.486127778826921,0.01,79.795
0.963155373557119,0.99,73.44
0.961837597831661,0.995,29.92
0.960827556031178,1,31.06
0.937128020928449,0.995,40.48
0.279339535394684,0,35.81
0.251917411217381,0,27.905
0.939163164201781,1,37.045
0.493843774634747,0,49.685
0.27870820412868,0,31.86
0.310144068678879,0,41.19
0.968360555988186,0.995,32.685
0.273388423165912,0,49.435
0.938140703978957,0.99,24.57
0.191818786209137,0,13.705
0.947782259114941,0.995,24.03
0.327058847560365,0,26.54
0.867570467108015,1,20.96
0.418473390182735,0,15.395
0.36579371376266,0,14.08
0.890717469756548,0.995,12.795
0.977972377655996,1,14.195
0.540807003599548,0,14.065
0.549110664175878,0.005,9.065
0.154114527804266,0,17.285
0.454120205333441,0.005,13.3
0.948091063024149,1,14.525
0.981560730906257,0.99,16.345
0.371498147259582,0.005,18.805
0.377124210801308,0.005,19.18
0.411138029736202,0.01,11.65
0.462840310487109,0,12.395
0.341080560238588,0,19.205
0.164805297869287,0,18.87
0.418542738608246,0,10.6
0.626366761015017,0.005,10.79
0.453899482576596,0.04,18.48
0.422996551382062,0.005,24.915
0.971028064636581,0.995,38.585
0.962992494337197,1,42.835
0.976295091395019,0.99,15.39
0.47706863656872,0.005,20.83
0.980807989752392,0.99,20.065
0.940638231075552,1,22.24
0.977555707142022,0.99,9.08
0.202558452667063,0,11.79
0.983019912703477,0.995,29.28
0.987968402726273,1,6.235
0.210433462576048,0.005,2.395
0.522274345260719,0.015,17.51
0.983891804157954,1,32.025
0.231400085305511,0,39.84
0.439699866789636,0.005,54.315
0.961072964979885,0.98,71.31
0.391921970348259,0,55.795
0.957745631450592,1,68.795
0.436374959709102,0,44.41
0.960208424065067,1,56.685
0.495523507189485,0.015,71.775
0.917798736266825,1,26.905
0.582719799355993,0.005,55.78
0.17109346480773,0,36.505
0.930960516151462,1,34.93
0.243581953005743,0,33.69
0.905706488614246,1,37.515
0.471447095072787,0.005,40.315
0.483503946884007,0,30.85
0.498867196127138,0,32.145
0.236117235341126,0,52.74
0.927478050093975,0.995,64.815
0.332162662371187,0,50.33
0.467609108644209,0,14.64
0.937974300281343,1,20.01
0.957465751865562,1,10.445
0.304160794824878,0,20.95
0.245769550869731,0,20.05
0.435236213354883,0.005,19.54
0.458785050502642,0.005,19.91
0.930535200370599,0.995,26.38
0.355602135361128,0,14.145
0.404314789976562,0,8.81
0.172455986372037,0,10.92
0.185968231167448,0,10.8
0.57601061218489,0,24.06
0.938633937016869,0.99,16.36
0.592701115126159,0,12.685
0.257501227841645,0,9.975
0.915240363952638,1,16.72
0.983408903995032,0.995,15.685
0.985182539497918,0.995,15.21
0.341625039139446,0,14.875
0.951937412948409,1,8.775
0.347486190486956,0,14.11
0.961878558486446,0.995,24.715
0.962353186860126,1,22.14
0.374474490730326,0,23.95
0.537433690585513,0.02,24.885
0.214991512462683,0.005,11.25
0.985859002492002,0.995,6.74
0.622252421643335,0,5.115
0.880614274412928,1,22.295
0.527241456668058,0,24.75
0.975217370539662,1,45.54
0.417384971735049,0,43.46
0.968670276309915,0.99,67.75
0.311688235758256,0,57.56
0.95829590926522,0.995,53.425
0.312384851123401,0.005,80.61
0.9642163368105,0.995,75.74
0.441551717393499,0,26.805
0.406869563067474,0,30.635
0.963108557218335,0.985,40.915
0.301678368866225,0,33.16
0.295973636184547,0.005,58.46
0.247678268023403,0,42.275
0.250155743228333,0,45.335
0.143656268205862,0,57.36
0.241352731274219,0,25.325
0.497549521643233,0.005,8.75
0.295727965452689,0,29.82
0.460965490447231,0,19.29
0.960125069550494,1,11.32
0.370585796734263,0,25.765
0.910655533811039,0.995,14.285
0.96846205145109,1,10.2
0.916313333906963,1,13.97
0.412631371570383,0,14.09
0.490535001391848,0,12.415
0.960712244570298,1,14.485
0.296143397385365,0.005,16.97
0.286983912923718,0,11.905
0.252705418446979,0,9.38
0.399082065159964,0,15.59
0.387462700654964,0.015,15.455
0.473065769087044,0.015,16.035
0.989721890520396,0.995,39.61
0.969653590627112,0.985,31.03
0.983310548993791,1,26.285
0.937199925613264,0.985,34.785
0.253099604571076,0.005,9.24
0.26451505934269,0,59.685
0.94436010566526,1,21.16
0.526934480038082,0,9.645
0.983307502086409,1,14.975
0.369298636749395,0.005,11.245
0.581584851855089,0.005,5.825
0.493485335174863,0,12.49
0.358546240464393,0,24.85
0.531890269755499,0.005,14.76
0.981992603189094,0.99,11.615
0.989709231747991,1,15.99
0.526198720825384,0.015,11.365
0.328733736841045,0.01,9.795
0.987682685297491,0.99,21.94
0.407394163293033,0.005,30.67
0.984768286367493,0.98,47.36
0.289573225916405,0,58.73
0.358510852166357,0,33.105
0.538186269417987,0,32.415
0.42367648512496,0,17.57
0.976202879171147,1,15.7
0.330400741325298,0.005,16.36
0.982857298090285,0.995,15.305
0.582265407403185,0,15.455
0.97937823497321,1,15.74
0.401306091486715,0.01,14.6
0.96417564677794,1,13.51
0.991504714550049,0.995,31.615
0.968068338523631,0.99,25.385
0.965231419443219,0.965,14.955
0.346722286561718,0.005,13.375
0.539363294754078,0.005,34.845
0.994429136245695,0.97,31.685
0.990299834640668,0.995,19.59
0.561681583463822,0.005,46.345
0.948922300894269,1,23.235
0.387216056207577,0,14.025
0.985573829166419,0.995,16.375
0.9779821238459,1,12.52
0.974856477491615,1,10.38
0.447006424303232,0.005,15.84
0.411738306249754,0.005,17.195
0.985436684756342,1,15.78
0.970442287706389,0.995,29.405
0.899779657014945,1,15.37
0.929593577055422,1,28.34
0.985147688358997,0.99,31.545
0.955278517599611,0.975,39.215
0.868663699859527,0.99,40.215
0.419859899663662,0.02,28.4
0.478038927543215,0.03,35.245
0.982661735469666,0.985,18.065
0.982114170354824,0.995,20.39
0.98448600872491,1,12.77
0.493309642762781,0.005,3.445
0.969226339823443,1,14.395
0.961557166160663,1,25.605
0.989369753025959,1,36.11
0.361734718866107,0,39.06
0.962839892790134,0.995,38.805
0.288187469270989,0.005,51.365
0.952805316414112,0.995,82.785
0.157333910490826,0,68.425
0.97662638665753,0.99,77.91
0.971797066857364,0.995,55.595
0.235930342912914,0,53.13
0.39161522615326,0,55.355
0.929703765213004,1,33.365
0.922945864466576,1,39.435
0.319358404109291,0,49.14
0.437912265131052,0,27.73
0.971583671762144,1,27.945
0.377347481538089,0,30.025
0.27805823098915,0.005,32.26
0.361957561672049,0,58.585
0.535213912984271,0,30.54
0.279653594243735,0.005,34.025
0.910497856322029,1,50.16
0.942324640822,1,27.79
0.925981070343638,0.995,41.78
0.327409795053932,0,43.56
0.271043846954355,0,17.92
0.973582201016208,1,18.435
0.938302762213879,0.995,21.995
0.901112110418744,0.985,22.78
0.204240970257628,0,13.935
0.149041252399935,0,25.21
0.276075535646616,0.005,23.79
0.332516225312833,0,23.86
0.218173646791918,0,15.11
0.525475356109931,0,15.035
0.533903809994469,0.015,11.69
0.354487967974752,0.005,16.175
0.439926420662029,0.015,17.655
0.356057920536072,0,21.865
0.952532153211968,0.995,15.02
0.237288958694079,0.005,21.43
0.968581410441464,0.995,9.69
0.94463590655013,1,10.395
0.298228938176294,0.01,13.6
0.984681615237318,0.99,10.38
0.272588660853426,0,10.26
0.95556851727209,0.985,15.835
0.983956727608058,1,33.36
0.911291730370064,0.995,26.695
0.452766314157303,0,30.85
0.286094044328232,0.02,35.8
0.985758216526038,1,11.095
0.460450495807504,0.005,4.115
0.273239344549633,0,32.415
0.525507595524611,0.015,25.36
0.98829933418806,1,36.33
0.190013595591252,0.005,26.6
0.279587320887133,0,35.585
0.504770828110249,0,70.645
0.259094750719179,0,58.56
0.960289531748289,0.995,44.78
0.437684664483969,0.005,46.48
0.453408668900145,0.005,36.775
0.967434289250566,0.995,38.17
0.300284644224152,0,35.33
0.403191309229383,0,49.325
0.983644362525529,1,31.645
0.27800515540329,0,38.5
0.972382448896564,0.995,33.68
0.971561399196222,0.985,29.485
0.961157049234949,1,37.855
0.916296358976638,1,40.085
0.278171692564542,0,35.18
0.144098242237782,0.005,45.655
0.301717674040367,0,48.305
0.407854438992475,0,31.12
0.358948721747514,0.005,49.565
0.243728799739361,0,57.17
0.505379018639438,0.02,42.035
0.281057132441107,0,24.65
0.94799226837968,1,13.235
0.909303043944964,1,32.92
0.148914265047366,0,23.905
0.363190603962381,0,25.045
0.910475315382362,0.995,26.095
0.387153584040116,0,31.78
0.283135297222852,0.005,10.28
0.974459331495322,0.995,6.155
0.959703130106493,0.99,12.28
0.554337963433993,0,6.79
0.417277946474079,0,7.17
0.965156708377587,0.995,14.17
0.40187305590613,0,8.89
0.377843415450623,0,18.29
0.175015852771642,0,17.135
0.601893124004884,0,9.945
0.967791021588862,0.99,18.225
0.405098817140458,0.01,16.835
0.948734902777345,1,24.005
0.989634680374839,1,28.38
0.446928870998082,0.005,30.665
0.571353632409702,0.01,41.985
0.971271778079457,1,19.57
0.98766570863366,1,22.59
0.479821340178556,0,37.47
0.246153596523361,0,32.845
0.295357973750268,0,48.465
0.554417058612777,0.005,82.285
0.274048630240357,0,52.575
0.284062069127298,0,55.76
0.296427451155724,0,46.19
0.436030400027098,0.005,34.325
0.487975693113977,0,29.21
0.408736138393551,0,56.11
0.43524512900737,0,28.355
0.345819650002138,0,60.045
0.892902194680427,1,42.935
0.47491822567232,0,33.915
0.317378745713028,0.005,52.765
0.294544978637405,0.005,50.07
0.918973104035979,0.995,51.83
0.236257430223071,0,73.11
0.276676842902752,0,27.33
0.409029873684725,0,17.995
0.448175081109797,0,24.745
0.238840510862435,0,33.525
0.325803025612933,0,23.81
0.273432824081778,0,22.13
0.43123903432759,0.005,16.125
0.240193603354388,0,32.225
0.363448465131395,0,35.04
0.378459998707237,0,22.155
0.431428441718188,0,18.295
0.270434039013873,0,25.41
0.90751446308947,1,24.395
0.327070025825661,0,16.24
0.416819557861671,0,9.43
0.401974419730464,0,6.05
0.394004541025471,0,7.475
0.357251941355631,0,13.115
0.181278893880483,0,11.065
0.977148311809666,0.99,9.185
0.378391371520522,0,19.06
0.350745771865775,0,17.345
0.530847093259978,0,8.665
0.990941515757436,1,16.795
0.917453944426788,0.98,21.56
0.954328535839516,0.99,15.635
0.678190073832252,0.005,29.57
0.412172837337196,0,11.94
0.465647372051342,0,24.215
0.948130880508201,1,25.405
0.567120317668575,0.005,35.575
0.986882470575137,1,36.545
0.919454220911012,0.995,28.415
0.912589484441391,1,25.84
0.467612708329078,0,38.14
0.9245234470343,0.995,83.785
0.223921208111072,0.005,55.87
0.978436832406786,0.99,45.555
0.303670472411196,0,28.595
0.14609647760253,0,50.735
0.248119017892822,0,35.52
0.35812205402529,0,52.63
0.485069167922919,0,29.445
0.325253994569885,0,52.76
0.911470021321746,1,38.595
0.963456045679266,0.99,32.3
0.97506915210485,0.995,42.005
0.939217616607558,0.995,62.32
0.294329512056858,0,35.555
0.24732215881277,0,41.665
0.964600990652168,0.995,17.91
0.254954117733872,0,22.715
0.899685242626513,1,12.805
0.946587029616342,1,19.08
0.955432708794263,1,17.08
0.967170808835927,0.985,29.095
0.567375304559062,0.005,17.5
0.943520316137382,1,21.99
0.509752784653649,0,9.72
0.4531749839004,0,14.725
0.350008673305642,0,16.685
0.968430828448663,1,8.97
0.935386503454436,0.99,14.665
0.522839251322479,0,13.755
0.431446182148221,0,16.675
0.4598950610874,0.01,17.365
0.536324659264285,0,10.35
0.493902506688708,0.005,19.315
0.473321585396554,0,12.395
0.358190816397035,0,17.835
0.34153796260814,0,31.72
0.224999610010828,0,7.955
0.414667629029302,0,13.23
0.408134129982774,0,9.45
0.522211610038443,0.02,10.21
0.91442445170076,0.995,21.01
0.448114602601537,0,35.9
0.949877514983777,1,21.575
0.437446564763152,0.01,2.165
0.989909910206286,1,5.935
0.990610997353265,1,33.81
0.939882558853489,0.995,28.21
0.435212456631284,0,45.165
0.903922721033997,1,34.92
0.55599020610799,0,82.45
0.322814407748114,0,45.02
0.932331431974458,0.995,78.53
0.451500916696541,0,61.295
0.440057145880798,0,56.42
0.583414404630434,0.02,60.06
0.380313747852939,0.005,33.16
0.88775480077009,1,44.45
0.280137353595901,0,30.84
0.451448406095096,0,30.995
0.375809097951764,0,30.455
0.370451994689253,0,35.675
0.281503732695596,0,46.145
0.906558355308868,0.985,41.66
0.242481757003996,0,68.95
0.147678233355638,0,43.625
0.278606262375212,0,31.865
0.980277503060781,0.995,50
0.459040943544634,0,16.23
0.97588121288279,1,17.39
0.301383336700041,0,20.4
0.279870380141193,0,22.62
0.96327340088561,1,16.54
0.368098030998538,0,29.13
0.279697043186064,0,16.765
0.496663456160346,0,14.16
0.361264154361195,0.005,9.96
0.483819344679427,0,10.085
0.963376335395863,1,11.93
0.449380826204706,0.005,18.305
0.970706772063701,0.995,18.515
0.431563647983768,0.005,24.01
0.412800067660024,0,15.965
0.196769074663633,0,19.165
0.585669504720362,0.01,11.675
0.390751187856206,0,15.365
0.293849056773812,0.01,11.33
0.320153205681119,0,17.215
0.311039921821632,0.005,14.785
0.983276419936906,1,11.015
0.402732158834858,0.005,7.73
0.452507407534562,0.02,46.34
0.971350539776296,0.995,19.78
0.387440746326759,0.005,10.04
0.980065605668563,0.99,7.865
0.989397690873061,0.985,6.9
0.966755446071643,0.98,8.735
0.223405151366201,0,41.94
0.992518098804078,0.985,51.99
0.980449165324565,1,18.885
0.560536005495627,0,14.325
0.375872000541515,0.01,11.5
0.391940924009399,0.005,16.275
0.432107672814281,0.01,17.83
0.355358469457538,0,16.415
0.986651321517329,1,17.12
0.429894188630872,0.005,12.965
0.977962164124626,1,11.075
0.984335578720132,0.995,17.81
0.969341243124344,0.995,15.74
0.942590303105922,0.975,17.235
0.587653314877011,0.025,28.51
0.615375595874097,0.015,22.395
0.499418674855563,0.02,29.015
0.637838384944739,0,4.915
0.554570094140851,0.005,4.4
0.404005222825917,0.005,3.825
0.56216074893961,0.01,65.415
0.980609373525415,0.99,32.76
0.341571540846568,0.005,16.4
0.43090623393128,0,16.135
0.576353183696164,0,14.515
0.481106505611224,0,12.79
0.529492266783098,0.005,19.115
0.988349635539516,1,14.8
0.965052620377056,0.99,19.67
0.975127461655659,0.99,13.935
0.385346678526422,0.01,19.73
0.563701426382728,0.025,54.785
0.956928309797054,1,27.055
0.425100988336698,0.005,10.245
0.522093637739015,0.005,83.315
0.969655369426184,1,57.05
0.299406065267487,0,56.995
0.920368107052092,0.99,70.255
0.287501715545796,0.005,47.38
0.307516856002838,0,31.265
0.240370356164606,0.005,32.42
0.474380241151725,0,39.835
0.381738761231288,0,27.68
0.281653594273387,0,35.51
0.470650217569774,0.01,54.33
0.530897948823995,0,30.085
0.36271884187432,0,52.38
0.973468696172078,1,58.31
0.958825264956917,0.995,27.865
0.919687928764753,0.995,28.755
0.24117522823346,0,26.3
0.15000530971853,0.005,23.975
0.470931474732907,0.005,21.575
0.293901510108944,0,21.8
0.283913963716071,0,20.31
0.358870357569436,0,16.33
0.642074324047841,0.02,26.205
0.490106466399194,0.005,10.41
0.976322120809892,0.995,7.655
0.953695715807099,1,13.71
0.969642224069819,1,7.77
0.268889249391603,0,12.52
0.974744363164918,0.995,12.265
0.161634692679503,0,19.18
0.96233261308962,1,11.915
0.358495977401015,0.005,17.255
0.979471597504491,0.98,16.29
0.904334607324204,0.985,14.545
0.984282425804228,0.99,14.405
0.411836822892727,0.01,23.185
0.967342251845538,1,24.865
0.447123303710661,0.01,61.8
0.358761489133193,0,22.535
0.538075948608898,0.025,76.615
0.972594914665343,0.995,16.275
0.354934378856015,0,26.835
0.527892670794064,0.015,33.5
0.979915039501559,0.99,19.845
0.487399369178861,0.005,23.805
0.614756676512015,0.015,19.1
0.431959589190527,0.005,7.865
0.923148978299463,0.99,25.105
0.935929837887496,0.985,33.915
0.895188882598919,0.995,90.4
0.90889257758774,0.995,83.325
0.397205979435761,0,54.705
0.287819891217568,0,30.73
0.520422837524847,0.005,33.92
0.978652855621152,1,31.3
0.529741889624517,0,37.005
0.432461079995348,0,34.71
0.246825389623461,0,58.8
0.292202662681701,0,22.755
0.950691472116333,1,18.245
0.898838976704726,1,14.775
0.472664461000663,0.005,18.78
0.279567633903524,0,18.395
0.274964370125737,0,32.525
0.965496760435514,1,13.105
0.950314013936958,1,18.23
0.467818373884383,0,14.715
0.964162872295229,1,15.105
0.537479839809254,0,11.795
0.395543826583657,0,10.67
0.93172626207374,1,9.165
0.961271010411813,1,13.52
0.288633620451636,0,12.72
0.986998439489289,0.995,17.22
0.530094485767381,0.005,13.515
0.525832329881551,0.005,24.67
0.160867537011628,0,21.735
0.296607276323807,0,17.945
0.964294337585217,1,15.7
0.219364332250992,0,14.85
0.443631759032255,0,9.815
0.386363913385717,0,12.18
0.969106172935054,1,11.445
0.982349371290721,0.99,16.705
0.982521728526161,1,20.545
0.954556206339451,0.99,12.99
0.955456223246302,0.995,25.245
0.467148830966699,0.025,48.095
0.9865992888998,0.985,80.105
0.478615699432788,0,39.56
0.979224943845875,0.975,35.09
0.982515034387789,0.995,18.845
0.968989935056146,1,18.2
0.414173550630476,0.005,21.095
0.990031935957889,0.995,36.695
0.480168110939606,0,37.24
0.519867346986903,0,82.055
0.253600464666229,0.005,74.105
0.275246554629636,0,52.1
0.972002605312989,0.98,60.73
0.423122557997418,0.005,35.575
0.227616929597912,0,31.03
0.329706206823272,0,55.16
0.970426672110418,0.995,56.52
0.464837427135084,0.005,28.38
0.527900563720554,0.015,45.24
0.521625451449929,0,47.695
0.276890772845853,0,31.715
0.300368357664128,0,33.19
0.500382164308892,0,31.615
0.275559922150262,0,43.71
0.969759332860696,0.99,41.995
0.282733892435949,0,47.03
0.604142758698027,0.015,27.335
0.951295316927949,1,18.515
0.272054517669036,0,32.095
0.46031841375254,0,15.04
0.30092233579808,0,11.53
0.980577046400718,0.995,16.13
0.496507067855877,0.005,10.125
0.646185935867641,0,20.71
0.185197393237014,0,11.235
0.58336037373007,0,13.915
0.497630375541404,0.005,14.66
0.981368543219039,0.995,18.43
0.366600148506987,0.01,13.465
0.398419589278207,0,19.875
0.209990898403452,0,16.035
0.205961037832218,0,16.36
0.361753093833165,0,9.085
0.421840009751778,0,8.485
0.492272607295974,0,8.98
0.611467512576199,0,10.315
0.311464939611224,0,12.5
0.980076991345142,0.99,7.82
0.986681931631746,0.995,32.2
0.993461478494112,0.99,37.425
0.422254923694751,0.01,37.44
0.970733403118066,0.985,36.945
0.334245317895704,0.005,17.425
0.423974773721167,0,23.53
0.967356573797619,0.99,29.855
0.987549155081143,0.995,6.09
0.963521015372513,0.99,37.095
0.99124434611064,1,36.96
0.915718022486825,0.995,87.025
0.973972433588102,1,77.65
0.989856361819648,0.99,45.77
0.965905069746223,0.995,77.795
0.367638416504873,0,49.745
0.283673211550841,0.005,69.92
0.157841905093753,0,24.65
0.304426298857378,0,30.2
0.302535423157335,0,30.08
0.348498824397949,0,44.32
0.427743557546847,0,27.81
0.277487533790812,0.005,35.84
0.496154622255637,0,30.95
0.314682474812611,0,20.965
0.974657860970735,0.995,67.095
0.27595093965528,0,39.075
0.317381827569751,0,31.685
0.348793179849405,0,31.56
0.275995311493114,0,46.66
0.278800195234728,0,26.53
0.311840333148835,0,9.165
0.155197663245991,0.005,19.57
0.451451126426692,0,11.365
0.97712495363531,1,14.21
0.323943533447317,0,15.29
0.252786181953111,0,12.54
0.972581735662185,0.995,19.24
0.526516994929058,0,13.005
0.227495871929231,0,11.93
0.369148555001662,0,20.285
0.969547396626689,1,18.74
0.181605002821058,0,19.73
0.553844180455206,0.015,11.565
0.971797929687235,0.995,18.475
0.967700407534198,0.995,30.54
0.478933357935109,0.005,33.475
0.991639555619333,0.99,42.185
0.482550273690936,0,24.165
0.413457228853784,0,33.42
0.895673693551053,0.99,27.645
0.39871082926785,0,14.715
0.990993272124307,0.98,16.93
0.513810987080133,0.025,1.73
0.992112003603838,1,36.925
0.521390040004679,0.01,81.445
0.971856834051464,0.995,47.055
0.984166729402178,0.99,55.55
0.266243995578647,0.015,88.17
0.330905011201575,0.015,53.13
0.281433062018166,0,53.09
0.949895767441116,1,39.09
0.961235223361988,1,35.575
0.464109928144332,0.005,46.205
0.263149686148128,0.005,54.3
0.31381880110657,0,27.61
0.975662894639865,1,48.755
0.266452720751502,0,34.065
0.282457497769364,0,42.31
0.546576781517938,0.005,41.405
0.436466780714087,0,27.67
0.966656635777175,0.99,52.655
0.280648521896788,0,36.37
0.975410449075503,1,21.83
0.915922824098398,1,15.58
0.6180528829597,0.005,7.155
0.415685067533226,0,11.31
0.387288755144511,0.005,16.565
0.911517943891689,1,13.73
0.950267220632465,1,14.19
0.461257168055779,0,10.925
0.355799967905744,0.01,17.85
0.307697831851836,0,19.815
0.938828981234438,1,16.225
0.518501880947639,0.005,14.12
0.321455125088511,0.015,18.735
0.393928059731826,0,17
0.264670013273693,0,12.075
0.989537216107083,0.995,15.745
0.471138150757002,0.01,8.895
0.98905057647699,1,6.94
0.975332162272574,0.985,11.94
0.341844411456545,0,10.605
0.379811297248562,0,20.81
0.989218982480607,1,11.125
0.977321313127597,0.995,8.405
0.245683103238607,0,11.395
0.956173124537712,0.995,28.05
0.286077241512509,0.015,10.425
0.993536215423251,0.99,48.43
0.544032337999064,0.005,17.645
0.988983027406071,0.995,17.445
0.37322130755965,0.005,15.225
0.948915335382124,0.98,5.125
0.355541327119391,0.005,14.875
0.977591551829293,1,15.055
0.98923666405866,1,14.7
0.951665698668492,0.995,16.38
0.989560865284173,0.995,20.3
0.574836275850772,0.005,18.49
0.978947452118718,0.99,14.39
0.461134127528514,0,14.68
0.461061447540712,0.005,14.27
0.97309448563361,0.995,21.06
0.387520159045479,0.005,8.44
0.369453704847558,0,4.94
0.97523877838651,0.99,12.785
0.970638868062034,0.985,67.85
0.478364651138014,0.015,37.265
0.98174821341227,1,18.07
0.988446290801247,0.99,18.6
0.918963695951123,0.995,15.015
0.984218942073529,0.995,14
0.918118884069987,0.995,20.48
0.98701946694063,0.995,14.54
0.454058490566382,0.01,19.365
0.567467760071124,0.005,9.445
0.981993437756883,0.995,6.54
0.457862413056653,0,18.965
0.982023787230398,0.995,27.96
0.554068202695509,0.01,34.17
0.971948174738282,0.99,30.37
0.455385249908983,0.01,47.54
0.478183463741255,0.02,24.975
0.442849102181414,0.005,3.665
0.521305231326736,0.005,21.5
0.956339084329884,0.995,67.5
0.280179664287047,0,50.295
0.332977696715977,0.005,32.89
0.992146703846125,0.995,30.98
0.618679674004868,0.005,51.565
0.927700059805951,1,26.99
0.981910736602395,1,36.475
0.882090638221121,1,27.06
0.203337467110785,0,27.62
0.357056526830433,0.015,53.24
0.15686368830614,0,33.275
0.254571204184801,0,41.105
0.911669430671924,1,31.89
0.247525267881125,0.03,48.045
0.971412351866837,0.99,29.64
0.282116343834613,0,20.155
0.28837453828232,0.005,31.88
0.279188113386612,0,25.02
0.954717574144344,1,9.56
0.372374939137914,0,15.5
0.446593757026612,0.005,13.62
0.880334003936706,0.995,9.135
0.977186988135331,1,8.78
0.980811746685599,1,8.675
0.358252725960798,0.005,9.87
0.306182561333553,0,11.92
0.972570059980623,1,14.265
0.955227408510133,1,11.78
0.19405596560993,0,8.055
0.560627252836432,0,15.51
0.392740778493711,0,16.77
0.364045893310154,0.005,17.19
0.570434438213551,0.005,15.04
0.25323766385842,0,12.465
0.350808359374606,0,9.825
0.964943554098593,0.985,13.5
0.949603288238425,0.97,15.995
0.945250724925314,0.99,24.16
0.986039646639049,0.99,84.16
0.428770274059079,0,17.105
0.966514570899065,0.99,25.245
0.436222469231343,0.005,36.025
0.412407437502702,0,17.595
0.241707965674957,0.005,18.695
0.984961858770685,0.995,10.465
0.986653628459142,0.995,37.215
0.410460777475598,0.01,55.21
0.288127027984492,0.01,74.04
0.277608056055117,0,55.735
0.283143581930735,0,51.595
0.98137988135059,1,31.64
0.958906787089584,0.99,41.155
0.369938171655965,0,55.13
0.325438447626703,0,27.615
0.974190008323431,0.99,27.755
0.23359908477302,0.01,70.82
0.983167710728944,0.995,40.155
0.446839350665786,0,30.405
0.256480411797484,0,48.55
0.975674173395518,0.995,33.865
0.54809314497445,0,30.025
0.404540202999684,0,20.015
0.285765468128118,0,19.255
0.535554905867903,0.01,11.4
0.277827895814082,0,33.425
0.292187089237821,0,23.855
0.235416562192427,0,33.135
0.362888383820782,0,23.26
0.14859659388443,0,25.68
0.915754209443271,1,17.43
0.293899811621382,0,22.415
0.367951541260158,0,10.7
0.408335800473468,0.005,8.525
0.431396080023033,0,14.375
0.979665802827937,1,9.37
0.32038610453048,0,15.065
0.374770503507074,0.005,10.085
0.332525341401115,0.01,12.29
0.972837221368263,1,16.8
0.400058624535606,0,14.35
0.319232651087354,0.005,15.63
0.368161890814967,0.005,17.385
0.96400995005679,0.995,18.355
0.248458394942787,0,20.545
0.965141803457732,1,17.38
0.391243098679603,0,16.205
0.385475112077577,0,12.395
0.546527639947102,0,5.97
0.672776899478013,0.01,10.36
0.957087433051361,1,9.87
0.218242440409995,0,10.13
0.973787990602021,1,16.13
0.599785190905541,0.01,28.81
0.571904925543743,0.01,31.04
0.484819342812834,0.025,20.025
0.503939529238904,0.01,37.965
0.992846936812813,0.99,44.575
0.538355227119442,0.005,16.035
0.985833355771421,0.99,14.345
0.963799227238214,1,6.855
0.633913516038254,0.015,12.085
0.630802120162391,0.01,18.465
0.492814828969641,0.005,33.63
0.431049666686875,0,57.85
0.340793781880435,0,32.785
0.408607488959947,0,53.17
0.338024366802003,0,47.58
0.145146390079114,0,52.13
0.39338507662771,0,31.105
0.977003879805982,0.995,51.97
0.976567089077498,0.995,61.045
0.247424336225014,0,60.28
0.333337867404668,0.005,48.865
0.259419831394749,0,42.515
0.275609055747124,0,27.945
0.519786730834862,0,34.09
0.300224393994824,0,37.64
0.274941716742788,0.005,52.95
0.337421066735306,0,29.98
0.235867142806225,0.01,33.535
0.289434273924764,0.005,23.78
0.923920763281782,1,17.27
0.342638080948501,0,12.275
0.286841916010032,0,24.74
0.967076188820264,0.995,28.985
0.963016983829792,1,14.795
0.961780214964032,0.97,11.84
0.96208933415132,0.99,11.185
0.36425308433372,0.005,12.195
0.32894024188108,0.01,12.455
0.980305184519888,1,12.065
0.976826348174647,1,18.23
0.373750573961011,0,13.965
0.97368877871526,1,10.735
0.962815500115086,1,11.165
0.258402743294939,0,14.11
0.983021567436259,1,10.515
0.348264683128071,0.005,12.055
0.453572570969495,0.015,7.18
0.280751769798775,0,12.695
0.992532466874028,1,14.54
0.914510656243871,0.99,19.005
0.989239563028161,0.99,30.565
0.456819930801137,0,47.385
0.482943485971851,0,24.575
0.975734766245809,0.99,71.225
0.412026996443759,0,62.265
0.288335746280187,0.005,61.94
0.472035099484208,0,54.325
0.972595637202618,0.995,59.07
0.981032201778247,0.98,34.23
0.296237381507583,0,45.875
0.276495304331081,0,32.245
0.97865251608322,1,37.44
0.503334682827536,0,32.475
0.448783368361629,0,34.785
0.429314243456071,0.005,35.09
0.231127400471467,0,31.84
0.977425279576779,0.995,67.35
0.347096449940038,0,52.275
0.986487702152903,1,31.075
0.276318102507067,0,29.835
0.988865790241057,0.995,41.305
0.926236395408935,0.995,14.58
0.4009255988547,0,15.075
0.422042609667169,0,13.48
0.27369392965641,0,32.715
0.287733759016933,0,18.3
0.959346654821114,0.995,18.72
0.955645264930095,0.995,20.925
0.374113662595405,0,16.325
0.942849707096685,1,11.765
0.344922473530906,0,16.285
0.206591956688198,0.01,11.46
0.968963025836784,1,9.545
0.96149700201355,1,13.54
0.360260027059135,0,15.845
0.227475746522305,0.005,18.44
0.334380043663859,0,10.555
0.976917186946816,1,15.73
0.487550961255168,0,18.98
0.960068620404019,1,19.185
0.972684149566094,1,19.64
0.195249294953632,0,16.405
0.980974421354051,1,13.425
0.270865652883387,0,11.99
0.281593151797829,0,10.795
0.22868105787222,0,16.425
0.979293236404766,0.985,11.07
0.451963891633371,0.025,19.75
0.955956840882178,0.99,22.73
0.972856487571174,0.98,45.91
0.474205050878805,0,35.71
0.404619284883818,0,19.945
0.981780466417951,0.995,1.345
0.923201263502065,0.975,15.165
0.992481841209309,0.995,36.76
0.315927735029575,0,56.78
0.282245728901907,0.005,52.45
0.252501967046822,0.005,25.03
0.972963030722641,1,42.865
0.312991827737756,0,30.35
0.486852228671873,0,29.11
0.334134895194525,0,22.3
0.986524050499698,0.99,34.035
0.968010233636026,0.99,43.955
0.973331526001024,0.995,56.92
0.972281219659276,0.995,18.735
0.298720562017978,0,18.055
0.40034341752001,0,14.34
0.427844138617342,0.005,22.205
0.303322420881963,0,19.17
0.293074446632114,0,21.12
0.906803793075747,0.99,14.575
0.893068999816075,0.995,11.82
0.255443423510667,0,21.43
0.952944436929695,0.995,19.975
0.404848725722893,0,14.285
0.295172186310688,0,15.645
0.400237174851726,0,16.88
0.501803654884567,0,19.455
0.427008745385368,0,19.93
0.98965121291129,1,7.705
0.979001081075004,1,10.755
0.40376778023307,0.005,14.11
0.953280787583402,0.99,10.295
0.621839051114919,0.01,6.375
0.975435547244255,0.99,9.27
0.973586079623461,0.995,12.36
0.991088287718331,0.995,35.51
0.39653525190714,0,33.73
0.441862673861823,0.005,14.675
0.376817417440405,0,14.04
0.686779164366211,0,3.355
0.98914916254527,0.995,19.265
0.987928882966496,1,18.15
0.973046988180759,0.985,18.74
0.416351567582372,0,18.98
0.988416983530654,0.995,12.025
0.983059818888021,1,15.01
0.933785428561885,1,15.535
0.606264645446006,0,20.64
0.992644358639637,0.995,14.92
0.558948563398699,0,17.125
0.987501258168767,1,15.595
0.575147452504749,0.005,19.225
0.394014908017034,0,12.395
0.517136707050514,0.005,18.45
0.912989795461692,1,12.085
0.55008749992136,0.01,23.385
0.982268231541207,1,12.48
0.446463866403024,0.025,18.765
0.991013011738505,0.98,15.11
